,num_window,roll_belt,pitch_forearm,yaw_belt,magnet_dumbbell_z,pitch_belt,magnet_dumbbell_z,roll_forearm,accel_dumbbell_y,roll_dumbbell,accel_dumbbell_y,accel_belt_x,accel_belt_y,accel_belt_z,labelA,labelB,labelC,labelD,labelE
2011-12-05 11:23:51.788,11.0,1.4133333333333333,-63.9,-94.40000000000002,-64.0,8.07,-64.0,28.333333333333332,46.666666666666664,13.011221319999999,46.666666666666664,-21.0,4.333333333333333,22.333333333333332,1,0,0,0,0
2011-12-05 11:23:52.038,12.0,1.48,-63.9,-94.4,-64.0,8.06,-64.0,28.05,48.0,13.40495791,48.0,-21.5,2.5,22.5,1,0,0,0,0
2011-12-05 11:23:52.288,12.0,1.4357142857142855,-63.82857142857143,-94.39999999999999,-67.57142857142857,8.138571428571428,-67.57142857142857,27.728571428571428,47.142857142857146,13.139879254285715,47.142857142857146,-21.285714285714285,3.0,22.142857142857142,1,0,0,0,0
2011-12-05 11:23:52.538,12.0,1.4857142857142858,-63.957142857142856,-94.39999999999999,-66.42857142857143,8.145714285714286,-66.42857142857143,27.099999999999998,47.42857142857143,13.22195321857143,47.42857142857143,-21.142857142857142,4.0,21.571428571428573,1,0,0,0,0
2011-12-05 11:23:52.788,12.0,1.58,-63.900000000000006,-94.37500000000001,-68.0,8.09,-68.0,26.924999999999997,47.5,13.2166296475,47.5,-21.0,3.25,21.0,1,0,0,0,0
2011-12-05 11:23:53.038,13.0,1.5116666666666667,-63.65,-94.39999999999999,-65.66666666666667,8.156666666666666,-65.66666666666667,26.849999999999998,46.666666666666664,12.978023649999999,46.666666666666664,-20.5,4.0,21.5,1,0,0,0,0
2011-12-05 11:23:53.288,13.0,1.412222222222222,-63.82222222222222,-94.32222222222221,-66.0,8.105555555555554,-66.0,26.5,47.55555555555556,13.21875017,47.55555555555556,-21.0,3.888888888888889,21.0,1,0,0,0,0
2011-12-05 11:23:53.538,13.0,1.3679999999999999,-63.83,-94.26000000000002,-66.1,7.909999999999999,-66.1,26.24,47.1,13.124911367000001,47.1,-20.3,3.0,21.0,1,0,0,0,0
2011-12-05 11:23:53.788,13.0,1.295,-63.8,-94.15,-70.5,7.63,-70.5,25.2,48.0,13.43042537,48.0,-19.0,3.5,22.0,1,0,0,0,0
2011-12-05 11:23:54.038,14.0,1.2525,-63.8,-94.125,-63.25,7.4525,-63.25,24.924999999999997,49.25,13.7289312875,49.25,-18.75,2.75,21.5,1,0,0,0,0
2011-12-05 11:23:54.288,14.0,1.2625,-63.7625,-94.1,-67.375,7.4025,-67.375,24.95,47.75,13.331830911250002,47.75,-19.625,3.625,21.5,1,0,0,0,0
2011-12-05 11:23:54.538,14.0,1.1985714285714286,-63.67142857142858,-94.10000000000001,-61.142857142857146,7.317142857142857,-61.142857142857146,24.785714285714285,47.142857142857146,13.175315662857143,47.142857142857146,-19.428571428571427,3.2857142857142856,21.142857142857142,1,0,0,0,0
2011-12-05 11:23:54.788,14.0,1.1775,-63.825,-94.1,-65.5,7.2575,-65.5,23.75,47.0,13.0742898575,47.0,-18.75,3.5,22.5,1,0,0,0,0
2011-12-05 11:23:55.038,15.0,1.0925,-63.400000000000006,-94.1,-62.5,7.3175,-62.5,23.525000000000002,46.5,12.949922220000001,46.5,-19.5,3.5,21.25,1,0,0,0,0
2011-12-05 11:23:55.288,15.0,1.076,-63.339999999999996,-94.08,-60.4,7.4079999999999995,-60.4,23.619999999999997,46.6,12.964695072000001,46.6,-19.8,3.6,21.8,1,0,0,0,0
2011-12-05 11:23:55.538,15.0,1.0541666666666665,-63.37499999999999,-94.07499999999999,-66.0,7.452500000000001,-66.0,23.550000000000008,45.666666666666664,12.719418388333333,45.666666666666664,-19.916666666666668,3.3333333333333335,22.333333333333332,1,0,0,0,0
2011-12-05 11:23:55.788,15.0,1.0333333333333334,-63.333333333333336,-94.09999999999998,-71.33333333333333,7.433333333333333,-71.33333333333333,23.46666666666667,46.333333333333336,12.88603807,46.333333333333336,-19.0,4.0,23.333333333333332,1,0,0,0,0
2011-12-05 11:23:56.038,16.0,1.0544444444444443,-63.477777777777774,-94.04444444444444,-65.11111111111111,7.4255555555555555,-65.11111111111111,22.722222222222225,45.666666666666664,12.702523023333333,45.666666666666664,-19.444444444444443,3.7777777777777777,24.555555555555557,1,0,0,0,0
2011-12-05 11:23:56.288,16.0,1.124285714285714,-63.42857142857142,-94.08571428571429,-66.0,7.394285714285715,-66.0,22.371428571428574,46.142857142857146,12.812537140000002,46.142857142857146,-20.285714285714285,3.2857142857142856,25.142857142857142,1,0,0,0,0
2011-12-05 11:23:56.538,16.0,1.215,-63.51666666666667,-94.06666666666666,-64.83333333333333,7.22,-64.83333333333333,22.066666666666666,46.166666666666664,12.842411616666665,46.166666666666664,-19.333333333333332,3.0,22.166666666666668,1,0,0,0,0
2011-12-05 11:23:56.788,16.0,1.1185714285714285,-63.67142857142857,-94.01428571428572,-66.14285714285714,7.220000000000001,-66.14285714285714,21.671428571428574,46.142857142857146,12.839465542857143,46.142857142857146,-19.142857142857142,3.5714285714285716,23.0,1,0,0,0,0
2011-12-05 11:23:57.038,17.0,1.3933333333333333,-63.73333333333333,-93.90000000000002,-73.0,7.659999999999999,-73.0,21.033333333333335,48.0,13.2272917,48.0,-19.0,4.0,24.666666666666668,1,0,0,0,0
2011-12-05 11:23:57.288,17.0,1.3949999999999998,-63.75,-93.9,-73.0,7.7,-73.0,20.8,48.0,13.2272917,48.0,-19.75,4.0,23.0,1,0,0,0,0
2011-12-05 11:23:57.538,17.0,1.4460000000000002,-63.620000000000005,-93.82000000000001,-73.0,7.348000000000001,-73.0,20.36,48.0,13.2272917,48.0,-19.0,4.0,20.8,1,0,0,0,0
2011-12-05 11:23:57.788,17.0,1.266,-63.56,-93.8,-73.0,7.086,-73.0,19.96,48.0,13.2272917,48.0,-17.8,4.6,21.0,1,0,0,0,0
2011-12-05 11:23:58.038,18.0,1.0016666666666667,-63.51666666666667,-93.8,-80.33333333333333,6.996666666666667,-80.33333333333333,19.683333333333334,37.5,27.39106127166667,37.5,-18.0,3.1666666666666665,24.0,1,0,0,0,0
2011-12-05 11:23:58.288,18.0,0.8975,-63.45,-93.8,-91.5,7.0825,-91.5,19.35,31.5,93.36863886249999,31.5,-18.25,3.75,27.75,1,0,0,0,0
2011-12-05 11:23:58.538,18.0,0.945,-63.525,-93.8,-69.0,7.1075,-69.0,19.25,44.0,79.771047425,44.0,-19.5,3.75,27.25,1,0,0,0,0
2011-12-05 11:23:58.788,18.0,0.97,-63.425000000000004,-93.8,-69.75,7.3175,-69.75,19.0,54.5,117.22948174999999,54.5,-20.25,4.0,28.25,1,0,0,0,0
2011-12-05 11:23:59.038,322.0,1.1,-63.45,-93.8,-56.0,7.3875,-56.0,18.85,58.75,120.41193085,58.75,-19.5,3.75,26.0,1,0,0,0,0
2011-12-05 11:23:59.288,322.0,1.455714285714286,-63.48571428571428,-93.79999999999998,-37.714285714285715,7.395714285714285,-37.714285714285715,18.542857142857144,48.857142857142854,133.62567228571427,48.857142857142854,-19.714285714285715,3.7142857142857144,24.857142857142858,1,0,0,0,0
2011-12-05 11:23:59.538,322.0,1.6749999999999998,-63.525000000000006,-93.82499999999999,-16.375,7.362500000000001,-16.375,18.175,36.125,124.70497527500001,36.125,-19.375,3.125,22.0,1,0,0,0,0
2011-12-05 11:23:59.788,322.0,1.3066666666666669,-63.54999999999999,-93.85000000000001,-37.666666666666664,7.191666666666666,-37.666666666666664,18.049999999999997,47.5,112.35652272666665,47.5,-18.833333333333332,2.5,24.166666666666668,1,0,0,0,0
2011-12-05 11:24:00.038,323.0,1.238,-63.67999999999999,-93.84,-38.4,6.522,-38.4,16.740000000000002,28.6,107.13296007599999,28.6,-18.0,3.8,24.6,1,0,0,0,0
2011-12-05 11:24:00.288,323.0,1.0299999999999998,-63.620000000000005,-93.8,-58.4,6.616,-58.4,16.220000000000002,24.2,103.94977796799999,24.2,-19.6,3.4,25.4,1,0,0,0,0
2011-12-05 11:24:00.538,323.0,1.0142857142857145,-63.60000000000001,-93.77142857142859,-52.142857142857146,6.481428571428571,-52.142857142857146,15.971428571428572,31.285714285714285,114.76533463571427,31.285714285714285,-18.428571428571427,3.4285714285714284,26.428571428571427,1,0,0,0,0
2011-12-05 11:24:00.788,323.0,1.02,-63.575,-93.75,-42.75,6.565,-42.75,15.975,25.5,116.958880925,25.5,-16.75,1.75,27.75,1,0,0,0,0
2011-12-05 11:24:01.038,324.0,1.107,-63.48,-93.82,-37.1,7.980000000000001,-37.1,15.250000000000004,8.2,29.453142068,8.2,-21.2,3.3,24.7,1,0,0,0,0
2011-12-05 11:24:01.288,324.0,1.15,-63.44,-93.9,-35.8,7.446000000000001,-35.8,15.24,12.2,68.707383854,12.2,-19.2,3.8,25.2,1,0,0,0,0
2011-12-05 11:24:01.538,324.0,1.2900000000000003,-63.32857142857143,-93.98571428571428,-37.0,7.2542857142857144,-37.0,14.871428571428572,10.0,59.91298250285713,10.0,-19.142857142857142,3.4285714285714284,26.571428571428573,1,0,0,0,0
2011-12-05 11:24:01.788,324.0,1.422,-63.56,-94.1,-32.4,7.462000000000001,-32.4,14.379999999999999,15.6,113.85420628000001,15.6,-20.2,3.8,25.4,1,0,0,0,0
2011-12-05 11:24:02.038,325.0,1.5924999999999998,-63.72500000000001,-93.94999999999999,-53.0,7.887500000000001,-53.0,14.55,24.5,124.04498054250001,24.5,-20.5,5.0,26.25,1,0,0,0,0
2011-12-05 11:24:02.288,325.0,1.6433333333333333,-63.849999999999994,-93.93333333333334,-53.5,7.9433333333333325,-53.5,14.316666666666665,31.0,114.48158933166665,31.0,-19.5,3.1666666666666665,24.333333333333332,1,0,0,0,0
2011-12-05 11:24:02.538,325.0,1.7970000000000002,-63.970000000000006,-94.05,-42.0,7.683,-42.0,13.99,42.0,137.12314518,42.0,-19.9,3.5,21.7,1,0,0,0,0
2011-12-05 11:24:02.788,325.0,1.8414285714285712,-64.0142857142857,-94.07142857142857,-27.142857142857142,7.54,-27.142857142857142,13.900000000000002,26.285714285714285,112.20485839142859,26.285714285714285,-20.0,3.857142857142857,21.142857142857142,1,0,0,0,0
2011-12-05 11:24:03.038,326.0,1.66,-64.3,-93.94999999999999,-19.75,7.0625,-19.75,13.275,26.5,89.8632844775,26.5,-18.5,4.0,22.5,1,0,0,0,0
2011-12-05 11:24:03.288,326.0,1.5471428571428572,-64.04285714285713,-93.91428571428571,-29.0,6.772857142857142,-29.0,13.371428571428572,26.857142857142858,96.69458391857142,26.857142857142858,-18.0,3.4285714285714284,22.285714285714285,1,0,0,0,0
2011-12-05 11:24:03.538,326.0,1.4525,-64.07499999999999,-93.75,-44.25,6.609999999999999,-44.25,12.7,42.0,116.6430384,42.0,-16.75,4.0,23.5,1,0,0,0,0
2011-12-05 11:24:03.788,326.0,1.38,-63.912499999999994,-93.875,-46.375,8.10625,-46.375,12.4375,16.125,76.75434336625,16.125,-19.25,4.125,21.25,1,0,0,0,0
2011-12-05 11:24:04.038,327.0,1.2149999999999999,-63.666666666666664,-94.08333333333333,-38.0,8.546666666666667,-38.0,13.25,18.333333333333332,74.35903425000001,18.333333333333332,-20.5,1.8333333333333333,20.5,1,0,0,0,0
2011-12-05 11:24:04.288,327.0,1.34,-63.70000000000001,-94.17692307692309,-38.92307692307692,6.971538461538462,-38.92307692307692,13.146153846153847,15.307692307692308,64.3187148946154,15.307692307692308,-17.846153846153847,2.769230769230769,23.615384615384617,1,0,0,0,0
2011-12-05 11:24:04.538,327.0,1.39,-63.666666666666664,-93.93333333333332,-52.0,7.261666666666667,-52.0,13.716666666666667,20.833333333333332,117.60031181833335,20.833333333333332,-20.333333333333332,5.0,23.833333333333332,1,0,0,0,0
2011-12-05 11:24:04.788,327.0,1.36,-63.7,-93.9,-67.0,7.6,-67.0,13.7,16.0,84.44875752,16.0,-15.0,3.0,22.0,1,0,0,0,0
2011-12-05 11:24:05.038,328.0,1.45,-63.76666666666667,-93.90000000000002,-57.333333333333336,7.91,-57.333333333333336,13.466666666666667,37.333333333333336,131.081916,37.333333333333336,-19.333333333333332,3.0,19.666666666666668,1,0,0,0,0
2011-12-05 11:24:05.288,328.0,1.4349999999999998,-63.725,-93.95833333333333,-34.25,7.66,-34.25,13.225,21.75,105.33119451083333,21.75,-19.25,4.0,19.583333333333332,1,0,0,0,0
2011-12-05 11:24:05.538,328.0,1.2225,-63.4625,-93.76249999999999,-43.875,7.0287500000000005,-43.875,13.5,24.875,93.84177715749999,24.875,-19.25,2.875,23.5,1,0,0,0,0
2011-12-05 11:24:05.788,328.0,1.2120000000000002,-63.3,-93.6,-51.2,6.723999999999999,-51.2,14.16,25.6,87.739829724,25.6,-16.8,2.0,22.8,1,0,0,0,0
2011-12-05 11:24:06.038,329.0,1.52,-63.2,-93.7,-53.0,7.32,-53.0,14.3,23.0,108.8488592,23.0,-18.0,4.0,21.0,1,0,0,0,0
2011-12-05 11:24:06.288,329.0,1.4929999999999999,-63.14000000000001,-93.80999999999999,-48.0,7.497,-48.0,14.2,12.0,53.592676592,12.0,-19.9,3.9,17.9,1,0,0,0,0
2011-12-05 11:24:06.538,329.0,1.3663636363636364,-63.04545454545455,-94.06363636363636,-36.36363636363637,6.818181818181818,-36.36363636363637,13.390909090909092,20.454545454545453,83.02036170454545,20.454545454545453,-18.545454545454547,3.909090909090909,21.181818181818183,1,0,0,0,0
2011-12-05 11:24:06.788,329.0,1.155,-62.949999999999996,-93.975,-47.5,6.7275,-47.5,14.674999999999999,0.5,7.555426795000001,0.5,-14.5,2.0,25.5,1,0,0,0,0
2011-12-05 11:24:07.038,330.0,1.2266666666666668,-61.199999999999996,-93.93333333333334,-58.333333333333336,7.943333333333334,-58.333333333333336,21.21111111111111,19.555555555555557,104.66999200555557,19.555555555555557,-19.88888888888889,2.888888888888889,23.333333333333332,1,0,0,0,0
2011-12-05 11:24:07.288,330.0,1.33,-48.4,-93.91250000000001,-54.5,8.5925,-54.5,44.875,35.875,134.4662433375,35.875,-21.375,4.125,20.5,1,0,0,0,0
2011-12-05 11:24:07.538,330.0,1.2600000000000002,-24.333333333333332,-93.85555555555555,-15.555555555555555,8.124444444444444,-15.555555555555555,57.65555555555555,23.0,98.93257055333333,23.0,-19.11111111111111,3.5555555555555554,21.22222222222222,1,0,0,0,0
2011-12-05 11:24:07.788,330.0,0.94,-10.16,-93.825,-20.0,7.6425,-20.0,47.199999999999996,19.0,77.8500142475,19.0,-19.0,3.5,24.0,1,0,0,0,0
2011-12-05 11:24:08.038,331.0,0.75,37.371428571428574,-93.6,-39.142857142857146,7.397142857142858,-39.142857142857146,28.400000000000002,16.0,61.190710020714285,16.0,-20.285714285714285,3.0,27.285714285714285,1,0,0,0,0
2011-12-05 11:24:08.288,331.0,0.9075,43.375,-93.4,-49.0,7.680000000000001,-49.0,-1.7425000000000002,-24.0,-122.9377710725,-24.0,-18.5,5.0,24.5,1,0,0,0,0
2011-12-05 11:24:08.538,331.0,1.0885714285714285,38.771428571428565,-93.5857142857143,-35.142857142857146,7.239999999999999,-35.142857142857146,3.2714285714285714,14.571428571428571,56.39884383857144,14.571428571428571,-21.857142857142858,3.5714285714285716,21.571428571428573,1,0,0,0,0
2011-12-05 11:24:08.788,331.0,1.21125,40.0,-93.67500000000001,-29.875,6.532500000000001,-29.875,7.945,14.5,60.091087653749995,14.5,-16.125,3.0,24.25,1,0,0,0,0
2011-12-05 11:24:09.038,332.0,1.61,25.03333333333333,-93.73333333333333,-45.333333333333336,6.239999999999999,-45.333333333333336,31.099999999999998,-2.0,-15.427211493333333,-2.0,-14.666666666666666,1.0,27.0,1,0,0,0,0
2011-12-05 11:24:09.288,332.0,1.768888888888889,13.541111111111112,-93.55555555555556,-58.22222222222222,7.286666666666666,-58.22222222222222,37.355555555555554,10.666666666666666,77.02383566333333,10.666666666666666,-21.77777777777778,5.444444444444445,23.555555555555557,1,0,0,0,0
2011-12-05 11:24:09.538,332.0,1.5771428571428576,-5.0200000000000005,-93.65714285714286,-62.0,7.624285714285714,-62.0,37.357142857142854,11.142857142857142,63.7182373,11.142857142857142,-21.428571428571427,3.857142857142857,21.0,1,0,0,0,0
2011-12-05 11:24:09.788,332.0,1.5025,0.5500000000000007,-93.675,-45.75,7.1025,-45.75,29.455,13.5,69.70396821,13.5,-20.75,5.0,19.75,1,0,0,0,0
2011-12-05 11:24:10.038,333.0,1.1933333333333334,-50.916666666666664,-93.53333333333335,-26.833333333333332,6.805000000000001,-26.833333333333332,35.583333333333336,21.166666666666668,93.98969594333333,21.166666666666668,-15.5,4.5,23.333333333333332,1,0,0,0,0
2011-12-05 11:24:10.288,333.0,0.895,-58.8,-93.5,-44.75,6.23875,-44.75,23.8375,15.25,62.417900652499995,15.25,-18.0,3.375,25.5,1,0,0,0,0
2011-12-05 11:24:10.538,333.0,0.8575,-44.975,-93.31666666666666,-54.583333333333336,6.302499999999999,-54.583333333333336,35.50833333333333,16.0,51.66976456749999,16.0,-17.916666666666668,3.5833333333333335,27.083333333333332,1,0,0,0,0
2011-12-05 11:24:10.788,333.0,1.2149999999999999,-12.495000000000001,-93.4,-37.0,7.390000000000001,-37.0,48.05,13.5,63.199651325000005,13.5,-19.5,2.5,22.0,1,0,0,0,0
2011-12-05 11:24:11.038,334.0,1.4366666666666665,16.85333333333333,-93.60000000000001,-39.333333333333336,7.263333333333333,-39.333333333333336,38.85,5.833333333333333,30.785356078333333,5.833333333333333,-17.166666666666668,3.5,24.333333333333332,1,0,0,0,0
2011-12-05 11:24:11.288,334.0,1.6019999999999999,31.756,-93.66,-38.6,7.116,-38.6,13.288,-0.4,-0.42049625760000015,-0.4,-18.8,3.6,23.8,1,0,0,0,0
2011-12-05 11:24:11.538,334.0,1.69,35.7,-93.66000000000001,-51.0,7.130000000000001,-51.0,-1.6,7.4,63.152508395999995,7.4,-19.2,2.8,24.0,1,0,0,0,0
2011-12-05 11:24:11.788,334.0,1.684,30.540000000000003,-93.66,-68.0,7.928,-68.0,12.462,8.8,52.22966751,8.8,-21.8,5.4,23.4,1,0,0,0,0
2011-12-05 11:24:12.038,335.0,1.4625000000000001,10.195,-93.8,-56.25,7.495,-56.25,35.8,16.5,122.804956025,16.5,-17.0,1.5,21.5,1,0,0,0,0
2011-12-05 11:24:12.288,335.0,1.231,-17.622999999999998,-93.65,-40.3,7.411000000000001,-40.3,45.739999999999995,15.6,80.510425278,15.6,-18.4,3.8,23.3,1,0,0,0,0
2011-12-05 11:24:12.538,335.0,1.1671428571428575,-34.41428571428572,-93.70000000000002,-58.142857142857146,7.615714285714286,-58.142857142857146,42.728571428571435,15.428571428571429,92.66754821714287,15.428571428571429,-18.857142857142858,2.142857142857143,24.571428571428573,1,0,0,0,0
2011-12-05 11:24:12.788,335.0,1.1199999999999999,-52.67999999999999,-93.67999999999999,-62.4,6.9399999999999995,-62.4,39.67999999999999,11.6,61.501742716,11.6,-20.6,3.0,27.2,1,0,0,0,0
2011-12-05 11:24:13.038,336.0,1.1333333333333333,-25.5,-93.5,-73.33333333333333,7.173333333333333,-73.33333333333333,49.6,20.333333333333332,111.93624723333333,20.333333333333332,-19.0,3.3333333333333335,25.0,1,0,0,0,0
2011-12-05 11:24:13.288,336.0,1.19,-3.168333333333333,-93.64999999999999,-69.5,7.340000000000001,-69.5,44.73333333333333,13.666666666666666,67.36173075666666,13.666666666666666,-20.166666666666668,3.1666666666666665,22.0,1,0,0,0,0
2011-12-05 11:24:13.538,336.0,1.4055555555555554,27.4,-93.76666666666665,-63.333333333333336,6.818888888888889,-63.333333333333336,17.51,21.0,87.86372832,21.0,-18.333333333333332,3.888888888888889,24.666666666666668,1,0,0,0,0
2011-12-05 11:24:13.788,336.0,1.3,40.0,-93.8,-65.0,6.66,-65.0,-8.65,10.0,95.53166181,10.0,-18.0,2.0,25.0,1,0,0,0,0
2011-12-05 11:24:14.038,337.0,1.3499999999999999,36.50000000000001,-93.63333333333333,-76.66666666666667,7.456666666666667,-76.66666666666667,7.376666666666668,12.333333333333334,125.65168999999999,12.333333333333334,-23.0,6.333333333333333,26.333333333333332,1,0,0,0,0
2011-12-05 11:24:14.288,337.0,1.3641666666666667,17.163333333333334,-93.75833333333333,-83.41666666666667,7.888333333333333,-83.41666666666667,36.083333333333336,11.75,72.91690446516667,11.75,-19.25,2.75,24.25,1,0,0,0,0
2011-12-05 11:24:14.538,337.0,1.3824999999999998,-7.800000000000001,-93.75,-52.25,7.565,-52.25,44.3225,14.25,97.96037477499999,14.25,-17.5,2.25,23.75,1,0,0,0,0
2011-12-05 11:24:14.788,337.0,1.207142857142857,-48.94285714285714,-93.70000000000002,-48.285714285714285,8.061428571428571,-48.285714285714285,60.542857142857144,10.857142857142858,82.48353171285714,10.857142857142858,-19.0,4.0,23.428571428571427,1,0,0,0,0
2011-12-05 11:24:15.038,338.0,0.9749999999999999,-48.474999999999994,-93.7,-55.0,7.952500000000001,-55.0,58.77499999999999,9.25,68.0931131225,9.25,-20.0,5.0,26.25,1,0,0,0,0
2011-12-05 11:24:15.288,338.0,0.865,-16.91,-93.5375,-54.5,7.828749999999999,-54.5,52.9375,10.375,61.00476983875,10.375,-20.25,2.5,28.125,1,0,0,0,0
2011-12-05 11:24:15.538,338.0,1.2763636363636364,32.32727272727272,-93.60909090909091,-46.90909090909091,7.4809090909090905,-46.90909090909091,28.40363636363637,-3.1818181818181817,-20.223854657272728,-3.1818181818181817,-18.636363636363637,3.5454545454545454,25.363636363636363,1,0,0,0,0
2011-12-05 11:24:15.788,338.0,1.3466666666666667,50.333333333333336,-93.7,-45.333333333333336,7.2,-45.333333333333336,-5.883333333333333,1.0,7.538446216666667,1.0,-18.0,2.6666666666666665,23.666666666666668,1,0,0,0,0
2011-12-05 11:24:16.038,339.0,1.725,45.975,-93.7,-56.0,6.8625,-56.0,-12.6075,13.5,14.771032064999993,13.5,-20.0,4.5,24.5,1,0,0,0,0
2011-12-05 11:24:16.288,339.0,1.6775,42.974999999999994,-93.7,-59.25,6.927499999999999,-59.25,12.299999999999999,-2.5,-9.217664497500003,-2.5,-18.75,1.75,29.0,1,0,0,0,0
2011-12-05 11:24:16.538,339.0,1.6166666666666665,18.915000000000003,-93.61666666666667,-68.5,7.56,-68.5,35.449999999999996,8.833333333333334,66.03772260833334,8.833333333333334,-20.166666666666668,3.3333333333333335,23.833333333333332,1,0,0,0,0
2011-12-05 11:24:16.788,339.0,1.62,-13.5,-93.6,-59.0,7.47,-59.0,61.5,12.0,116.8994888,12.0,-17.0,1.0,23.0,1,0,0,0,0
2011-12-05 11:24:17.038,862.0,1.48625,-46.55,-93.4625,-49.875,7.391249999999999,-49.875,60.9,12.5,78.53617308187499,12.5,-19.75,5.25,22.0,1,0,0,0,0
2011-12-05 11:24:17.288,862.0,0.9557142857142856,-37.74285714285714,-93.55714285714286,-54.857142857142854,7.589999999999999,-54.857142857142854,61.57142857142857,19.571428571428573,75.07052354714287,19.571428571428573,-20.0,2.4285714285714284,24.857142857142858,1,0,0,0,0
2011-12-05 11:24:17.538,862.0,0.8822222222222221,-2.851111111111111,-93.47777777777777,-45.22222222222222,7.969999999999999,-45.22222222222222,56.65555555555556,15.11111111111111,69.5207151701111,15.11111111111111,-20.444444444444443,2.2222222222222223,28.0,1,0,0,0,0
2011-12-05 11:24:17.788,862.0,1.07,35.97142857142857,-93.48571428571428,-38.0,7.975714285714284,-38.0,39.18571428571429,3.857142857142857,27.648805935714286,3.857142857142857,-18.428571428571427,4.0,25.0,1,0,0,0,0
2011-12-05 11:24:18.038,340.0,1.4475000000000002,49.625,-93.57499999999999,-40.0,7.205,-40.0,-24.525,3.5,24.9468671725,3.5,-18.75,2.25,23.5,1,0,0,0,0
2011-12-05 11:24:18.288,340.0,1.532,50.739999999999995,-93.5,-36.8,7.556,-36.8,-10.219999999999999,9.2,55.888039734799996,9.2,-18.2,4.0,24.4,1,0,0,0,0
2011-12-05 11:24:18.538,340.0,1.7879999999999998,35.089999999999996,-93.52,-54.5,7.793000000000001,-54.5,38.685,5.3,52.85848230700001,5.3,-20.4,4.8,24.8,1,0,0,0,0
2011-12-05 11:24:18.788,340.0,1.7983333333333331,4.833333333333333,-93.46666666666665,-71.66666666666667,7.998333333333334,-71.66666666666667,59.095,11.5,57.536295636666665,11.5,-21.0,2.3333333333333335,22.833333333333332,1,0,0,0,0
2011-12-05 11:24:19.038,341.0,1.6079999999999999,-38.17999999999999,-93.4,-67.0,7.978,-67.0,74.32000000000001,21.2,97.94147784,21.2,-20.2,3.6,20.2,1,0,0,0,0
2011-12-05 11:24:19.288,341.0,1.3714285714285714,-49.98571428571429,-93.35714285714286,-37.857142857142854,7.847142857142857,-37.857142857142854,72.82857142857142,16.857142857142858,113.59377084285715,16.857142857142858,-22.0,3.2857142857142856,21.0,1,0,0,0,0
2011-12-05 11:24:19.538,341.0,1.1077777777777778,-39.17777777777778,-93.23333333333335,-37.333333333333336,7.603333333333334,-37.333333333333336,73.13333333333333,18.88888888888889,80.99161109666666,18.88888888888889,-18.0,4.111111111111111,24.333333333333332,1,0,0,0,0
2011-12-05 11:24:19.788,341.0,0.8825000000000001,-6.87,-93.275,-48.25,7.375,-48.25,67.42500000000001,17.25,90.91665975,17.25,-18.25,3.25,26.75,1,0,0,0,0
2011-12-05 11:24:20.038,342.0,0.8122222222222222,47.82222222222222,-93.13333333333334,-46.55555555555556,7.7811111111111115,-46.55555555555556,31.566666666666663,12.777777777777779,51.592890047888886,12.777777777777779,-21.444444444444443,2.2222222222222223,29.555555555555557,1,0,0,0,0
2011-12-05 11:24:20.288,342.0,1.2075,58.75,-93.14999999999999,-29.5,8.0525,-29.5,-20.195,8.75,72.623873005,8.75,-20.5,5.5,23.75,1,0,0,0,0
2011-12-05 11:24:20.538,342.0,1.5066666666666668,56.488888888888894,-93.3,-27.77777777777778,7.833333333333332,-27.77777777777778,-24.542222222222218,9.666666666666666,40.81932081555556,9.666666666666666,-20.22222222222222,3.0,21.88888888888889,1,0,0,0,0
2011-12-05 11:24:20.788,342.0,1.7244444444444444,51.13333333333333,-93.23333333333333,-37.44444444444444,7.204444444444444,-37.44444444444444,42.711111111111116,12.11111111111111,65.54408097888889,12.11111111111111,-18.22222222222222,3.4444444444444446,22.77777777777778,1,0,0,0,0
2011-12-05 11:24:21.038,343.0,1.723,-0.08699999999999956,-93.22,-46.1,8.049,-46.1,77.04,8.0,90.77108585700002,8.0,-22.8,4.3,23.0,1,0,0,0,0
2011-12-05 11:24:21.288,343.0,1.55125,-32.525,-93.2,-51.0,8.203750000000001,-51.0,85.23750000000001,29.125,115.47032554124999,29.125,-19.625,4.0,22.125,1,0,0,0,0
2011-12-05 11:24:21.538,343.0,1.5133333333333334,-43.53333333333333,-93.23333333333333,-40.333333333333336,7.94,-40.333333333333336,86.60000000000001,22.0,134.99557966666669,22.0,-20.0,1.6666666666666667,21.666666666666668,1,0,0,0,0
2011-12-05 11:24:21.788,343.0,1.3583333333333334,-23.886666666666667,-93.03333333333332,-22.666666666666668,6.920000000000001,-22.666666666666668,83.16666666666667,16.833333333333332,73.390228335,16.833333333333332,-19.166666666666668,7.5,20.333333333333332,1,0,0,0,0
2011-12-05 11:24:22.038,344.0,0.89375,32.1075,-92.73750000000001,-34.0,6.82,-34.0,63.6875,8.25,31.252820069749998,8.25,-17.75,3.125,27.0,1,0,0,0,0
2011-12-05 11:24:22.288,344.0,0.58,69.56666666666666,-92.90000000000002,-32.333333333333336,7.246666666666667,-32.333333333333336,5.2,7.0,45.38840689,7.0,-20.0,3.6666666666666665,29.666666666666668,1,0,0,0,0
2011-12-05 11:24:22.538,344.0,0.9020000000000001,55.4,-93.02000000000001,-23.9,7.418000000000001,-23.9,-41.83,3.8,13.787350880400002,3.8,-20.4,3.0,26.5,1,0,0,0,0
2011-12-05 11:24:22.788,344.0,1.185,70.0,-93.1,-16.25,7.2075000000000005,-16.25,11.7175,5.75,28.958394820250003,5.75,-20.25,4.75,25.75,1,0,0,0,0
2011-12-05 11:24:23.038,345.0,1.18,25.416666666666668,-93.14999999999999,-20.333333333333332,7.326666666666665,-20.333333333333332,76.2,6.666666666666667,35.141861535,6.666666666666667,-21.0,4.0,26.333333333333332,1,0,0,0,0
2011-12-05 11:24:23.288,345.0,1.1390909090909092,-9.861818181818181,-93.10909090909091,-26.363636363636363,7.542727272727274,-26.363636363636363,89.12727272727273,5.181818181818182,29.302315594818186,5.181818181818182,-20.545454545454547,3.4545454545454546,26.0,1,0,0,0,0
2011-12-05 11:24:23.538,345.0,1.1,-29.55,-93.1,-27.5,7.665,-27.5,94.8,5.0,30.165645830000003,5.0,-19.5,3.0,27.5,1,0,0,0,0
2011-12-05 11:24:23.788,345.0,1.093,-21.359999999999996,-93.1,-24.4,7.586999999999999,-24.4,91.56,4.8,28.764955186,4.8,-20.3,3.6,27.9,1,0,0,0,0
2011-12-05 11:24:24.038,346.0,1.14,6.695,-93.1,-29.0,7.76,-29.0,85.19999999999999,5.0,33.4854531,5.0,-21.25,3.5,28.75,1,0,0,0,0
2011-12-05 11:24:24.288,346.0,1.2014285714285715,47.885714285714286,-93.01428571428572,-26.0,7.861428571428571,-26.0,68.88571428571429,4.0,27.189314891428573,4.0,-20.714285714285715,3.7142857142857144,28.0,1,0,0,0,0
2011-12-05 11:24:24.538,346.0,1.337142857142857,77.39999999999999,-93.0,-28.714285714285715,7.757142857142857,-28.714285714285715,-33.05,3.2857142857142856,21.820404899142858,3.2857142857142856,-19.857142857142858,4.285714285714286,27.428571428571427,1,0,0,0,0
2011-12-05 11:24:24.788,324.5,1.3137500000000002,66.38875,-92.85000000000001,-25.375,7.55625,-25.375,21.4625,3.375,21.091684785375,3.375,-19.625,3.5,26.875,1,1,0,0,0
2011-12-05 11:24:25.038,347.0,1.4049999999999998,32.325,-92.5,-26.0,7.340000000000001,-26.0,84.25,1.0,6.605294553,1.0,-18.75,2.5,26.25,0,1,0,0,0
2011-12-05 11:24:25.288,347.0,1.46,21.576,-92.46,-22.6,7.216000000000001,-22.6,87.10000000000001,-3.0,-15.150899337400002,-3.0,-19.6,3.8,23.2,0,1,0,0,0
2011-12-05 11:24:25.538,347.0,1.4416666666666664,-11.956666666666669,-92.41666666666667,-31.166666666666668,5.971666666666667,-31.166666666666668,97.73333333333335,10.333333333333334,50.03090626666667,10.333333333333334,-18.5,4.0,22.166666666666668,0,1,0,0,0
2011-12-05 11:24:25.788,347.0,1.1614285714285713,-21.585714285714285,-92.42857142857142,-63.57142857142857,4.8914285714285715,-63.57142857142857,101.81428571428572,60.857142857142854,116.6984750142857,60.857142857142854,-16.571428571428573,4.142857142857143,30.571428571428573,0,1,0,0,0
2011-12-05 11:24:26.038,348.0,0.9575,-13.647499999999999,-92.37500000000001,-61.25,4.7425,-61.25,98.95,88.25,129.75409762499999,88.25,-18.75,2.0,29.0,0,1,0,0,0
2011-12-05 11:24:26.288,348.0,1.2550000000000001,19.335,-92.38,-49.5,5.285,-49.5,94.66999999999999,100.9,120.38899455,100.9,-17.3,4.3,27.2,0,1,0,0,0
2011-12-05 11:24:26.538,348.0,1.608,75.82,-92.46000000000001,-29.0,6.425999999999999,-29.0,70.18,128.4,93.645893142,128.4,-19.6,4.2,24.4,0,1,0,0,0
2011-12-05 11:24:26.788,348.0,1.665,78.65,-92.55,-36.0,6.61,-36.0,-81.44999999999999,104.5,93.744356345,104.5,-18.5,3.0,23.5,0,1,0,0,0
2011-12-05 11:24:27.038,349.0,1.2566666666666666,80.2,-92.5,-60.333333333333336,6.099999999999999,-60.333333333333336,-76.99999999999999,86.0,130.08007033333334,86.0,-14.0,3.6666666666666665,26.666666666666668,0,1,0,0,0
2011-12-05 11:24:27.288,349.0,1.1075,58.49999999999999,-92.475,-60.5,7.109999999999999,-60.5,41.825,57.75,123.51486382500002,57.75,-16.25,3.25,28.75,0,1,0,0,0
2011-12-05 11:24:27.538,349.0,1.231111111111111,24.519999999999996,-92.57777777777777,-43.888888888888886,7.785555555555557,-43.888888888888886,75.52222222222223,9.777777777777779,9.182817402222225,9.777777777777779,-19.444444444444443,3.888888888888889,25.666666666666668,0,1,0,0,0
2011-12-05 11:24:27.788,349.0,1.4849999999999999,2.2460000000000018,-92.68000000000002,-24.0,6.822,-24.0,67.4,7.7,-42.382742002,7.7,-18.8,3.0,24.0,0,1,0,0,0
2011-12-05 11:24:28.038,350.0,1.384,-32.7,-92.7,-41.2,5.43,-41.2,113.4,41.2,71.77001822,41.2,-16.6,2.6,29.0,0,1,0,0,0
2011-12-05 11:24:28.288,350.0,1.3471428571428572,-8.325714285714287,-92.65714285714287,-55.42857142857143,5.814285714285715,-55.42857142857143,105.28571428571429,77.71428571428571,132.14259005714285,77.71428571428571,-15.571428571428571,4.0,30.428571428571427,0,1,0,0,0
2011-12-05 11:24:28.538,350.0,1.5,34.0,-92.7,-49.75,5.9174999999999995,-49.75,96.375,112.75,114.437815475,112.75,-14.75,1.5,24.5,0,1,0,0,0
2011-12-05 11:24:28.788,350.0,1.832,77.0,-92.6,-29.2,6.514,-29.2,123.6,139.2,90.359184048,139.2,-19.0,3.6,23.6,0,1,0,0,0
2011-12-05 11:24:29.038,351.0,1.7866666666666668,63.73333333333333,-92.63333333333333,-18.333333333333332,6.523333333333333,-18.333333333333332,-95.96666666666668,132.66666666666666,100.45212374666669,132.66666666666666,-18.0,3.6666666666666665,19.0,0,1,0,0,0
2011-12-05 11:24:29.288,351.0,1.3091666666666666,74.83333333333333,-92.68333333333335,-16.0,6.413333333333334,-16.0,-51.40000000000001,105.75,130.530883525,105.75,-16.25,3.0833333333333335,24.916666666666668,0,1,0,0,0
2011-12-05 11:24:29.538,351.0,1.1566666666666665,50.099999999999994,-92.63333333333333,-78.0,6.741666666666667,-78.0,95.53333333333335,18.833333333333332,74.69889280999999,18.833333333333332,-17.166666666666668,3.6666666666666665,30.333333333333332,0,1,0,0,0
2011-12-05 11:24:29.788,351.0,1.38,14.4,-92.7,-68.0,6.57,-68.0,108.0,-1.0,-11.65110628,-1.0,-15.0,3.0,23.0,0,1,0,0,0
2011-12-05 11:24:30.038,861.0,1.47,-12.01,-92.76666666666667,-28.0,6.169999999999999,-28.0,115.33333333333333,-47.333333333333336,-130.27656263333336,-47.333333333333336,-15.666666666666666,3.0,20.666666666666668,0,1,0,0,0
2011-12-05 11:24:30.288,861.0,1.4490909090909092,-23.49090909090909,-92.73636363636365,-32.36363636363637,5.89,-32.36363636363637,118.9090909090909,-4.818181818181818,-43.157791198181826,-4.818181818181818,-15.454545454545455,3.8181818181818183,22.454545454545453,0,1,0,0,0
2011-12-05 11:24:30.538,861.0,1.29,-24.5,-92.72,-44.4,6.281999999999999,-44.4,118.2,94.2,130.33553566,94.2,-18.4,3.2,28.6,0,1,0,0,0
2011-12-05 11:24:30.788,861.0,1.4000000000000001,-24.400000000000002,-92.73333333333333,-47.5,6.4316666666666675,-47.5,117.66666666666667,128.83333333333334,117.32908431666665,128.83333333333334,-16.166666666666668,3.6666666666666665,22.666666666666668,0,1,0,0,0
2011-12-05 11:24:31.038,352.0,1.678333333333333,-25.116666666666664,-92.69999999999999,-23.333333333333332,6.858333333333333,-23.333333333333332,117.0,134.66666666666666,72.71147779333334,134.66666666666666,-18.0,5.0,22.666666666666668,0,1,0,0,0
2011-12-05 11:24:31.288,352.0,1.5583333333333336,-25.966666666666665,-92.75833333333333,-10.25,6.9725,-10.25,117.0,144.33333333333334,103.87506332416666,144.33333333333334,-17.833333333333332,3.4166666666666665,19.916666666666668,0,1,0,0,0
2011-12-05 11:24:31.538,352.0,1.11,-26.03333333333333,-92.83333333333333,-9.0,6.786666666666666,-9.0,116.0,113.33333333333333,125.44478586666668,113.33333333333333,-15.0,3.0,23.333333333333332,0,1,0,0,0
2011-12-05 11:24:31.788,352.0,1.03,-26.0,-92.8,-8.0,6.82,-8.0,116.0,107.0,124.288568,107.0,-17.0,4.0,24.0,0,1,0,0,0
2011-12-05 11:24:32.038,353.0,0.9825,-26.075000000000003,-92.8,-53.75,7.0575,-53.75,115.75,13.0,93.4720907525,13.0,-17.25,2.75,27.5,0,1,0,0,0
2011-12-05 11:24:32.288,353.0,1.1720000000000002,-25.259999999999998,-92.79999999999998,-16.4,6.692,-16.4,115.2,-6.0,-46.194380181999996,-6.0,-17.6,3.2,22.5,0,1,0,0,0
2011-12-05 11:24:32.538,353.0,1.2650000000000001,-25.025,-92.8,-10.25,5.85,-10.25,114.0,-9.0,-65.7906516125,-9.0,-14.5,3.5,21.0,0,1,0,0,0
2011-12-05 11:24:32.788,353.0,1.086,-23.6,-92.8,-29.8,5.724,-29.8,113.6,25.6,86.861566792,25.6,-15.4,4.4,25.0,0,1,0,0,0
2011-12-05 11:24:33.038,860.0,0.8433333333333333,10.5,-92.76666666666667,-24.666666666666668,5.953333333333333,-24.666666666666668,104.66666666666667,79.66666666666667,124.23041183333333,79.66666666666667,-17.333333333333332,3.6666666666666665,27.0,0,1,0,0,0
2011-12-05 11:24:33.288,860.0,1.0371428571428571,49.814285714285724,-92.79999999999998,-28.714285714285715,6.025714285714286,-28.714285714285715,81.14285714285714,119.57142857142857,109.14421485714286,119.57142857142857,-16.428571428571427,4.142857142857143,26.285714285714285,0,1,0,0,0
2011-12-05 11:24:33.538,860.0,1.2966666666666669,61.116666666666674,-92.7,-17.0,6.8933333333333335,-17.0,-112.5,146.5,96.73821512166667,146.5,-18.0,4.166666666666667,26.5,0,1,0,0,0
2011-12-05 11:24:33.788,860.0,1.2755555555555556,22.427777777777777,-92.72222222222223,-11.88888888888889,7.212222222222222,-11.88888888888889,-63.111111111111114,108.0,94.24056733444445,108.0,-19.333333333333332,3.3333333333333335,23.333333333333332,0,1,0,0,0
2011-12-05 11:24:34.038,354.0,1.1616666666666666,51.6,-92.7,-7.0,6.833333333333333,-7.0,-112.0,100.16666666666667,131.75429815333334,100.16666666666667,-17.0,4.166666666666667,26.0,0,1,0,0,0
2011-12-05 11:24:34.288,354.0,1.0600000000000003,68.27777777777777,-92.61111111111111,-30.444444444444443,7.03,-30.444444444444443,61.55555555555556,24.77777777777778,67.55262238555555,24.77777777777778,-18.77777777777778,3.7777777777777777,27.22222222222222,0,1,0,0,0
2011-12-05 11:24:34.538,354.0,1.3088888888888888,12.727777777777778,-92.65555555555557,-22.444444444444443,6.926666666666667,-22.444444444444443,114.11111111111111,-22.0,-121.15481508333333,-22.0,-16.77777777777778,3.888888888888889,26.444444444444443,0,1,0,0,0
2011-12-05 11:24:34.788,354.0,1.642,-20.22,-92.7,-1.8,7.05,-1.8,128.0,-36.8,-135.01104646,-36.8,-20.2,3.8,20.6,0,1,0,0,0
2011-12-05 11:24:35.038,355.0,1.7260000000000002,6.086,-92.78,-13.6,6.040000000000001,-13.6,121.6,-19.8,-102.79060175000002,-19.8,-15.4,3.8,22.0,0,1,0,0,0
2011-12-05 11:24:35.288,355.0,1.6622222222222223,47.65555555555556,-92.72222222222223,-26.444444444444443,6.237777777777778,-26.444444444444443,12.444444444444445,59.0,95.42804112222223,59.0,-17.0,3.6666666666666665,24.11111111111111,0,1,0,0,0
2011-12-05 11:24:35.538,355.0,1.8075,14.649999999999999,-92.7,-21.0,6.5375,-21.0,-64.5,94.0,57.02707005,94.0,-18.75,4.25,19.5,0,1,0,0,0
2011-12-05 11:24:35.788,355.0,1.7783333333333333,15.9,-92.71666666666665,-13.5,6.723333333333334,-13.5,-86.33333333333333,125.5,59.74627182500001,125.5,-18.333333333333332,3.8333333333333335,19.833333333333332,0,1,0,0,0
2011-12-05 11:24:36.038,356.0,1.8266666666666669,37.800000000000004,-92.73333333333333,0.3333333333333333,6.82,0.3333333333333333,-133.0,132.33333333333334,73.36360951666667,132.33333333333334,-18.0,5.333333333333333,19.0,0,1,0,0,0
2011-12-05 11:24:36.288,356.0,1.72,55.775000000000006,-92.725,-1.5,6.7075,-1.5,-66.5,145.75,93.3153023825,145.75,-18.5,3.5,17.25,0,1,0,0,0
2011-12-05 11:24:36.538,356.0,1.1111111111111112,40.94444444444444,-92.71111111111112,-5.444444444444445,6.19,-5.444444444444445,125.0,110.77777777777777,124.04695323333334,110.77777777777777,-16.77777777777778,3.111111111111111,21.77777777777778,0,1,0,0,0
2011-12-05 11:24:36.788,356.0,0.93,7.82,-92.7,-20.0,5.68,-20.0,128.0,52.0,125.4826055,52.0,-17.0,4.0,24.0,0,1,0,0,0
2011-12-05 11:24:37.038,859.0,1.07,10.06,-92.74285714285715,-28.714285714285715,6.501428571428571,-28.714285714285715,132.57142857142858,-6.571428571428571,-56.734289454285715,-6.571428571428571,-17.142857142857142,3.7142857142857144,22.428571428571427,0,1,0,0,0
2011-12-05 11:24:37.288,859.0,1.1085714285714285,51.74285714285714,-92.77142857142857,-6.142857142857143,6.615714285714286,-6.142857142857143,18.0,-19.571428571428573,-99.41410270142856,-19.571428571428573,-19.714285714285715,3.5714285714285716,19.714285714285715,0,1,0,0,0
2011-12-05 11:24:37.538,859.0,0.93,36.025,-92.775,-5.5,5.817499999999999,-5.5,-146.0,-20.75,-117.95658413000001,-20.75,-16.5,2.75,21.75,0,1,0,0,0
2011-12-05 11:24:37.788,859.0,0.7799999999999999,11.738888888888887,-92.78888888888888,-35.666666666666664,5.8933333333333335,-35.666666666666664,-110.44444444444444,43.22222222222222,89.82013087777779,43.22222222222222,-16.555555555555557,4.333333333333333,27.333333333333332,0,1,0,0,0
2011-12-05 11:24:38.038,858.0,0.9125000000000001,30.125,-92.8,-41.25,6.3549999999999995,-41.25,-143.75,89.25,133.35001002500002,89.25,-17.75,4.0,26.0,0,1,0,0,0
2011-12-05 11:24:38.288,858.0,0.9924999999999999,47.824999999999996,-92.8,-43.75,6.4,-43.75,-154.75,124.5,112.55322072499999,124.5,-18.5,4.0,25.5,0,1,0,0,0
2011-12-05 11:24:38.538,858.0,1.21,44.52727272727273,-92.79999999999998,-30.363636363636363,6.4363636363636365,-30.363636363636363,63.63636363636363,119.0,98.74780947545455,119.0,-18.0,4.545454545454546,24.272727272727273,0,1,0,0,0
2011-12-05 11:24:38.788,858.0,0.9975,19.302500000000002,-92.725,-21.75,5.6274999999999995,-21.75,131.0,121.5,109.732775,121.5,-14.25,3.0,24.0,0,1,0,0,0
2011-12-05 11:24:39.038,357.0,0.7075,-6.85375,-92.7,-38.125,6.17,-38.125,141.875,67.0,136.65805905000002,67.0,-17.5,3.5,28.5,0,1,0,0,0
2011-12-05 11:24:39.288,357.0,0.83,3.5025,-92.6625,-50.5,6.00625,-50.5,139.0,53.5,81.769364137625,53.5,-17.0,3.875,30.25,0,1,0,0,0
2011-12-05 11:24:39.538,357.0,1.43,40.54285714285714,-92.70000000000002,-48.142857142857146,6.784285714285714,-48.142857142857146,161.0,-16.285714285714285,-82.85714642857143,-16.285714285714285,-17.428571428571427,3.142857142857143,25.857142857142858,0,1,0,0,0
2011-12-05 11:24:39.788,357.0,1.3266666666666667,26.91,-92.7,-32.666666666666664,6.926666666666667,-32.666666666666664,-69.0,8.666666666666666,-28.90157799999999,8.666666666666666,-20.333333333333332,3.0,21.666666666666668,0,1,0,0,0
2011-12-05 11:24:40.038,857.0,1.6466666666666665,20.916666666666668,-92.8,-49.666666666666664,5.580000000000001,-49.666666666666664,-145.0,9.166666666666666,11.437806278333335,9.166666666666666,-16.0,4.833333333333333,22.5,0,1,0,0,0
2011-12-05 11:24:40.288,857.0,1.2222222222222223,39.91111111111112,-92.74444444444445,-59.44444444444444,5.254444444444444,-59.44444444444444,-157.55555555555554,73.55555555555556,128.3589977,73.55555555555556,-15.88888888888889,3.111111111111111,26.22222222222222,0,1,0,0,0
2011-12-05 11:24:40.538,857.0,1.4416666666666667,47.81666666666667,-92.8,-36.833333333333336,5.563333333333333,-36.833333333333336,105.5,90.5,70.95550995,90.5,-13.833333333333334,3.8333333333333335,25.5,0,1,0,0,0
2011-12-05 11:24:40.788,857.0,1.5750000000000002,40.0,-92.8,-32.5,5.74,-32.5,137.5,134.0,106.59724825,134.0,-16.5,3.0,26.0,0,1,0,0,0
2011-12-05 11:24:41.038,358.0,1.7216666666666667,8.511666666666667,-92.86666666666667,-2.1666666666666665,5.526666666666666,-2.1666666666666665,135.66666666666666,105.5,98.76056858666668,105.5,-13.0,2.6666666666666665,19.666666666666668,0,1,0,0,0
2011-12-05 11:24:41.288,358.0,1.6583333333333334,-4.596666666666667,-92.73333333333333,-26.166666666666668,5.788333333333333,-26.166666666666668,141.66666666666666,104.0,127.61781335,104.0,-19.166666666666668,4.333333333333333,25.666666666666668,0,1,0,0,0
2011-12-05 11:24:41.538,358.0,1.3900000000000001,2.532857142857143,-92.75714285714285,-49.42857142857143,6.021428571428571,-49.42857142857143,140.14285714285714,53.142857142857146,129.92117051000002,53.142857142857146,-15.428571428571429,3.857142857142857,23.428571428571427,0,1,0,0,0
2011-12-05 11:24:41.788,358.0,1.127142857142857,32.457142857142856,-92.89999999999999,-92.85714285714286,6.38,-92.85714285714286,150.28571428571428,-18.857142857142858,-75.70832561142856,-18.857142857142858,-15.571428571428571,3.857142857142857,27.714285714285715,0,1,0,0,0
2011-12-05 11:24:42.038,359.0,1.162,37.480000000000004,-93.28,-79.8,8.157999999999998,-79.8,-153.8,-49.0,-108.741401128,-49.0,-21.6,3.2,20.8,0,1,0,0,0
2011-12-05 11:24:42.288,359.0,1.384,26.0,-93.28,-71.4,7.056,-71.4,-155.6,-54.2,-110.03121178399999,-54.2,-17.4,3.0,22.4,0,1,0,0,0
2011-12-05 11:24:42.538,359.0,1.3166666666666667,33.266666666666666,-93.3,-75.11111111111111,6.547777777777778,-75.11111111111111,-154.77777777777777,12.444444444444445,50.39546748111112,12.444444444444445,-15.444444444444445,3.2222222222222223,26.11111111111111,0,1,0,0,0
2011-12-05 11:24:42.788,359.0,1.31,46.275000000000006,-93.3,-64.5,6.6775,-64.5,-165.0,69.5,129.78812405,69.5,-18.0,2.5,26.75,0,1,0,0,0
2011-12-05 11:24:43.038,856.0,1.4028571428571428,45.042857142857144,-93.24285714285715,-20.857142857142858,6.842857142857143,-20.857142857142858,147.85714285714286,128.28571428571428,111.08902075714286,128.28571428571428,-16.142857142857142,2.857142857142857,22.0,0,1,0,0,0
2011-12-05 11:24:43.288,856.0,1.4933333333333332,22.866666666666664,-93.2,8.5,6.645,8.5,134.66666666666666,126.33333333333333,79.38036362166667,126.33333333333333,-17.0,3.5,22.333333333333332,0,1,0,0,0
2011-12-05 11:24:43.538,856.0,1.4349999999999998,3.7550000000000003,-93.16666666666667,5.666666666666667,6.6816666666666675,5.666666666666667,139.33333333333334,122.33333333333333,107.62963854833335,122.33333333333333,-17.0,4.5,21.166666666666668,0,1,0,0,0
2011-12-05 11:24:43.788,856.0,1.2966666666666666,16.983333333333334,-93.03333333333335,-47.0,6.573333333333333,-47.0,148.0,76.33333333333333,115.61167483000001,76.33333333333333,-19.0,4.666666666666667,22.333333333333332,0,1,0,0,0
2011-12-05 11:24:44.038,360.0,1.1933333333333334,26.133333333333336,-92.8,-98.0,6.383333333333333,-98.0,149.0,-26.0,-60.94179996,-26.0,-14.333333333333334,2.3333333333333335,28.666666666666668,0,1,0,0,0
2011-12-05 11:24:44.288,360.0,1.3050000000000002,43.775,-92.92500000000001,-103.25,7.17,-103.25,80.0,-55.75,-98.920246955,-55.75,-18.25,2.75,27.0,0,1,0,0,0
2011-12-05 11:24:44.538,360.0,1.6483333333333332,30.85666666666667,-92.96666666666665,-120.83333333333333,7.051666666666666,-120.83333333333333,-100.5,-74.16666666666667,-74.48812258833334,-74.16666666666667,-19.666666666666668,3.6666666666666665,19.5,0,1,0,0,0
2011-12-05 11:24:44.788,360.0,1.74,21.6,-93.1,-124.0,6.325,-124.0,-144.5,-70.0,-99.68622034,-70.0,-17.5,3.0,19.5,0,1,0,0,0
2011-12-05 11:24:45.038,361.0,0.855,50.46666666666667,-93.06666666666666,-65.0,5.3566666666666665,-65.0,49.666666666666664,49.0,123.45269138333333,49.0,-15.833333333333334,2.3333333333333335,25.166666666666668,0,1,0,0,0
2011-12-05 11:24:45.288,361.0,0.96,37.8,-93.05,-35.5,5.625,-35.5,137.5,101.5,119.1677225,101.5,-15.5,6.0,24.0,0,1,0,0,0
2011-12-05 11:24:45.538,361.0,1.286,21.026,-93.09,-17.3,6.0569999999999995,-17.3,78.1,101.0,61.434058353,101.0,-17.1,4.1,22.1,0,1,0,0,0
2011-12-05 11:24:45.788,361.0,1.3616666666666666,10.843333333333334,-93.14999999999999,-13.666666666666666,6.421666666666667,-13.666666666666666,43.333333333333336,74.66666666666667,44.37627966,74.66666666666667,-18.0,2.6666666666666665,19.333333333333332,0,1,0,0,0
2011-12-05 11:24:46.038,362.0,0.8866666666666667,-2.6366666666666667,-93.09999999999998,10.666666666666666,6.756666666666667,10.666666666666666,143.66666666666666,98.0,129.29050896666666,98.0,-14.666666666666666,4.333333333333333,28.0,0,1,0,0,0
2011-12-05 11:24:46.288,362.0,0.6875,22.692500000000003,-93.175,-34.75,7.0024999999999995,-34.75,153.0,39.5,40.336368892500005,39.5,-18.75,3.5,29.25,0,1,0,0,0
2011-12-05 11:24:46.538,362.0,0.9066666666666666,33.09833333333333,-93.18333333333334,-63.166666666666664,7.038333333333334,-63.166666666666664,1.1666666666666667,-7.666666666666667,-52.323719161666666,-7.666666666666667,-16.833333333333332,2.8333333333333335,29.666666666666668,0,1,0,0,0
2011-12-05 11:24:46.788,362.0,1.6449999999999998,30.53333333333333,-93.10000000000001,-73.5,6.9433333333333325,-73.5,-152.66666666666666,-54.5,-103.87081506833334,-54.5,-22.333333333333332,4.833333333333333,18.5,0,1,0,0,0
2011-12-05 11:24:47.038,855.0,1.764,36.440000000000005,-93.1,-54.6,5.754,-54.6,-158.2,-56.0,-120.67785475999999,-56.0,-14.6,4.6,24.4,0,1,0,0,0
2011-12-05 11:24:47.288,855.0,1.3871428571428572,50.785714285714285,-93.10000000000001,-60.285714285714285,5.998571428571428,-60.285714285714285,-26.857142857142858,32.857142857142854,82.88283407142856,32.857142857142854,-14.0,2.857142857142857,26.428571428571427,0,1,0,0,0
2011-12-05 11:24:47.538,855.0,1.43,45.2,-93.1,-36.0,6.3,-36.0,142.0,57.0,133.6554429,57.0,-25.0,8.0,27.0,0,1,0,0,0
2011-12-05 11:24:47.788,855.0,1.5833333333333335,23.88555555555556,-93.1,-16.11111111111111,5.825555555555556,-16.11111111111111,101.88888888888889,87.77777777777777,83.36301058888888,87.77777777777777,-14.0,2.888888888888889,24.666666666666668,0,1,0,0,0
2011-12-05 11:24:48.038,363.0,1.9442857142857142,-4.58,-93.05714285714285,14.857142857142858,6.637142857142857,14.857142857142858,141.42857142857142,133.57142857142858,97.34423069571429,133.57142857142858,-13.0,4.285714285714286,19.285714285714285,0,1,0,0,0
2011-12-05 11:24:48.288,363.0,1.8062500000000001,10.10625,-93.0,20.125,7.32125,20.125,140.25,124.125,110.35691134999999,124.125,-19.75,4.5,21.0,0,1,0,0,0
2011-12-05 11:24:48.538,,,,,,,,,,,,,,,0,1,0,0,0
2011-12-05 11:24:48.788,363.0,1.6041666666666667,40.49999999999999,-93.13333333333334,26.333333333333332,7.988333333333332,26.333333333333332,24.0,81.16666666666667,99.35424225166666,81.16666666666667,-15.833333333333334,3.3333333333333335,22.583333333333332,0,1,0,0,0
2011-12-05 11:24:49.038,854.0,1.875,23.05,-92.96666666666665,47.666666666666664,8.590000000000002,47.666666666666664,-151.0,17.833333333333332,43.69011624833333,17.833333333333332,-21.333333333333332,3.3333333333333335,19.166666666666668,0,1,0,0,0
2011-12-05 11:24:49.288,854.0,1.8216666666666665,32.24166666666667,-92.91666666666667,48.166666666666664,7.7525,48.166666666666664,-154.83333333333334,26.25,55.495099325000005,26.25,-15.0,2.8333333333333335,19.0,0,1,0,0,0
2011-12-05 11:24:49.538,854.0,1.7733333333333334,42.666666666666664,-92.73333333333333,52.333333333333336,7.68,52.333333333333336,-53.333333333333336,28.0,53.064752379999995,28.0,-16.333333333333332,2.6666666666666665,18.666666666666668,0,1,0,0,0
2011-12-05 11:24:49.788,854.0,1.89,35.166666666666664,-92.56666666666666,59.333333333333336,7.669999999999999,59.333333333333336,44.666666666666664,21.333333333333332,44.607210003333336,21.333333333333332,-15.666666666666666,4.333333333333333,18.333333333333332,0,1,0,0,0
2011-12-05 11:24:50.038,364.0,1.4616666666666667,3.5066666666666664,-92.16666666666667,84.66666666666667,6.108333333333333,84.66666666666667,134.0,22.833333333333332,36.05358244833334,22.833333333333332,-13.0,3.3333333333333335,20.5,0,1,0,0,0
2011-12-05 11:24:50.288,364.0,1.593,5.92,-91.99999999999999,88.6,6.353,88.6,136.9,21.3,34.314235643,21.3,-16.3,3.5,17.7,0,1,0,0,0
2011-12-05 11:24:50.538,364.0,1.5,17.156666666666666,-91.81666666666666,92.16666666666667,6.245,92.16666666666667,136.83333333333334,24.166666666666668,34.93360326666667,24.166666666666668,-15.166666666666666,4.0,17.833333333333332,0,1,0,0,0
2011-12-05 11:24:50.788,364.0,1.3175000000000001,42.8375,-91.5625,97.875,5.680000000000001,97.875,40.125,25.125,35.9042987675,25.125,-11.625,3.875,19.125,0,1,0,0,0
2011-12-05 11:24:51.038,365.0,1.0075,35.125,-91.19999999999999,105.25,5.73,105.25,-148.5,27.0,36.550805505,27.0,-15.25,2.0,19.25,0,1,0,0,0
2011-12-05 11:24:51.288,365.0,0.9016666666666667,26.399999999999995,-90.93333333333332,108.66666666666667,6.013333333333333,108.66666666666667,-147.33333333333334,28.0,36.84002851333333,28.0,-14.5,3.8333333333333335,21.5,0,1,0,0,0
2011-12-05 11:24:51.538,365.0,0.774,31.859999999999996,-90.75999999999999,104.8,5.798,104.8,-151.0,21.6,29.017409374,21.6,-13.2,3.8,21.0,0,1,0,0,0
2011-12-05 11:24:51.788,365.0,0.6950000000000001,47.95,-90.6,115.5,5.470000000000001,115.5,-168.0,21.5,28.69737383,21.5,-14.5,3.0,23.0,0,1,0,0,0
2011-12-05 11:24:52.038,366.0,0.5483333333333335,20.945,-90.35000000000001,137.16666666666666,5.183333333333334,137.16666666666666,135.66666666666666,20.5,24.699492110000005,20.5,-12.333333333333334,3.1666666666666665,21.0,0,1,0,0,0
2011-12-05 11:24:52.288,366.0,0.6342857142857143,19.67571428571429,-90.34285714285714,132.0,4.090000000000001,132.0,152.0,18.571428571428573,23.56862989857143,18.571428571428573,-8.0,3.5714285714285716,22.857142857142858,0,1,0,0,0
2011-12-05 11:24:52.538,366.0,0.9145454545454546,4.770909090909091,-90.2,129.0,2.997272727272728,129.0,147.9090909090909,19.818181818181817,25.60502429363636,19.818181818181817,-13.727272727272727,3.272727272727273,26.09090909090909,0,1,0,0,0
2011-12-05 11:24:52.788,366.0,1.124,19.96,-90.33999999999999,104.2,3.3279999999999994,104.2,147.8,3.4,1.6771802219999998,3.4,-14.0,3.0,22.4,0,1,0,0,0
2011-12-05 11:24:53.038,853.0,1.31,44.5,-90.5,58.0,3.54,58.0,-173.0,4.0,8.575601591,4.0,-14.0,2.0,23.0,0,1,0,0,0
2011-12-05 11:24:53.288,853.0,1.1475,30.775,-90.5875,58.5,4.13875,58.5,-151.875,-11.75,-35.87470525275,-11.75,-14.0,2.625,22.125,0,1,0,0,0
2011-12-05 11:24:53.538,853.0,1.1866666666666665,21.733333333333334,-90.7,51.333333333333336,4.476666666666667,51.333333333333336,-150.0,-17.666666666666668,-56.023326046666675,-17.666666666666668,-12.0,2.3333333333333335,22.666666666666668,0,1,0,0,0
2011-12-05 11:24:53.788,853.0,1.284,31.48,-90.64,62.0,4.044,62.0,-22.2,-20.0,-52.50455062599999,-20.0,-12.6,3.6,22.0,0,1,0,0,0
2011-12-05 11:24:54.038,367.0,1.284,41.3,-90.85,60.0,5.349,60.0,62.2,-15.8,-46.8649632,-15.8,-14.4,3.5,21.1,0,1,1,0,0
2011-12-05 11:24:54.288,367.0,1.41,14.34888888888889,-91.23333333333333,63.333333333333336,5.204444444444444,63.333333333333336,147.44444444444446,-29.444444444444443,-79.24621357111111,-29.444444444444443,-13.88888888888889,3.111111111111111,20.333333333333332,0,1,1,0,0
2011-12-05 11:24:54.538,488.25,1.3587500000000001,9.524999999999999,-91.30000000000001,53.75,5.105,53.75,72.125,-31.75,-82.24819674375,-31.75,-14.5,4.625,21.875,0,1,1,0,0
2011-12-05 11:24:54.788,367.0,1.2025000000000001,20.0,-91.15,52.75,5.31625,52.75,-6.75,-29.25,-73.97376302375,-29.25,-15.125,3.75,22.375,0,0,1,0,0
2011-12-05 11:24:55.038,368.0,1.2316666666666667,2.6999999999999997,-91.71666666666665,24.666666666666668,4.858333333333333,24.666666666666668,150.0,-58.166666666666664,-141.58889593333333,-58.166666666666664,-13.5,3.1666666666666665,19.666666666666668,0,0,1,0,0
2011-12-05 11:24:55.288,368.0,1.2512500000000002,2.0025,-91.8,33.5,4.76875,33.5,150.625,-51.0,-133.25942414999997,-51.0,-14.125,3.875,21.625,0,0,1,0,0
2011-12-05 11:24:55.538,368.0,1.3499999999999999,1.8449999999999998,-92.0,22.75,4.5925,22.75,149.5,-44.25,-123.34759215000001,-44.25,-15.5,4.5,22.5,0,0,1,0,0
2011-12-05 11:24:55.788,368.0,1.4088888888888889,2.807777777777778,-92.03333333333335,20.666666666666668,5.12,20.666666666666668,148.77777777777777,-23.22222222222222,-83.58114777222222,-23.22222222222222,-15.11111111111111,2.5555555555555554,22.88888888888889,0,0,1,0,0
2011-12-05 11:24:56.038,369.0,1.665,1.9825,-92.25,10.5,6.24,10.5,149.75,-2.25,-9.2738755225,-2.25,-16.5,3.5,18.5,0,0,1,0,0
2011-12-05 11:24:56.288,369.0,1.9069999999999996,3.518,-92.45,15.2,6.588999999999999,15.2,147.7,-8.3,-41.86517241200001,-8.3,-17.3,3.0,18.1,0,0,1,0,0
2011-12-05 11:24:56.538,369.0,1.8383333333333332,4.648333333333333,-92.66666666666667,22.166666666666668,6.661666666666666,22.166666666666668,145.5,-14.0,-53.834496463166666,-14.0,-16.0,3.6666666666666665,19.166666666666668,0,0,1,0,0
2011-12-05 11:24:56.788,369.0,1.3857142857142857,3.724285714285714,-92.6857142857143,20.714285714285715,5.69,20.714285714285715,145.14285714285714,-37.142857142857146,-120.07128274857142,-37.142857142857146,-16.0,3.2857142857142856,16.285714285714285,0,0,1,0,0
2011-12-05 11:24:57.038,370.0,1.3075,2.7824999999999998,-92.525,15.0,4.6825,15.0,145.75,-34.75,-123.165196625,-34.75,-11.75,5.75,20.0,0,0,1,0,0
2011-12-05 11:24:57.288,370.0,1.1691666666666667,2.4666666666666672,-92.58333333333333,19.0,5.715833333333333,19.0,146.83333333333334,-22.583333333333332,-88.84632275416668,-22.583333333333332,-15.416666666666666,2.8333333333333335,21.0,0,0,1,0,0
2011-12-05 11:24:57.538,370.0,1.1700000000000002,1.25,-92.7,14.666666666666666,6.676666666666667,14.666666666666666,149.66666666666666,-29.0,-75.94198849333334,-29.0,-13.666666666666666,4.0,21.0,0,0,1,0,0
2011-12-05 11:24:57.788,370.0,1.3228571428571427,0.3971428571428572,-92.9,8.0,7.044285714285713,8.0,149.85714285714286,-20.857142857142858,-86.32915069571428,-20.857142857142858,-17.571428571428573,3.142857142857143,18.857142857142858,0,0,1,0,0
2011-12-05 11:24:58.038,851.0,1.5533333333333335,-1.3133333333333332,-93.0,13.0,7.216666666666666,13.0,149.66666666666666,-15.666666666666666,-71.30460365666666,-15.666666666666666,-18.0,2.6666666666666665,18.666666666666668,0,0,1,0,0
2011-12-05 11:24:58.288,851.0,1.34625,-1.0325000000000002,-93.0375,6.625,7.25,6.625,148.75,-29.0,-111.03368601375001,-29.0,-19.25,3.625,18.625,0,0,1,0,0
2011-12-05 11:24:58.538,851.0,1.05,-1.4760000000000002,-92.96,3.7,6.422,3.7,148.7,-38.7,-131.30772872900002,-38.7,-15.6,3.0,19.1,0,0,1,0,0
2011-12-05 11:24:58.788,851.0,0.84,-2.63,-92.8,3.0,5.73,3.0,149.0,-34.0,-133.2855202,-34.0,-14.0,2.0,21.0,0,0,1,0,0
2011-12-05 11:24:59.038,371.0,0.805,-2.7199999999999998,-92.8,11.0,5.734999999999999,11.0,149.0,-30.0,-110.8250693,-30.0,-16.5,2.0,22.0,0,0,1,0,0
2011-12-05 11:24:59.288,371.0,0.8814285714285715,-2.79,-92.75714285714285,1.2857142857142858,6.160000000000001,1.2857142857142858,149.0,-31.285714285714285,-111.05216400999998,-31.285714285714285,-16.571428571428573,3.142857142857143,23.571428571428573,0,0,1,0,0
2011-12-05 11:24:59.538,371.0,1.204,0.178,-92.82000000000001,-0.4,6.470000000000001,-0.4,148.4,-10.2,-34.029417602,-10.2,-16.6,3.4,19.4,0,0,1,0,0
2011-12-05 11:24:59.788,371.0,1.4381818181818182,17.96181818181818,-93.07272727272728,5.2727272727272725,6.49909090909091,5.2727272727272725,148.36363636363637,-22.454545454545453,-88.9421094490909,-22.454545454545453,-17.545454545454547,3.1818181818181817,19.727272727272727,0,0,1,0,0
2011-12-05 11:25:00.038,372.0,1.5200000000000002,32.56666666666667,-93.09999999999998,12.0,6.760000000000001,12.0,158.66666666666666,-27.0,-99.20505722,-27.0,-17.0,4.0,19.666666666666668,0,0,1,0,0
2011-12-05 11:25:00.288,372.0,1.2477777777777777,36.42222222222222,-93.01111111111112,12.88888888888889,6.742222222222222,12.88888888888889,162.77777777777777,-24.444444444444443,-90.43562956888888,-24.444444444444443,-18.22222222222222,3.6666666666666665,19.333333333333332,0,0,1,0,0
2011-12-05 11:25:00.538,372.0,0.954,29.869999999999997,-92.84,7.4,5.889000000000001,7.4,148.4,-39.6,-133.29088911,-39.6,-16.2,4.1,20.9,0,0,1,0,0
2011-12-05 11:25:00.788,372.0,0.9933333333333333,11.64,-92.78333333333335,10.166666666666666,5.778333333333333,10.166666666666666,148.0,-31.666666666666668,-111.53511831833333,-31.666666666666668,-16.0,2.5,23.666666666666668,0,0,1,0,0
2011-12-05 11:25:01.038,373.0,1.2762499999999999,-4.855,-92.625,1.375,5.65125,1.375,149.375,-18.125,-84.49979462375,-18.125,-14.75,4.125,22.875,0,0,1,0,0
2011-12-05 11:25:01.288,373.0,1.38,7.268000000000001,-92.8,-0.2,6.096,-0.2,145.8,-23.6,-97.988868024,-23.6,-17.6,3.0,18.4,0,0,1,0,0
2011-12-05 11:25:01.538,373.0,1.49,16.6,-92.9,-12.0,6.23,-12.0,145.0,-5.0,-37.64348721,-5.0,-15.0,2.0,19.0,0,0,1,0,0
2011-12-05 11:25:01.788,373.0,1.192,2.1500000000000004,-92.75999999999999,3.2,5.626,3.2,148.8,-35.0,-119.06964267999999,-35.0,-15.8,3.8,23.2,0,0,1,0,0
2011-12-05 11:25:02.038,374.0,1.286,46.92,-92.93999999999998,1.2,6.784000000000001,1.2,156.6,-25.0,-98.02827262999999,-25.0,-18.4,2.6,19.2,0,0,1,0,0
2011-12-05 11:25:02.288,374.0,1.432,37.46,-93.01000000000002,1.2,6.394,1.2,147.9,-26.2,-108.64061702199999,-26.2,-16.1,3.5,19.7,0,0,1,0,0
2011-12-05 11:25:02.538,374.0,1.06,22.3,-92.8,0.0,5.77,0.0,136.0,-31.0,-134.0133862,-31.0,-17.0,9.0,18.0,0,0,1,0,0
2011-12-05 11:25:02.788,374.0,1.0785714285714285,13.271428571428572,-92.65714285714286,7.142857142857143,6.127142857142857,7.142857142857143,149.14285714285714,-22.428571428571427,-85.40656969285716,-22.428571428571427,-16.142857142857142,4.0,24.142857142857142,0,0,1,0,0
2011-12-05 11:25:03.038,375.0,1.2175,5.6375,-92.64999999999999,1.75,6.734999999999999,1.75,140.5,-6.0,-48.74309128749999,-6.0,-15.75,3.0,23.25,0,0,1,0,0
2011-12-05 11:25:03.288,375.0,1.5554545454545454,38.12727272727273,-92.82727272727273,10.909090909090908,6.84,10.909090909090908,151.0909090909091,-29.181818181818183,-103.7269943290909,-29.181818181818183,-16.545454545454547,3.3636363636363638,21.181818181818183,0,0,1,0,0
2011-12-05 11:25:03.538,375.0,1.3199999999999998,54.975,-92.87500000000001,9.75,6.1225000000000005,9.75,169.75,-14.0,-52.0567867315,-14.0,-19.5,3.75,23.0,0,0,1,0,0
2011-12-05 11:25:03.788,375.0,1.1733333333333331,50.6,-92.90000000000002,7.0,5.836666666666667,7.0,149.33333333333334,-46.333333333333336,-133.01380003333335,-46.333333333333336,-17.666666666666668,3.3333333333333335,21.0,0,0,1,0,0
2011-12-05 11:25:04.038,376.0,0.7475,25.0,-92.4,5.25,5.05,5.25,133.25,-38.5,-143.21278135000003,-38.5,-12.75,2.0,25.75,0,0,1,0,0
2011-12-05 11:25:04.288,376.0,0.7633333333333333,14.575555555555553,-92.48888888888888,9.222222222222221,5.471111111111111,9.222222222222221,136.33333333333334,-25.666666666666668,-102.32226808888888,-25.666666666666668,-13.333333333333334,3.5555555555555554,27.77777777777778,0,0,1,0,0
2011-12-05 11:25:04.538,376.0,1.0453846153846156,13.57076923076923,-92.58461538461539,11.461538461538462,6.32923076923077,11.461538461538462,138.0,-30.692307692307693,-78.74826232076923,-30.692307692307693,-16.307692307692307,3.076923076923077,24.53846153846154,0,0,1,0,0
2011-12-05 11:25:04.788,376.0,1.1866666666666668,32.833333333333336,-92.63333333333333,16.0,6.163333333333334,16.0,141.0,-50.666666666666664,-139.2310089,-50.666666666666664,-17.0,3.6666666666666665,22.333333333333332,0,0,1,0,0
2011-12-05 11:25:05.038,377.0,1.45,54.8,-92.8,21.0,6.82,21.0,171.0,-16.0,-62.44205673,-16.0,-18.0,2.0,21.0,0,0,1,0,0
2011-12-05 11:25:05.288,377.0,1.4142857142857144,49.614285714285714,-92.77142857142859,14.857142857142858,6.687142857142858,14.857142857142858,157.28571428571428,-26.428571428571427,-92.30917050714285,-26.428571428571427,-15.428571428571429,3.142857142857143,24.428571428571427,0,0,1,0,0
2011-12-05 11:25:05.538,377.0,1.1549999999999998,29.65,-92.7,6.5,6.66,6.5,136.0,-38.0,-117.7830218,-38.0,-18.0,2.0,23.5,0,0,1,0,0
2011-12-05 11:25:05.788,377.0,1.1925,23.67,-92.77499999999999,12.75,6.477499999999999,12.75,143.75,-34.75,-123.89579915000002,-34.75,-16.0,2.0,20.25,0,0,1,0,0
2011-12-05 11:25:06.038,378.0,0.7566666666666666,-0.40111111111111103,-92.66666666666667,8.777777777777779,5.986666666666667,8.777777777777779,139.44444444444446,-34.55555555555556,-134.1195862111111,-34.55555555555556,-16.444444444444443,3.6666666666666665,26.555555555555557,0,0,1,0,0
2011-12-05 11:25:06.288,378.0,0.8525,31.3125,-92.57499999999999,19.25,6.035,19.25,145.375,-27.5,-96.8426297425,-27.5,-18.375,3.625,30.0,0,0,1,0,0
2011-12-05 11:25:06.538,378.0,1.3599999999999999,50.642857142857146,-92.8142857142857,18.142857142857142,6.822857142857143,18.142857142857142,-24.428571428571427,-37.714285714285715,-113.82118881285714,-37.714285714285715,-18.857142857142858,4.428571428571429,22.714285714285715,0,0,1,0,0
2011-12-05 11:25:06.788,378.0,1.4949999999999999,52.96666666666667,-92.91666666666667,18.166666666666668,6.858333333333332,18.166666666666668,-0.3333333333333333,-31.166666666666668,-111.65336077333332,-31.166666666666668,-19.5,3.1666666666666665,22.166666666666668,0,0,1,0,0
2011-12-05 11:25:07.038,379.0,1.3449999999999998,25.049999999999997,-92.89999999999999,8.833333333333334,5.983333333333333,8.833333333333334,140.66666666666666,-25.5,-101.77023758166666,-25.5,-16.166666666666668,2.5,25.833333333333332,0,0,1,0,0
2011-12-05 11:25:07.288,379.0,1.05625,6.8825,-92.98750000000001,10.25,6.262499999999999,10.25,142.125,-36.125,-127.0519010625,-36.125,-16.5,3.0,23.75,0,0,1,0,0
2011-12-05 11:25:07.538,379.0,0.8266666666666667,-5.33,-93.13333333333334,-5.833333333333333,6.495,-5.833333333333333,142.33333333333334,-39.333333333333336,-145.4759683166667,-39.333333333333336,-19.5,3.0,28.0,0,0,1,0,0
2011-12-05 11:25:07.788,379.0,0.8166666666666668,12.106666666666667,-93.06666666666666,0.3333333333333333,6.466666666666668,0.3333333333333333,140.33333333333334,-36.666666666666664,-138.248246,-36.666666666666664,-17.666666666666668,2.3333333333333335,29.0,0,0,1,0,0
2011-12-05 11:25:08.038,850.0,1.1533333333333333,39.833333333333336,-93.33333333333333,16.0,7.326666666666665,16.0,-60.666666666666664,-9.666666666666666,-22.465065823333333,-9.666666666666666,-19.0,3.0,27.666666666666668,0,0,1,0,0
2011-12-05 11:25:08.288,850.0,1.484,49.2,-93.39,17.4,8.123,17.4,-66.0,-16.0,-80.62869688599999,-16.0,-21.2,4.0,23.5,0,0,1,0,0
2011-12-05 11:25:08.538,850.0,1.8290909090909089,30.827272727272728,-93.48181818181818,15.727272727272727,8.355454545454547,15.727272727272727,143.9090909090909,-26.0,-120.20500987272727,-26.0,-19.90909090909091,3.5454545454545454,23.90909090909091,0,0,1,0,0
2011-12-05 11:25:08.788,850.0,2.035,6.273333333333333,-93.53333333333335,20.833333333333332,8.498333333333333,20.833333333333332,138.5,-22.333333333333332,-107.903585565,-22.333333333333332,-21.0,5.333333333333333,24.333333333333332,0,0,1,0,0
2011-12-05 11:25:09.038,380.0,1.7900000000000003,-4.1975,-93.4,23.75,8.260000000000002,23.75,141.5,-28.0,-97.98727052,-28.0,-21.5,4.0,20.75,0,0,1,0,0
2011-12-05 11:25:09.288,380.0,1.5677777777777777,8.562222222222223,-93.24444444444445,12.444444444444445,7.665555555555557,12.444444444444445,140.33333333333334,-32.44444444444444,-137.80703884444446,-32.44444444444444,-19.444444444444443,2.888888888888889,19.77777777777778,0,0,1,0,0
2011-12-05 11:25:09.538,380.0,1.33,28.9,-93.1,16.0,7.05,16.0,146.0,-26.0,-137.71380259999998,-26.0,-17.0,3.0,26.0,0,0,1,0,0
2011-12-05 11:25:09.788,380.0,1.54,19.7675,-93.225,22.0,7.475,22.0,150.5,-19.75,-98.3524679,-19.75,-19.5,2.75,25.0,0,0,1,0,0
2011-12-05 11:25:10.038,381.0,1.9185714285714286,46.371428571428574,-92.6857142857143,14.714285714285714,6.154285714285714,14.714285714285714,-158.85714285714286,-22.285714285714285,-95.82895489571429,-22.285714285714285,-15.714285714285714,4.0,23.285714285714285,0,0,1,0,0
2011-12-05 11:25:10.288,381.0,1.9636363636363634,48.436363636363645,-92.78181818181817,16.727272727272727,6.385454545454545,16.727272727272727,40.27272727272727,-30.818181818181817,-123.51592128909091,-30.818181818181817,-17.818181818181817,2.8181818181818183,18.454545454545453,0,0,1,0,0
2011-12-05 11:25:10.538,381.0,2.46,22.738,-92.86000000000001,21.4,6.016,21.4,137.6,-28.2,-99.042885184,-28.2,-14.6,4.0,18.2,0,0,1,0,0
2011-12-05 11:25:10.788,381.0,2.1244444444444444,4.145555555555556,-92.85555555555555,10.0,6.859999999999999,10.0,140.11111111111111,-22.88888888888889,-97.6006261788889,-22.88888888888889,-18.444444444444443,3.2222222222222223,17.22222222222222,0,0,1,0,0
2011-12-05 11:25:11.038,382.0,1.4349999999999998,30.950000000000003,-93.125,-5.25,6.0600000000000005,-5.25,150.0,-29.0,-141.74805095000002,-29.0,-16.25,4.5,17.25,0,0,1,0,0
2011-12-05 11:25:11.288,382.0,1.119,42.32,-92.88999999999999,3.4,5.532000000000001,3.4,29.3,-9.9,-53.93239371039999,-9.9,-15.6,3.5,20.3,0,0,1,0,0
2011-12-05 11:25:11.538,382.0,0.9625,38.525,-93.0,-5.5,6.24,-5.5,-84.25,-14.25,-78.43324100875,-14.25,-21.0,4.5,19.75,0,0,1,0,0
2011-12-05 11:25:11.788,382.0,0.83375,48.475,-93.075,-4.375,6.71625,-4.375,-163.625,-18.625,-74.110441818,-18.625,-19.875,3.375,19.375,0,0,1,0,0
2011-12-05 11:25:12.038,383.0,0.9359999999999999,43.839999999999996,-93.26,15.4,6.76,15.4,147.2,-29.0,-108.85290909,-29.0,-17.2,3.6,21.2,0,0,1,0,0
2011-12-05 11:25:12.288,383.0,0.95375,29.675,-93.2875,10.375,6.828749999999999,10.375,141.5,-13.375,-77.31695852125,-13.375,-17.375,3.5,22.125,0,0,1,0,0
2011-12-05 11:25:12.538,383.0,1.1333333333333333,10.517777777777779,-93.3,6.444444444444445,7.029999999999999,6.444444444444445,137.55555555555554,-20.333333333333332,-103.61893919444445,-20.333333333333332,-17.0,3.6666666666666665,21.555555555555557,0,0,1,0,0
2011-12-05 11:25:12.788,383.0,1.12,25.375,-93.375,17.75,7.077500000000001,17.75,139.5,-17.25,-95.7928476125,-17.25,-18.75,2.5,23.0,0,0,1,0,0
2011-12-05 11:25:13.038,384.0,1.2774999999999999,48.60000000000001,-93.5,15.0,7.525,15.0,-82.25,-29.5,-120.7689911,-29.5,-20.75,3.5,18.5,0,0,1,1,0
2011-12-05 11:25:13.288,384.85714285714283,1.062857142857143,50.957142857142856,-93.57142857142857,15.857142857142858,7.121428571428572,15.857142857142858,-121.28571428571429,-33.285714285714285,-124.36511343857144,-33.285714285714285,-18.857142857142858,3.857142857142857,21.285714285714285,0,0,1,1,0
2011-12-05 11:25:13.538,385.0,1.0033333333333332,42.3,-93.7,6.666666666666667,6.886666666666667,6.666666666666667,140.33333333333334,-30.333333333333332,-132.88431446666667,-30.333333333333332,-18.0,3.3333333333333335,25.0,0,0,0,1,0
2011-12-05 11:25:13.788,385.0,1.3,20.45,-93.6,-2.5,7.57,-2.5,130.5,-25.0,-127.11025719999999,-25.0,-20.0,4.5,24.5,0,0,0,1,0
2011-12-05 11:25:14.038,386.0,1.3525000000000003,4.3075,-93.6,-4.25,7.84,-4.25,137.0,3.75,21.9526876375,3.75,-20.5,2.0,19.75,0,0,0,1,0
2011-12-05 11:25:14.288,386.0,1.51375,27.596249999999998,-93.6375,7.25,7.32625,7.25,144.125,19.625,88.16389189374999,19.625,-18.5,3.25,20.0,0,0,0,1,0
2011-12-05 11:25:14.538,386.0,1.4987499999999998,49.0625,-93.42500000000001,2.875,7.2075000000000005,2.875,-74.625,15.5,78.069897987375,15.5,-20.125,3.125,19.375,0,0,0,1,0
2011-12-05 11:25:14.788,386.0,1.4,28.532,-93.52000000000001,-7.2,7.8260000000000005,-7.2,-33.0,3.6,-12.340131668000003,3.6,-21.0,3.2,19.8,0,0,0,1,0
2011-12-05 11:25:15.038,387.0,1.245,57.25,-93.62499999999999,-10.25,6.805,-10.25,-0.25,7.0,36.192601178000004,7.0,-18.0,2.5,21.5,0,0,0,1,0
2011-12-05 11:25:15.288,387.0,1.2716666666666667,46.93333333333334,-93.66666666666667,-1.6666666666666667,6.671666666666666,-1.6666666666666667,96.5,11.666666666666666,56.76313905333333,11.666666666666666,-16.666666666666668,3.3333333333333335,22.666666666666668,0,0,0,1,0
2011-12-05 11:25:15.538,387.0,1.4016666666666666,24.066666666666666,-93.53333333333335,1.1666666666666667,7.07,1.1666666666666667,137.5,8.166666666666666,47.641217993333335,8.166666666666666,-18.0,4.833333333333333,23.833333333333332,0,0,0,1,0
2011-12-05 11:25:15.788,387.0,1.5,5.457777777777777,-93.56666666666666,-30.555555555555557,7.183333333333334,-30.555555555555557,138.11111111111111,8.333333333333334,39.22616243677778,8.333333333333334,-19.88888888888889,4.0,18.88888888888889,0,0,0,1,0
2011-12-05 11:25:16.038,388.0,1.5283333333333333,6.426666666666667,-93.66666666666667,-4.166666666666667,7.088333333333334,-4.166666666666667,136.66666666666666,33.5,116.36525003000001,33.5,-18.666666666666668,5.166666666666667,18.833333333333332,0,0,0,1,0
2011-12-05 11:25:16.288,388.0,1.2676923076923075,7.695384615384616,-93.56923076923076,-9.076923076923077,7.176923076923078,-9.076923076923077,136.92307692307693,20.307692307692307,90.9732299123077,20.307692307692307,-18.76923076923077,3.0,20.923076923076923,0,0,0,1,0
2011-12-05 11:25:16.538,388.0,1.2925,10.44375,-93.7,-13.0,7.44,-13.0,137.0,11.75,63.86589254375001,11.75,-20.0,3.625,20.0,0,0,0,1,0
2011-12-05 11:25:16.788,388.0,1.28,15.233333333333334,-93.7,-7.333333333333333,7.416666666666667,-7.333333333333333,136.66666666666666,6.333333333333333,33.79540727,6.333333333333333,-19.333333333333332,4.0,20.0,0,0,0,1,0
2011-12-05 11:25:17.038,389.0,1.26,20.3,-93.7,-7.0,7.31,-7.0,137.0,7.0,41.24104416,7.0,-20.0,4.0,19.0,0,0,0,1,0
2011-12-05 11:25:17.288,389.0,1.2991666666666666,45.083333333333336,-93.71666666666668,-5.416666666666667,6.815833333333333,-5.416666666666667,125.91666666666667,9.166666666666666,56.477040484999996,9.166666666666666,-16.333333333333332,2.6666666666666665,22.0,0,0,0,1,0
2011-12-05 11:25:17.538,389.0,1.6500000000000001,39.63333333333333,-93.73333333333333,-22.333333333333332,7.468333333333333,-22.333333333333332,-148.5,19.333333333333332,112.66249039833332,19.333333333333332,-20.666666666666668,5.0,19.166666666666668,0,0,0,1,0
2011-12-05 11:25:17.788,389.0,1.64,27.53333333333333,-93.78333333333335,-36.5,7.428333333333334,-36.5,-137.5,15.0,94.73916611166668,15.0,-20.333333333333332,3.0,18.333333333333332,0,0,0,1,0
2011-12-05 11:25:18.038,390.0,1.624,38.599999999999994,-93.8,-23.2,7.172,-23.2,-145.6,31.2,126.15694561999999,31.2,-18.2,3.2,17.4,0,0,0,1,0
2011-12-05 11:25:18.288,390.0,1.3485714285714285,52.92857142857143,-93.61428571428573,-6.285714285714286,7.102857142857142,-6.285714285714286,-24.142857142857142,19.571428571428573,88.70403780857143,19.571428571428573,-17.0,4.142857142857143,19.714285714285715,0,0,0,1,0
2011-12-05 11:25:18.538,390.0,1.1283333333333334,47.449999999999996,-93.73333333333333,-28.0,8.176666666666668,-28.0,166.0,14.0,75.29379039666667,14.0,-21.833333333333332,3.3333333333333335,20.0,0,0,0,1,0
2011-12-05 11:25:18.788,390.0,1.0633333333333335,48.199999999999996,-93.90000000000002,-22.333333333333332,8.103333333333333,-22.333333333333332,58.0,-3.3333333333333335,-30.71280494666667,-3.3333333333333335,-20.666666666666668,2.6666666666666665,20.0,0,0,0,1,0
2011-12-05 11:25:19.038,391.0,1.05375,33.775,-93.8875,-16.625,6.891249999999999,-16.625,-142.0,5.5,36.94711194,5.5,-18.25,4.375,23.0,0,0,0,1,0
2011-12-05 11:25:19.288,391.0,1.182,32.720000000000006,-93.86000000000001,-12.8,7.252,-12.8,-142.4,6.4,52.228928671999995,6.4,-18.0,4.0,23.8,0,0,0,1,0
2011-12-05 11:25:19.538,391.0,1.482,48.32000000000001,-93.85999999999999,-33.4,7.986,-33.4,-89.0,19.6,91.814067276,19.6,-20.2,2.6,21.8,0,0,0,1,0
2011-12-05 11:25:19.788,391.0,1.5900000000000003,54.1,-93.96,-38.0,7.898000000000001,-38.0,163.6,30.4,113.39407578000001,30.4,-20.4,3.8,17.4,0,0,0,1,0
2011-12-05 11:25:20.038,392.0,1.3725,41.025,-93.7125,-16.75,7.70375,-16.75,150.125,22.75,110.28809695875,22.75,-17.875,3.0,21.625,0,0,0,1,0
2011-12-05 11:25:20.288,392.0,1.3349999999999997,48.01666666666667,-93.83333333333333,-22.333333333333332,8.065,-22.333333333333332,161.5,19.666666666666668,82.81436242533334,19.666666666666668,-19.5,4.0,19.0,0,0,0,1,0
2011-12-05 11:25:20.538,392.0,1.1483333333333332,44.78333333333333,-93.81666666666666,-11.666666666666666,7.303333333333335,-11.666666666666666,-105.0,5.666666666666667,23.521903145,5.666666666666667,-19.5,3.1666666666666665,21.333333333333332,0,0,0,1,0
2011-12-05 11:25:20.788,392.0,0.9249999999999999,27.6,-93.7,-7.5,6.56,-7.5,-138.5,4.0,29.25545894725,4.0,-16.0,1.75,27.0,0,0,0,1,0
2011-12-05 11:25:21.038,393.0,1.1166666666666665,28.5,-93.56666666666666,-18.333333333333332,6.803333333333334,-18.333333333333332,-139.33333333333334,4.333333333333333,30.972494009999995,4.333333333333333,-21.0,6.0,27.0,0,0,0,1,0
2011-12-05 11:25:21.288,393.0,1.266,49.60000000000001,-93.5,-34.2,6.758,-34.2,-161.6,17.4,79.40986556200001,17.4,-21.2,3.6,21.8,0,0,0,1,0
2011-12-05 11:25:21.538,393.0,1.37,55.4,-93.56666666666666,-20.333333333333332,6.683333333333334,-20.333333333333332,55.666666666666664,32.333333333333336,125.2347179,32.333333333333336,-19.666666666666668,2.6666666666666665,23.0,0,0,0,1,0
2011-12-05 11:25:21.788,393.0,1.4985714285714287,40.77142857142858,-93.39999999999999,-10.428571428571429,6.147142857142858,-10.428571428571429,146.14285714285714,23.142857142857142,108.38122389571429,23.142857142857142,-16.142857142857142,4.0,24.428571428571427,0,0,0,1,0
2011-12-05 11:25:22.038,394.0,1.258,45.72,-93.52000000000001,-15.6,7.087999999999999,-15.6,87.0,14.4,69.74425797,14.4,-21.0,3.6,21.0,0,0,0,1,0
2011-12-05 11:25:22.288,394.0,1.3287499999999999,42.6875,-93.5,-9.125,6.5625,-9.125,-11.25,12.25,60.697861534750004,12.25,-17.0,3.875,23.5,0,0,0,1,0
2011-12-05 11:25:22.538,394.0,1.2085714285714284,34.74285714285714,-93.58571428571429,-10.857142857142858,6.499999999999999,-10.857142857142858,-102.14285714285714,18.857142857142858,76.17180131714285,18.857142857142858,-17.857142857142858,2.857142857142857,26.285714285714285,0,0,0,1,0
2011-12-05 11:25:22.788,394.0,1.344,30.74,-93.52000000000001,-20.6,6.776000000000001,-20.6,-82.0,17.2,89.114861246,17.2,-20.0,4.4,26.4,0,0,0,1,0
2011-12-05 11:25:23.038,849.0,1.568,49.44,-93.6,-35.0,7.108,-35.0,-161.2,31.8,123.45575488,31.8,-20.0,2.6,19.8,0,0,0,1,0
2011-12-05 11:25:23.288,849.0,1.6939999999999997,50.339999999999996,-93.58,-30.8,7.138,-30.8,38.4,36.8,126.39978366,36.8,-19.8,4.4,20.2,0,0,0,1,0
2011-12-05 11:25:23.538,849.0,1.7528571428571431,46.25714285714286,-93.55714285714285,-11.571428571428571,7.33,-11.571428571428571,161.28571428571428,41.0,113.29117965285715,41.0,-17.285714285714285,2.5714285714285716,21.714285714285715,0,0,0,1,0
2011-12-05 11:25:23.788,849.0,1.5599999999999998,48.36666666666667,-93.58333333333333,-19.5,7.66,-19.5,-53.333333333333336,36.333333333333336,115.15599618333334,36.333333333333336,-18.0,2.8333333333333335,21.5,0,0,0,1,0
2011-12-05 11:25:24.038,395.0,1.2912499999999998,40.5375,-93.6,-12.625,7.42375,-12.625,-146.125,23.125,93.1138963775,23.125,-17.75,4.875,20.125,0,0,0,1,0
2011-12-05 11:25:24.288,395.0,1.249,35.01,-93.59,-9.2,7.0840000000000005,-9.2,-139.2,30.9,92.680995032,30.9,-17.7,2.4,23.9,0,0,0,1,0
2011-12-05 11:25:24.538,395.0,1.27,41.733333333333334,-93.5,-15.0,6.833333333333333,-15.0,-140.66666666666666,30.0,99.07102176000001,30.0,-17.333333333333332,3.6666666666666665,25.333333333333332,0,0,0,1,0
2011-12-05 11:25:24.788,395.0,1.2966666666666666,46.86666666666667,-93.5,-14.0,7.06,-14.0,-146.33333333333334,26.333333333333332,101.87445167,26.333333333333332,-19.0,1.6666666666666667,24.666666666666668,0,0,0,1,0
2011-12-05 11:25:25.038,396.0,1.5933333333333333,50.17777777777778,-93.56666666666666,-22.666666666666668,7.283333333333333,-22.666666666666668,85.44444444444444,50.44444444444444,129.48598163333335,50.44444444444444,-18.555555555555557,4.111111111111111,19.11111111111111,0,0,0,1,0
2011-12-05 11:25:25.288,396.0,1.76,49.583333333333336,-93.44999999999999,-13.666666666666666,6.908333333333334,-13.666666666666666,50.333333333333336,47.5,113.68228488166666,47.5,-15.666666666666666,5.0,20.166666666666668,0,0,0,1,0
2011-12-05 11:25:25.538,396.0,1.5416666666666667,40.96666666666667,-93.33333333333333,-24.0,7.361666666666667,-24.0,-90.5,46.166666666666664,108.11875475833334,46.166666666666664,-20.333333333333332,3.3333333333333335,19.166666666666668,0,0,0,1,0
2011-12-05 11:25:25.788,396.0,1.3399999999999999,30.966666666666665,-93.38888888888887,-17.333333333333332,7.236666666666666,-17.333333333333332,-100.44444444444444,38.111111111111114,100.80315010444446,38.111111111111114,-19.666666666666668,3.6666666666666665,20.666666666666668,0,0,0,1,0
2011-12-05 11:25:26.038,19.0,1.3971428571428572,51.214285714285715,-93.37142857142855,-6.0,6.392857142857143,-6.0,-154.57142857142858,42.0,100.47910925571429,42.0,-15.0,2.857142857142857,25.0,0,0,0,1,0
2011-12-05 11:25:26.288,19.0,1.522,45.620000000000005,-93.32000000000001,-11.2,6.797999999999999,-11.2,102.8,36.8,107.36181885600001,36.8,-18.8,5.4,20.0,0,0,0,1,0
2011-12-05 11:25:26.538,19.0,1.53,39.48571428571428,-93.32857142857142,-17.571428571428573,6.757142857142857,-17.571428571428573,69.85714285714286,43.42857142857143,114.82422951428573,43.42857142857143,-18.142857142857142,3.142857142857143,18.714285714285715,0,0,0,1,0
2011-12-05 11:25:26.788,19.0,1.5950000000000002,38.75,-93.3,-29.0,6.744999999999999,-29.0,149.5,24.0,111.62897530000001,24.0,-13.5,2.0,20.5,0,0,0,1,0
2011-12-05 11:25:27.038,20.0,1.6166666666666665,44.61666666666667,-93.3,-16.5,6.826666666666667,-16.5,110.16666666666667,46.5,122.30347335,46.5,-15.833333333333334,3.3333333333333335,19.5,0,0,0,1,0
2011-12-05 11:25:27.288,20.0,1.5212500000000002,39.175,-93.2125,-9.625,6.7787500000000005,-9.625,-146.875,37.75,101.40472563,37.75,-17.125,3.25,18.125,0,0,0,1,0
2011-12-05 11:25:27.538,20.0,1.3333333333333333,33.18888888888889,-93.3,-5.333333333333333,6.273333333333333,-5.333333333333333,-135.44444444444446,26.22222222222222,78.92395856,26.22222222222222,-16.0,3.111111111111111,18.77777777777778,0,0,0,1,0
2011-12-05 11:25:27.788,20.0,1.1919999999999997,52.52,-93.22,5.0,6.216,5.0,-91.0,29.8,85.04659623,29.8,-16.0,5.4,20.2,0,0,0,1,0
2011-12-05 11:25:28.038,21.0,1.1014285714285712,40.357142857142854,-93.25714285714287,-9.714285714285714,6.781428571428571,-9.714285714285714,142.0,32.714285714285715,99.74230104142858,32.714285714285715,-16.571428571428573,2.4285714285714284,24.142857142857142,0,0,0,1,0
2011-12-05 11:25:28.288,21.0,1.0566666666666666,41.96666666666666,-93.3,-27.666666666666668,6.428333333333334,-27.666666666666668,144.33333333333334,38.0,108.71933363666666,38.0,-17.166666666666668,2.6666666666666665,18.5,0,0,0,1,0
2011-12-05 11:25:28.538,21.0,0.9866666666666667,54.26666666666667,-93.26666666666667,-12.666666666666666,6.426666666666666,-12.666666666666666,161.33333333333334,43.0,112.23100315333335,43.0,-19.0,6.666666666666667,19.0,0,0,0,1,0
2011-12-05 11:25:28.788,21.0,1.0571428571428572,53.82857142857143,-93.24285714285715,-10.428571428571429,6.5614285714285705,-10.428571428571429,-116.71428571428571,41.57142857142857,105.12610458571429,41.57142857142857,-16.857142857142858,4.142857142857143,23.0,0,0,0,1,0
2011-12-05 11:25:29.038,848.0,1.108,33.42,-93.18999999999998,-15.2,7.273999999999999,-15.2,-133.4,27.9,76.1244107135,27.9,-18.4,3.3,22.4,0,0,0,1,0
2011-12-05 11:25:29.288,848.0,0.9422222222222223,43.77777777777778,-93.27777777777777,-10.333333333333334,7.163333333333333,-10.333333333333334,-147.11111111111111,15.444444444444445,61.11452911755555,15.444444444444445,-18.22222222222222,3.5555555555555554,21.555555555555557,0,0,0,1,0
2011-12-05 11:25:29.538,848.0,1.0916666666666666,48.75,-93.26666666666667,-4.166666666666667,6.2700000000000005,-4.166666666666667,102.33333333333333,16.5,59.62646774499999,16.5,-19.0,6.166666666666667,24.0,0,0,0,1,0
2011-12-05 11:25:29.788,848.0,1.11,39.150000000000006,-93.225,-2.25,6.489999999999999,-2.25,139.0,18.5,65.74671731000001,18.5,-16.0,2.25,27.25,0,0,0,1,0
2011-12-05 11:25:30.038,22.0,1.59,51.366666666666674,-93.23333333333333,-19.333333333333332,6.911666666666666,-19.333333333333332,101.0,37.833333333333336,124.19409945000001,37.833333333333336,-18.333333333333332,3.3333333333333335,20.5,0,0,0,1,0
2011-12-05 11:25:30.288,22.0,1.8150000000000002,51.6,-93.3,-21.0,6.762499999999999,-21.0,-153.25,43.75,126.588133175,43.75,-15.25,2.75,18.25,0,0,0,1,0
2011-12-05 11:25:30.538,22.0,1.455,39.2,-93.19999999999999,-9.5,6.76,-9.5,72.75,14.0,72.41570691,14.0,-18.25,4.25,24.0,0,0,0,1,0
2011-12-05 11:25:30.788,22.0,1.2833333333333334,36.63333333333333,-93.39999999999999,5.166666666666667,5.741666666666667,5.166666666666667,-135.5,34.5,101.08478949,34.5,-16.166666666666668,3.1666666666666665,21.5,0,0,0,1,0
2011-12-05 11:25:31.038,23.0,1.1633333333333333,53.36666666666667,-93.5,-15.0,6.186666666666667,-15.0,-154.0,28.0,115.51234293333334,28.0,-16.666666666666668,3.3333333333333335,22.0,0,0,0,1,0
2011-12-05 11:25:31.288,23.0,1.13,53.43076923076924,-93.63846153846154,-26.384615384615383,6.823846153846153,-26.384615384615383,77.6923076923077,12.615384615384615,66.87034500923076,12.615384615384615,-18.23076923076923,2.6923076923076925,21.53846153846154,0,0,0,1,0
2011-12-05 11:25:31.538,23.0,1.16875,36.1375,-93.8,-16.0,7.52625,-16.0,136.875,6.875,48.72907468875,6.875,-18.25,4.5,23.75,0,0,0,1,0
2011-12-05 11:25:31.788,23.0,1.0242857142857145,47.942857142857136,-93.85714285714286,-15.428571428571429,8.347142857142858,-15.428571428571429,102.71428571428571,7.142857142857143,40.57038116428572,7.142857142857143,-20.571428571428573,3.5714285714285716,25.285714285714285,0,0,0,1,0
2011-12-05 11:25:32.038,24.0,0.8699999999999999,41.54,-93.93999999999998,-3.4,8.738,-3.4,-139.8,3.6,27.049272123999998,3.6,-20.2,2.8,28.2,0,0,0,1,0
2011-12-05 11:25:32.288,24.0,0.9862500000000001,33.6,-93.775,-3.875,8.55625,-3.875,-134.75,6.5,47.17869183875,6.5,-20.125,4.75,28.5,0,0,0,1,0
2011-12-05 11:25:32.538,24.0,0.73875,45.3625,-93.5625,-0.875,8.22375,-0.875,-144.375,2.625,23.91365517875,2.625,-17.625,2.875,26.25,0,0,0,1,0
2011-12-05 11:25:32.788,24.0,0.32,55.7,-93.4,8.0,7.81,8.0,-159.0,2.0,21.73733646,2.0,-20.0,-3.0,21.0,0,0,0,1,1
2011-12-05 11:25:33.038,26.0,3.78,44.2,-92.9,4.0,5.59,4.0,138.0,1.0,6.6421159539999985,1.0,-17.0,0.0,1.0,0,0,0,0,1
2011-12-05 11:25:33.288,26.0,6.380909090909091,23.018181818181816,-92.55454545454545,-1.1818181818181819,3.3327272727272725,-1.1818181818181819,136.0909090909091,18.09090909090909,26.76427856,18.09090909090909,-7.818181818181818,3.0,-6.090909090909091,0,0,0,0,1
2011-12-05 11:25:33.538,26.0,6.5609090909090915,7.47,-93.13636363636364,22.272727272727273,4.512727272727272,22.272727272727273,133.45454545454547,137.63636363636363,109.43056685454545,137.63636363636363,-15.636363636363637,13.636363636363637,-6.090909090909091,0,0,0,0,1
2011-12-05 11:25:33.788,26.0,3.6340000000000003,15.624,-93.05999999999999,41.8,5.31,41.8,134.4,153.0,81.08319472,153.0,-18.8,4.4,5.8,0,0,0,0,1
2011-12-05 11:25:34.038,27.0,-3.203333333333333,8.103333333333333,-93.13333333333333,42.0,5.983333333333333,42.0,133.0,189.66666666666666,72.72004852666667,189.66666666666666,-17.0,1.0,5.333333333333333,0,0,0,0,1
2011-12-05 11:25:34.288,27.0,-7.694444444444445,9.236666666666668,-93.3777777777778,70.44444444444444,6.243333333333334,70.44444444444444,133.11111111111111,170.55555555555554,90.10861791777778,170.55555555555554,-15.666666666666666,-1.7777777777777777,29.333333333333332,0,0,0,0,1
2011-12-05 11:25:34.538,27.0,-4.575,9.095,-93.3,47.5,5.005,47.5,133.5,144.0,84.087406665,144.0,-10.5,-1.5,28.0,0,0,0,0,1
2011-12-05 11:25:34.788,27.0,-8.35,11.0,-93.6,54.0,3.83,54.0,134.0,122.0,108.5220486,122.0,-11.0,0.0,48.0,0,0,0,0,1
2011-12-05 11:25:35.038,28.0,-7.9325,14.025,-93.725,-16.5,4.8875,-16.5,134.5,61.75,95.79345056749999,61.75,-11.25,-0.25,54.75,0,0,0,0,1
2011-12-05 11:25:35.288,28.0,-5.700999999999999,23.84,-93.75,-45.2,7.107000000000001,-45.2,135.2,24.7,50.846455072,24.7,-18.2,-2.1,44.4,0,0,0,0,1
2011-12-05 11:25:35.538,28.0,7.059999999999999,29.560588235294116,-93.25294117647059,8.058823529411764,6.359411764705881,8.058823529411764,-92.41176470588235,-3.764705882352941,-29.575035978705884,-3.764705882352941,-9.764705882352942,4.0,-8.294117647058824,0,0,0,0,1
2011-12-05 11:25:35.788,28.0,3.8800000000000003,2.8966666666666665,-93.36666666666667,14.666666666666666,4.53,14.666666666666666,-50.666666666666664,75.66666666666667,105.08925940333334,75.66666666666667,-1.6666666666666667,1.0,11.333333333333334,0,0,0,0,1
2011-12-05 11:25:36.038,29.0,6.832727272727272,7.357272727272728,-92.85454545454546,43.54545454545455,4.743636363636363,43.54545454545455,-143.8181818181818,147.0,99.68552894181818,147.0,-9.272727272727273,8.818181818181818,-11.0,0,0,0,0,1
2011-12-05 11:25:36.288,29.0,4.1850000000000005,18.944999999999997,-93.10000000000001,40.25,5.01,40.25,-146.75,113.5,84.1314450375,113.5,-4.5,1.0,-3.5,0,0,0,0,1
2011-12-05 11:25:36.538,29.0,-6.335000000000001,46.63333333333333,-93.63333333333333,85.33333333333333,7.430000000000001,85.33333333333333,87.5,162.16666666666666,89.26540886,162.16666666666666,-13.0,-3.5,18.833333333333332,0,0,0,0,1
2011-12-05 11:25:36.788,29.0,-5.063846153846153,10.630769230769229,-93.4769230769231,47.07692307692308,5.922307692307693,47.07692307692308,91.76923076923077,101.6923076923077,106.4128724323077,101.6923076923077,-10.76923076923077,2.3076923076923075,31.615384615384617,0,0,0,0,1
2011-12-05 11:25:37.038,30.0,-3.8399999999999994,22.25714285714286,-93.04285714285713,-51.42857142857143,6.704285714285713,-51.42857142857143,144.14285714285714,-20.0,-69.15517862571429,-20.0,-11.142857142857142,-7.285714285714286,27.0,0,0,0,0,1
2011-12-05 11:25:37.288,30.0,-0.12285714285714303,27.837142857142855,-92.87142857142858,-43.57142857142857,6.499999999999999,-43.57142857142857,8.857142857142858,-9.142857142857142,-21.114224942857145,-9.142857142857142,-13.142857142857142,4.0,14.714285714285714,0,0,0,0,1
2011-12-05 11:25:37.538,30.0,7.772857142857143,32.028571428571425,-92.07142857142857,-47.714285714285715,4.432857142857143,-47.714285714285715,-153.57142857142858,-46.0,-133.05258460571432,-46.0,-6.428571428571429,2.0,-6.285714285714286,0,0,0,0,1
2011-12-05 11:25:37.788,30.0,5.023999999999999,7.419999999999999,-91.99999999999999,-3.2,3.5480000000000005,-3.2,-88.6,55.8,76.220522874,55.8,-14.2,6.0,4.4,0,0,0,0,1
2011-12-05 11:25:38.038,31.0,5.93,13.934999999999999,-91.94999999999999,45.0,5.23,45.0,-146.0,146.0,105.445295745,146.0,-14.5,8.0,-2.5,0,0,0,0,1
2011-12-05 11:25:38.288,31.0,2.92,25.9,-92.1,57.0,6.38,57.0,-146.0,171.0,88.33889011,171.0,-14.0,13.0,-7.0,0,0,0,0,1
2011-12-05 11:25:38.538,31.0,-1.9731578947368418,35.33052631578948,-92.62105263157896,83.15789473684211,7.582105263157895,83.15789473684211,22.789473684210527,159.94736842105263,88.68487235631578,159.94736842105263,-16.68421052631579,2.1052631578947367,11.736842105263158,0,0,0,0,1
2011-12-05 11:25:38.788,31.0,-4.74875,14.4,-92.8375,54.125,4.795,54.125,103.875,125.125,107.8551411325,125.125,-5.375,0.25,34.25,0,0,0,0,1
2011-12-05 11:25:39.038,847.0,-3.0333333333333328,29.983333333333334,-92.51666666666667,-2.5,4.998333333333333,-2.5,148.16666666666666,25.833333333333332,57.461352194166665,25.833333333333332,-14.833333333333334,-1.0,27.0,0,0,0,0,1
2011-12-05 11:25:39.288,847.0,0.08714285714285706,32.17142857142857,-92.27142857142857,-14.0,4.967142857142856,-14.0,19.142857142857142,9.857142857142858,-25.376397869999998,9.857142857142858,-17.142857142857142,1.2857142857142858,12.285714285714286,0,0,0,0,1
2011-12-05 11:25:39.538,847.0,6.935,21.9,-91.6,-25.75,4.8549999999999995,-25.75,-143.25,-24.75,-139.086316525,-24.75,-13.0,5.25,-7.5,0,0,0,0,1
2011-12-05 11:25:39.788,847.0,8.474545454545455,11.69090909090909,-91.19090909090909,8.909090909090908,3.723636363636363,8.909090909090908,-144.9090909090909,52.0,28.026916107272726,52.0,-11.181818181818182,9.727272727272727,-8.181818181818182,0,0,0,0,1
2011-12-05 11:25:40.038,,,,,,,,,,,,,,,0,0,0,0,1
2011-12-05 11:25:40.288,32.0,3.896000000000001,41.379999999999995,-91.47999999999999,58.0,5.186,58.0,-90.0,141.4,94.33823767199999,141.4,-9.0,5.4,-5.2,0,0,0,0,1
2011-12-05 11:25:40.538,32.0,-1.364285714285714,35.285714285714285,-91.9857142857143,90.0,5.912857142857143,90.0,100.42857142857143,159.14285714285714,78.64790549428571,159.14285714285714,-11.142857142857142,3.142857142857143,2.2857142857142856,0,0,0,0,1
2011-12-05 11:25:40.788,32.0,-7.115,8.305,-92.48750000000001,66.0,5.2524999999999995,66.0,138.375,127.5,103.992714315,127.5,-13.5,-1.75,31.875,0,0,0,0,1
2011-12-05 11:25:41.038,33.0,-5.52,32.8,-92.3,-48.0,4.8,-48.0,150.0,-4.0,-17.82391371,-4.0,-11.0,-4.0,36.0,0,0,0,0,1
2011-12-05 11:25:41.288,33.0,-0.29,37.6,-91.62857142857145,-100.0,4.651428571428572,-100.0,-67.85714285714286,-29.857142857142858,-57.22982810857143,-29.857142857142858,-9.857142857142858,-2.5714285714285716,14.0,0,0,0,0,1
2011-12-05 11:25:41.538,33.0,9.3,10.344999999999999,-90.80000000000001,-57.25,2.9325,-57.25,-147.25,-21.5,-66.78986639225,-21.5,-9.75,9.25,-15.75,0,0,0,0,1
2011-12-05 11:25:41.788,33.0,8.3975,19.725,-91.175,-8.75,3.7399999999999998,-8.75,-149.75,44.75,93.33618527249999,44.75,-12.5,0.5,-16.75,0,0,0,0,1
2011-12-05 11:25:42.038,34.0,6.88,44.22,-91.6,36.6,5.802000000000001,36.6,-167.4,144.6,111.52733082,144.6,-14.0,13.6,-8.6,0,0,0,0,1
2011-12-05 11:25:42.288,34.0,0.5618181818181817,37.11818181818182,-92.14545454545454,64.45454545454545,6.579090909090909,64.45454545454545,149.36363636363637,145.63636363636363,80.10025072363636,145.63636363636363,-11.454545454545455,0.45454545454545453,0.36363636363636365,0,0,0,0,1
2011-12-05 11:25:42.538,34.0,-1.7233333333333334,23.8,-92.13333333333333,60.0,6.656666666666666,60.0,43.666666666666664,136.33333333333334,98.43870239,136.33333333333334,-17.333333333333332,1.0,8.666666666666666,0,0,0,0,1
2011-12-05 11:25:42.788,34.0,-7.670000000000001,23.766666666666666,-92.63333333333333,65.0,5.873333333333334,65.0,145.33333333333334,137.33333333333334,113.56448586666666,137.33333333333334,-13.666666666666666,1.6666666666666667,21.0,0,0,0,0,1
2011-12-05 11:25:43.038,35.0,-5.730000000000001,39.628571428571426,-92.28571428571429,-34.57142857142857,3.997142857142857,-34.57142857142857,-20.714285714285715,20.0,33.934008485714294,20.0,-16.571428571428573,-0.14285714285714285,41.57142857142857,0,0,0,0,1
2011-12-05 11:25:43.288,35.0,0.3812500000000001,18.724999999999998,-92.26249999999999,-61.0,5.23625,-61.0,-109.125,-27.25,-81.008019575,-27.25,-13.0,-1.5,13.0,0,0,0,0,1
2011-12-05 11:25:43.538,35.0,4.011666666666667,19.516666666666666,-91.78333333333332,-51.166666666666664,4.763333333333334,-51.166666666666664,-97.5,-26.333333333333332,-68.10389909333334,-26.333333333333332,-12.166666666666666,4.666666666666667,-0.3333333333333333,0,0,0,0,1
2011-12-05 11:25:43.788,35.0,3.91125,36.925,-91.55,-36.375,3.6725000000000003,-36.375,-75.625,-10.125,-59.51021726249999,-10.125,-7.25,6.5,7.0,0,0,0,0,1
2011-12-05 11:25:44.038,846.0,7.57,52.8,-91.1,-27.0,4.69,-27.0,-175.0,-8.0,-61.18300867,-8.0,-18.0,17.0,-6.0,0,0,0,0,1
2011-12-05 11:25:44.288,846.0,5.16,39.46666666666667,-91.26666666666667,1.3333333333333333,6.286666666666666,1.3333333333333333,143.66666666666666,58.333333333333336,97.27461307666665,58.333333333333336,-9.666666666666666,6.0,-1.3333333333333333,0,0,0,0,1
2011-12-05 11:25:44.538,846.0,-1.9500000000000002,8.502727272727274,-91.81818181818181,86.45454545454545,6.637272727272728,86.45454545454545,143.8181818181818,120.0909090909091,90.73828110454545,120.0909090909091,-12.454545454545455,2.909090909090909,10.090909090909092,0,0,0,0,1
2011-12-05 11:25:44.788,846.0,-6.816666666666666,33.01666666666667,-92.05000000000001,142.16666666666666,4.47,142.16666666666666,158.5,145.66666666666666,91.08090084833333,145.66666666666666,-10.666666666666666,-1.0,33.5,0,0,0,0,1
2011-12-05 11:25:45.038,36.0,-5.0975,26.9,-92.2,78.5,4.43,78.5,-152.5,71.125,81.19660536250001,71.125,-20.0,-1.875,35.625,0,0,0,0,1
2011-12-05 11:25:45.288,36.0,3.7258333333333336,30.883333333333336,-91.98333333333333,4.416666666666667,5.299166666666667,4.416666666666667,-159.58333333333334,6.916666666666667,-18.933831903583332,6.916666666666667,-13.166666666666666,0.9166666666666666,-1.9166666666666667,0,0,0,0,1
2011-12-05 11:25:45.538,36.0,3.5,41.03333333333333,-91.93333333333334,28.666666666666668,4.36,28.666666666666668,-167.66666666666666,6.333333333333333,-53.13706620666667,6.333333333333333,-15.666666666666666,4.666666666666667,7.666666666666667,0,0,0,0,1
2011-12-05 11:25:45.788,36.0,2.886,44.220000000000006,-91.88,29.8,4.470000000000001,29.8,-100.8,21.8,-38.677636354,21.8,-16.2,3.2,8.2,0,0,0,0,1
2011-12-05 11:25:46.038,37.0,8.31,24.58857142857143,-91.22857142857143,18.142857142857142,5.24,18.142857142857142,143.0,18.285714285714285,32.03985544571428,18.285714285714285,-8.571428571428571,11.142857142857142,-13.714285714285714,0,0,0,0,1
2011-12-05 11:25:46.288,37.0,0.9533333333333334,13.29,-91.22222222222223,64.11111111111111,5.725555555555555,64.11111111111111,144.44444444444446,73.33333333333333,75.58469382444444,73.33333333333333,-9.555555555555555,0.5555555555555556,4.0,0,0,0,0,1
2011-12-05 11:25:46.538,37.0,-0.9899999999999999,32.166666666666664,-91.75,61.666666666666664,4.973333333333334,61.666666666666664,148.16666666666666,79.16666666666667,22.142464361666665,79.16666666666667,-12.166666666666666,1.3333333333333333,5.166666666666667,0,0,0,0,1
2011-12-05 11:25:46.788,37.0,-4.611666666666667,45.199999999999996,-92.40000000000002,73.5,3.671666666666667,73.5,-62.833333333333336,76.66666666666667,37.72164569333333,76.66666666666667,-15.0,0.3333333333333333,33.5,0,0,0,0,1
2011-12-05 11:25:47.038,38.0,-12.933333333333332,32.333333333333336,-93.09999999999998,45.333333333333336,3.14,45.333333333333336,-152.0,73.0,92.95595947,73.0,-19.0,-3.0,70.0,0,0,0,0,1
2011-12-05 11:25:47.288,38.0,-8.254999999999999,37.5625,-92.95,-10.375,5.78875,-10.375,-157.375,7.25,-0.19812032512499655,7.25,-17.125,-3.0,44.5,0,0,0,0,1
2011-12-05 11:25:47.538,38.0,-4.756666666666667,43.86666666666667,-92.43333333333332,-5.0,6.06,-5.0,-49.333333333333336,25.333333333333332,32.833616793333334,25.333333333333332,-19.666666666666668,-6.333333333333333,34.666666666666664,0,0,0,0,1
2011-12-05 11:25:47.788,38.0,6.4399999999999995,38.675000000000004,-91.525,-33.0,6.125,-33.0,136.25,-51.25,-135.582841575,-51.25,-10.0,0.75,-2.5,0,0,0,0,1
2011-12-05 11:25:48.038,39.0,11.2,20.5,-91.35,-25.5,5.355,-25.5,126.5,-41.5,-141.5238871,-41.5,-9.5,9.5,-16.5,0,0,0,0,1
2011-12-05 11:25:48.288,39.0,12.799999999999999,3.8833333333333333,-91.3,1.3333333333333333,6.153333333333333,1.3333333333333333,142.33333333333334,-23.666666666666668,-86.49357456,-23.666666666666668,-12.0,3.6666666666666665,-36.666666666666664,0,0,0,0,1
2011-12-05 11:25:48.538,39.0,5.646000000000001,5.318666666666667,-91.45333333333333,128.46666666666667,6.1080000000000005,128.46666666666667,152.66666666666666,62.733333333333334,65.02671754266667,62.733333333333334,-11.866666666666667,4.533333333333333,-13.266666666666667,0,0,0,0,1
2011-12-05 11:25:48.788,39.0,-3.9699999999999998,36.275,-91.80000000000001,183.25,3.5124999999999997,183.25,168.25,116.25,83.3532042325,116.25,-12.75,2.5,1.75,0,0,0,0,1
2011-12-05 11:25:49.038,845.0,-8.078999999999999,34.790000000000006,-92.85,167.0,2.443,167.0,-162.5,105.3,80.688492585,105.3,-18.3,-1.6,33.6,0,0,0,0,1
2011-12-05 11:25:49.288,845.0,-5.265000000000001,36.150000000000006,-93.11666666666667,68.5,5.27,68.5,-160.5,51.5,71.33252551833333,51.5,-17.833333333333332,-4.166666666666667,33.666666666666664,0,0,0,0,1
2011-12-05 11:25:49.538,845.0,-3.0516666666666663,43.21666666666667,-92.43333333333332,95.66666666666667,4.923333333333333,95.66666666666667,0.16666666666666666,64.66666666666667,32.16606802333333,64.66666666666667,-16.166666666666668,0.5,13.5,0,0,0,0,1
2011-12-05 11:25:49.788,845.0,4.215,38.675,-92.7,-29.25,7.640000000000001,-29.25,148.75,-8.25,-43.2431639175,-8.25,-16.0,-3.5,-7.0,0,0,0,0,1
2011-12-05 11:25:50.038,844.0,10.35,0.995,-92.0,-19.5,6.28,-19.5,146.0,-27.5,-133.0159458,-27.5,-13.5,13.0,-28.0,0,0,0,0,1
2011-12-05 11:25:50.288,844.0,9.96375,-1.2962499999999997,-91.7375,1.5,6.358750000000001,1.5,148.25,-1.625,-24.941780898124993,-1.625,-10.125,14.375,-19.5,0,0,0,0,1
2011-12-05 11:25:50.538,844.0,1.3983333333333332,26.893333333333334,-92.41666666666667,71.83333333333333,6.716666666666668,71.83333333333333,164.16666666666666,73.66666666666667,86.62334271166667,73.66666666666667,-16.5,0.3333333333333333,-3.5,0,0,0,0,1
2011-12-05 11:25:50.788,844.0,-2.66625,33.7625,-92.85,85.125,5.2475000000000005,85.125,-130.0,96.0,70.92743525,96.0,-13.875,3.0,4.375,0,0,0,0,1
2011-12-05 11:25:51.038,40.0,-6.896666666666667,34.833333333333336,-93.28333333333335,68.16666666666667,3.383333333333333,68.16666666666667,-158.33333333333334,77.33333333333333,91.30605365333334,77.33333333333333,-17.666666666666668,-1.8333333333333333,43.166666666666664,0,0,0,0,1
2011-12-05 11:25:51.288,40.0,-3.555,41.04166666666667,-92.925,24.833333333333332,4.621666666666666,24.833333333333332,1.75,49.083333333333336,61.345410297499996,49.083333333333336,-14.25,-2.5833333333333335,26.833333333333332,0,0,0,0,1
2011-12-05 11:25:51.538,40.0,-2.4775,31.35,-92.9,37.0,4.26,37.0,-4.5,63.75,87.06879985,63.75,-8.0,-5.5,17.75,0,0,0,0,1
2011-12-05 11:25:51.788,40.0,5.172,22.640000000000004,-92.32,-44.4,5.7219999999999995,-44.4,140.6,-18.2,-97.135234156,-18.2,-6.0,0.6,-21.2,0,0,0,0,1
2011-12-05 11:25:52.038,41.0,11.386666666666665,0.5866666666666668,-91.5,-9.333333333333334,4.956666666666666,-9.333333333333334,147.33333333333334,-16.333333333333332,-88.34044032333333,-16.333333333333332,-5.666666666666667,4.0,-25.333333333333332,0,0,0,0,1
2011-12-05 11:25:52.288,41.0,10.098333333333333,6.6816666666666675,-91.66666666666667,-18.166666666666668,5.340000000000001,-18.166666666666668,145.0,-20.0,-84.22839669000001,-20.0,-8.0,4.166666666666667,-29.333333333333332,0,0,0,0,1
2011-12-05 11:25:52.538,41.0,11.666666666666666,23.98333333333333,-91.38333333333333,27.166666666666668,6.16,27.166666666666668,149.16666666666666,31.166666666666668,59.129338155,31.166666666666668,-13.333333333333334,15.166666666666666,-39.0,0,0,0,0,1
2011-12-05 11:25:52.788,41.0,4.437777777777778,36.98888888888889,-92.18888888888888,79.66666666666667,5.991111111111111,79.66666666666667,-21.0,85.0,83.38999631222222,85.0,-10.555555555555555,-1.1111111111111112,-17.555555555555557,0,0,0,0,1
2011-12-05 11:25:53.038,42.0,-6.104,36.04,-92.91,101.2,3.375,101.2,-161.0,136.9,94.587254736,136.9,-9.0,-1.4,22.7,0,0,0,0,1
2011-12-05 11:25:53.288,42.0,-5.152222222222222,45.94444444444444,-92.8,64.88888888888889,3.5844444444444443,64.88888888888889,-57.55555555555556,93.66666666666667,88.39298066999999,93.66666666666667,-12.333333333333334,1.2222222222222223,28.555555555555557,0,0,0,0,1
2011-12-05 11:25:53.538,42.0,-3.57,38.1,-93.1,-6.0,5.51,-6.0,140.0,35.0,78.8478265,35.0,-20.0,2.0,31.0,0,0,0,0,1
2011-12-05 11:25:53.788,42.0,-4.99,30.974999999999998,-93.075,48.75,4.4399999999999995,48.75,-10.0,76.5,77.804880975,76.5,-17.0,2.25,24.0,0,0,0,0,1
2011-12-05 11:25:54.038,43.0,-2.7550000000000003,19.299999999999997,-93.2,-9.75,5.637499999999999,-9.75,138.5,15.5,54.34346881249999,15.5,-17.25,3.5,31.75,0,0,0,0,1
2011-12-05 11:25:54.288,43.0,-2.106666666666667,8.066666666666666,-93.2,-8.0,5.626666666666668,-8.0,142.0,11.333333333333334,42.015888673333336,11.333333333333334,-14.666666666666666,2.6666666666666665,34.0,0,0,0,0,1
2011-12-05 11:25:54.538,43.0,-0.9299999999999999,8.449333333333334,-93.1133333333333,0.4666666666666667,6.289333333333333,0.4666666666666667,139.86666666666667,-3.466666666666667,-16.774046929933334,-3.466666666666667,-15.333333333333334,3.6,32.266666666666666,0,0,0,0,1
2011-12-05 11:25:54.788,43.0,0.4918181818181818,9.802727272727275,-93.1818181818182,4.909090909090909,6.976363636363637,4.909090909090909,140.0909090909091,-1.6363636363636365,-8.76166841309091,-1.6363636363636365,-16.0,3.8181818181818183,28.818181818181817,0,0,0,0,1
2011-12-05 11:25:55.038,44.0,0.914,18.560000000000002,-93.3,4.0,7.575999999999999,4.0,141.0,-10.2,-55.993369947999994,-10.2,-15.6,2.0,28.2,0,0,0,0,1
2011-12-05 11:25:55.288,44.0,1.4000000000000001,24.7,-93.33333333333333,-31.666666666666668,8.12,-31.666666666666668,142.33333333333334,-22.333333333333332,-124.40379726666667,-22.333333333333332,-17.0,2.6666666666666665,27.666666666666668,0,0,0,0,1
2011-12-05 11:25:55.538,44.0,2.34,34.01666666666667,-93.2,-96.0,8.871666666666668,-96.0,145.83333333333334,-36.833333333333336,-89.71386864166668,-36.833333333333336,-20.5,4.5,23.333333333333332,0,0,0,0,1
2011-12-05 11:25:55.788,44.0,2.1471428571428572,34.31428571428572,-93.14285714285715,-127.57142857142857,8.227142857142857,-127.57142857142857,146.42857142857142,-39.285714285714285,-75.96943008999999,-39.285714285714285,-19.714285714285715,4.0,22.571428571428573,0,0,0,0,1
2011-12-05 11:25:56.038,45.0,1.9075,38.925000000000004,-93.2,-171.25,7.5275,-171.25,150.25,-33.5,-55.040510839999996,-33.5,-15.0,4.0,21.75,0,0,0,0,1
2011-12-05 11:25:56.288,45.0,1.5422222222222222,41.43333333333333,-93.11111111111111,-159.55555555555554,7.74888888888889,-159.55555555555554,151.33333333333334,-32.77777777777778,-57.21115898666666,-32.77777777777778,-18.88888888888889,3.7777777777777777,23.333333333333332,0,0,0,0,1
2011-12-05 11:25:56.538,45.0,0.9233333333333333,42.06666666666667,-93.09999999999998,-162.0,8.299999999999999,-162.0,147.33333333333334,-30.333333333333332,-56.65381986666667,-30.333333333333332,-21.333333333333332,3.3333333333333335,27.333333333333332,0,0,0,0,1
2011-12-05 11:25:56.788,45.0,2.04,38.7,-93.2,-171.0,7.67,-171.0,149.0,-37.0,-60.81262429,-37.0,-16.0,2.0,22.0,0,0,0,0,1
