,num_window,roll_belt,pitch_forearm,yaw_belt,magnet_dumbbell_z,pitch_belt,magnet_dumbbell_z.1,roll_forearm,accel_dumbbell_y,roll_dumbbell,accel_dumbbell_y.1,accel_belt_x,accel_belt_y,accel_belt_z,labelA,labelB,labelC,labelD,labelE
2011-12-05 11:23:51.788,11.0,1.413333333333333,-63.9,-94.40000000000002,-64.0,8.07,-64.0,28.33333333333333,46.66666666666666,13.01122132,46.66666666666666,-21.0,4.333333333333333,22.33333333333333,1,0,0,0,0
2011-12-05 11:23:52.038,12.0,1.48,-63.9,-94.4,-64.0,8.06,-64.0,28.05,48.0,13.40495791,48.0,-21.5,2.5,22.5,1,0,0,0,0
2011-12-05 11:23:52.288,12.0,1.4357142857142855,-63.828571428571436,-94.4,-67.57142857142857,8.138571428571428,-67.57142857142857,27.728571428571428,47.14285714285714,13.139879254285715,47.14285714285714,-21.285714285714285,3.0,22.142857142857146,1,0,0,0,0
2011-12-05 11:23:52.538,12.0,1.4857142857142858,-63.957142857142856,-94.4,-66.42857142857143,8.145714285714286,-66.42857142857143,27.1,47.42857142857143,13.221953218571429,47.42857142857143,-21.142857142857142,4.0,21.571428571428577,1,0,0,0,0
2011-12-05 11:23:52.788,12.0,1.58,-63.90000000000001,-94.375,-68.0,8.09,-68.0,26.925,47.5,13.2166296475,47.5,-21.0,3.25,21.0,1,0,0,0,0
2011-12-05 11:23:53.038,13.0,1.5116666666666667,-63.65,-94.4,-65.66666666666667,8.156666666666666,-65.66666666666667,26.85,46.66666666666666,12.97802365,46.66666666666666,-20.5,4.0,21.5,1,0,0,0,0
2011-12-05 11:23:53.288,13.0,1.4122222222222218,-63.82222222222222,-94.3222222222222,-66.0,8.105555555555554,-66.0,26.5,47.555555555555564,13.21875017,47.555555555555564,-21.0,3.888888888888889,21.0,1,0,0,0,0
2011-12-05 11:23:53.538,13.0,1.368,-63.83,-94.26000000000002,-66.1,7.909999999999998,-66.1,26.24,47.1,13.124911367000001,47.1,-20.3,3.0,21.0,1,0,0,0,0
2011-12-05 11:23:53.788,13.0,1.295,-63.8,-94.15,-70.5,7.63,-70.5,25.2,48.0,13.43042537,48.0,-19.0,3.5,22.0,1,0,0,0,0
2011-12-05 11:23:54.038,14.0,1.2525,-63.8,-94.125,-63.25,7.4525,-63.25,24.925,49.25,13.7289312875,49.25,-18.75,2.75,21.5,1,0,0,0,0
2011-12-05 11:23:54.288,14.0,1.2625,-63.7625,-94.1,-67.375,7.4025,-67.375,24.95,47.75,13.331830911250002,47.75,-19.625,3.625,21.5,1,0,0,0,0
2011-12-05 11:23:54.538,14.0,1.1985714285714286,-63.67142857142858,-94.1,-61.14285714285714,7.317142857142858,-61.14285714285714,24.785714285714285,47.14285714285714,13.175315662857145,47.14285714285714,-19.428571428571427,3.2857142857142856,21.142857142857142,1,0,0,0,0
2011-12-05 11:23:54.788,14.0,1.1775,-63.825,-94.1,-65.5,7.2575,-65.5,23.75,47.0,13.0742898575,47.0,-18.75,3.5,22.5,1,0,0,0,0
2011-12-05 11:23:55.038,15.0,1.0925,-63.40000000000001,-94.1,-62.5,7.3175,-62.5,23.525,46.5,12.94992222,46.5,-19.5,3.5,21.25,1,0,0,0,0
2011-12-05 11:23:55.288,15.0,1.0759999999999998,-63.34,-94.08,-60.4,7.407999999999999,-60.4,23.62,46.6,12.964695072,46.6,-19.8,3.6,21.8,1,0,0,0,0
2011-12-05 11:23:55.538,15.0,1.0541666666666665,-63.37499999999999,-94.075,-66.0,7.4525000000000015,-66.0,23.550000000000008,45.66666666666666,12.719418388333333,45.66666666666666,-19.916666666666668,3.333333333333333,22.33333333333333,1,0,0,0,0
2011-12-05 11:23:55.788,15.0,1.0333333333333334,-63.33333333333334,-94.09999999999998,-71.33333333333333,7.433333333333333,-71.33333333333333,23.46666666666667,46.33333333333334,12.88603807,46.33333333333334,-19.0,4.0,23.33333333333333,1,0,0,0,0
2011-12-05 11:23:56.038,16.0,1.0544444444444443,-63.477777777777774,-94.04444444444445,-65.1111111111111,7.4255555555555555,-65.1111111111111,22.72222222222223,45.66666666666666,12.702523023333333,45.66666666666666,-19.444444444444443,3.7777777777777777,24.555555555555557,1,0,0,0,0
2011-12-05 11:23:56.288,16.0,1.124285714285714,-63.42857142857142,-94.08571428571429,-66.0,7.394285714285715,-66.0,22.371428571428577,46.14285714285714,12.812537140000002,46.14285714285714,-20.285714285714285,3.2857142857142856,25.142857142857146,1,0,0,0,0
2011-12-05 11:23:56.538,16.0,1.215,-63.51666666666667,-94.06666666666666,-64.83333333333333,7.22,-64.83333333333333,22.066666666666666,46.16666666666666,12.842411616666665,46.16666666666666,-19.33333333333333,3.0,22.16666666666667,1,0,0,0,0
2011-12-05 11:23:56.788,16.0,1.1185714285714283,-63.671428571428564,-94.01428571428572,-66.14285714285714,7.2200000000000015,-66.14285714285714,21.671428571428574,46.14285714285714,12.839465542857145,46.14285714285714,-19.142857142857142,3.571428571428572,23.0,1,0,0,0,0
2011-12-05 11:23:57.038,17.0,1.393333333333333,-63.73333333333333,-93.90000000000002,-73.0,7.659999999999998,-73.0,21.03333333333333,48.0,13.227291699999999,48.0,-19.0,4.0,24.66666666666667,1,0,0,0,0
2011-12-05 11:23:57.288,17.0,1.3949999999999998,-63.75,-93.9,-73.0,7.7,-73.0,20.8,48.0,13.227291699999999,48.0,-19.75,4.0,23.0,1,0,0,0,0
2011-12-05 11:23:57.538,17.0,1.4460000000000002,-63.62000000000001,-93.82,-73.0,7.348000000000001,-73.0,20.36,48.0,13.227291699999999,48.0,-19.0,4.0,20.8,1,0,0,0,0
2011-12-05 11:23:57.788,17.0,1.266,-63.56,-93.8,-73.0,7.086,-73.0,19.96,48.0,13.227291699999999,48.0,-17.8,4.6,21.0,1,0,0,0,0
2011-12-05 11:23:58.038,18.0,1.0016666666666667,-63.51666666666667,-93.8,-80.33333333333333,6.996666666666667,-80.33333333333333,19.683333333333334,37.5,27.39106127166667,37.5,-18.0,3.1666666666666665,24.0,1,0,0,0,0
2011-12-05 11:23:58.288,18.0,0.8975,-63.45,-93.8,-91.5,7.0825,-91.5,19.35,31.5,93.3686388625,31.5,-18.25,3.75,27.75,1,0,0,0,0
2011-12-05 11:23:58.538,18.0,0.945,-63.525,-93.8,-69.0,7.1075,-69.0,19.25,44.0,79.771047425,44.0,-19.5,3.75,27.25,1,0,0,0,0
2011-12-05 11:23:58.788,18.0,0.97,-63.425,-93.8,-69.75,7.3175,-69.75,19.0,54.5,117.22948175,54.5,-20.25,4.0,28.25,1,0,0,0,0
2011-12-05 11:23:59.038,322.0,1.1,-63.45,-93.8,-56.0,7.3875,-56.0,18.85,58.75,120.41193085,58.75,-19.5,3.75,26.0,1,0,0,0,0
2011-12-05 11:23:59.288,322.0,1.455714285714286,-63.48571428571428,-93.79999999999998,-37.714285714285715,7.395714285714285,-37.714285714285715,18.542857142857144,48.85714285714285,133.62567228571427,48.85714285714285,-19.714285714285715,3.7142857142857135,24.857142857142854,1,0,0,0,0
2011-12-05 11:23:59.538,322.0,1.6749999999999998,-63.52500000000001,-93.825,-16.375,7.362500000000002,-16.375,18.175,36.125,124.704975275,36.125,-19.375,3.125,22.0,1,0,0,0,0
2011-12-05 11:23:59.788,322.0,1.3066666666666669,-63.54999999999999,-93.85,-37.66666666666666,7.191666666666666,-37.66666666666666,18.05,47.5,112.35652272666664,47.5,-18.83333333333333,2.5,24.16666666666667,1,0,0,0,0
2011-12-05 11:24:00.038,323.0,1.238,-63.67999999999999,-93.84,-38.4,6.522,-38.4,16.740000000000002,28.6,107.132960076,28.6,-18.0,3.8,24.6,1,0,0,0,0
2011-12-05 11:24:00.288,323.0,1.0299999999999998,-63.62000000000001,-93.8,-58.4,6.6160000000000005,-58.4,16.220000000000002,24.2,103.94977796799999,24.2,-19.6,3.4,25.4,1,0,0,0,0
2011-12-05 11:24:00.538,323.0,1.0142857142857145,-63.60000000000001,-93.77142857142859,-52.14285714285714,6.48142857142857,-52.14285714285714,15.971428571428573,31.285714285714285,114.76533463571428,31.285714285714285,-18.428571428571427,3.4285714285714284,26.42857142857143,1,0,0,0,0
2011-12-05 11:24:00.788,323.0,1.02,-63.575,-93.75,-42.75,6.565,-42.75,15.975,25.5,116.958880925,25.5,-16.75,1.75,27.75,1,0,0,0,0
2011-12-05 11:24:01.038,324.0,1.107,-63.48,-93.82,-37.1,7.980000000000001,-37.1,15.250000000000005,8.2,29.453142068000002,8.2,-21.2,3.3,24.7,1,0,0,0,0
2011-12-05 11:24:01.288,324.0,1.15,-63.44,-93.9,-35.8,7.4460000000000015,-35.8,15.24,12.2,68.707383854,12.2,-19.2,3.8,25.2,1,0,0,0,0
2011-12-05 11:24:01.538,324.0,1.2900000000000005,-63.328571428571436,-93.98571428571428,-37.0,7.254285714285714,-37.0,14.871428571428574,10.0,59.91298250285713,10.0,-19.142857142857142,3.4285714285714284,26.57142857142857,1,0,0,0,0
2011-12-05 11:24:01.788,324.0,1.422,-63.56,-94.1,-32.4,7.4620000000000015,-32.4,14.38,15.6,113.85420628,15.6,-20.2,3.8,25.4,1,0,0,0,0
2011-12-05 11:24:02.038,325.0,1.5924999999999998,-63.72500000000001,-93.95,-53.0,7.887500000000001,-53.0,14.55,24.5,124.0449805425,24.5,-20.5,5.0,26.25,1,0,0,0,0
2011-12-05 11:24:02.288,325.0,1.643333333333333,-63.85,-93.93333333333334,-53.5,7.943333333333332,-53.5,14.316666666666665,31.0,114.48158933166664,31.0,-19.5,3.1666666666666665,24.33333333333333,1,0,0,0,0
2011-12-05 11:24:02.538,325.0,1.7970000000000002,-63.97000000000001,-94.05,-42.0,7.683,-42.0,13.99,42.0,137.12314518,42.0,-19.9,3.5,21.7,1,0,0,0,0
2011-12-05 11:24:02.788,325.0,1.8414285714285712,-64.0142857142857,-94.07142857142857,-27.142857142857146,7.54,-27.142857142857146,13.900000000000002,26.285714285714285,112.20485839142859,26.285714285714285,-20.0,3.8571428571428568,21.142857142857142,1,0,0,0,0
2011-12-05 11:24:03.038,326.0,1.66,-64.3,-93.95,-19.75,7.0625,-19.75,13.275,26.5,89.8632844775,26.5,-18.5,4.0,22.5,1,0,0,0,0
2011-12-05 11:24:03.288,326.0,1.5471428571428572,-64.04285714285713,-93.91428571428571,-29.0,6.772857142857142,-29.0,13.371428571428574,26.857142857142854,96.69458391857141,26.857142857142854,-18.0,3.4285714285714284,22.285714285714285,1,0,0,0,0
2011-12-05 11:24:03.538,326.0,1.4525,-64.07499999999999,-93.75,-44.25,6.6099999999999985,-44.25,12.7,42.0,116.64303840000001,42.0,-16.75,4.0,23.5,1,0,0,0,0
2011-12-05 11:24:03.788,326.0,1.38,-63.9125,-93.875,-46.375,8.10625,-46.375,12.4375,16.125,76.75434336625,16.125,-19.25,4.125,21.25,1,0,0,0,0
2011-12-05 11:24:04.038,327.0,1.215,-63.66666666666666,-94.08333333333331,-38.0,8.546666666666667,-38.0,13.25,18.33333333333333,74.35903425000002,18.33333333333333,-20.5,1.8333333333333333,20.5,1,0,0,0,0
2011-12-05 11:24:04.288,327.0,1.34,-63.70000000000001,-94.17692307692309,-38.92307692307692,6.971538461538462,-38.92307692307692,13.146153846153847,15.307692307692307,64.3187148946154,15.307692307692307,-17.846153846153847,2.769230769230769,23.615384615384613,1,0,0,0,0
2011-12-05 11:24:04.538,327.0,1.39,-63.66666666666666,-93.93333333333332,-52.0,7.261666666666668,-52.0,13.716666666666667,20.83333333333333,117.60031181833335,20.83333333333333,-20.33333333333333,5.0,23.83333333333333,1,0,0,0,0
2011-12-05 11:24:04.788,327.0,1.36,-63.7,-93.9,-67.0,7.6,-67.0,13.7,16.0,84.44875752,16.0,-15.0,3.0,22.0,1,0,0,0,0
2011-12-05 11:24:05.038,328.0,1.45,-63.76666666666667,-93.90000000000002,-57.33333333333334,7.91,-57.33333333333334,13.466666666666667,37.333333333333336,131.08191599999998,37.333333333333336,-19.33333333333333,3.0,19.666666666666668,1,0,0,0,0
2011-12-05 11:24:05.288,328.0,1.4349999999999998,-63.725,-93.95833333333331,-34.25,7.66,-34.25,13.225,21.75,105.33119451083333,21.75,-19.25,4.0,19.58333333333333,1,0,0,0,0
2011-12-05 11:24:05.538,328.0,1.2225,-63.4625,-93.7625,-43.875,7.0287500000000005,-43.875,13.5,24.875,93.8417771575,24.875,-19.25,2.875,23.5,1,0,0,0,0
2011-12-05 11:24:05.788,328.0,1.2120000000000002,-63.3,-93.6,-51.2,6.723999999999998,-51.2,14.16,25.6,87.73982972399999,25.6,-16.8,2.0,22.8,1,0,0,0,0
2011-12-05 11:24:06.038,329.0,1.52,-63.2,-93.7,-53.0,7.32,-53.0,14.3,23.0,108.84885919999999,23.0,-18.0,4.0,21.0,1,0,0,0,0
2011-12-05 11:24:06.288,329.0,1.493,-63.14000000000001,-93.81,-48.0,7.497000000000001,-48.0,14.2,12.0,53.592676592,12.0,-19.9,3.9,17.9,1,0,0,0,0
2011-12-05 11:24:06.538,329.0,1.3663636363636364,-63.04545454545455,-94.06363636363636,-36.36363636363637,6.8181818181818175,-36.36363636363637,13.390909090909092,20.454545454545453,83.02036170454545,20.454545454545453,-18.545454545454547,3.9090909090909087,21.181818181818183,1,0,0,0,0
2011-12-05 11:24:06.788,329.0,1.155,-62.95,-93.975,-47.5,6.7275,-47.5,14.675,0.5,7.555426795000002,0.5,-14.5,2.0,25.5,1,0,0,0,0
2011-12-05 11:24:07.038,330.0,1.2266666666666668,-61.2,-93.93333333333334,-58.33333333333334,7.943333333333333,-58.33333333333334,21.21111111111111,19.555555555555557,104.66999200555556,19.555555555555557,-19.88888888888889,2.888888888888889,23.33333333333333,1,0,0,0,0
2011-12-05 11:24:07.288,330.0,1.33,-48.4,-93.9125,-54.5,8.5925,-54.5,44.875,35.875,134.4662433375,35.875,-21.375,4.125,20.5,1,0,0,0,0
2011-12-05 11:24:07.538,330.0,1.2600000000000002,-24.33333333333333,-93.85555555555555,-15.555555555555555,8.124444444444443,-15.555555555555555,57.655555555555544,23.0,98.93257055333332,23.0,-19.11111111111111,3.555555555555556,21.222222222222218,1,0,0,0,0
2011-12-05 11:24:07.788,330.0,0.94,-10.16,-93.825,-20.0,7.6425,-20.0,47.2,19.0,77.8500142475,19.0,-19.0,3.5,24.0,1,0,0,0,0
2011-12-05 11:24:08.038,331.0,0.75,37.37142857142858,-93.6,-39.142857142857146,7.397142857142858,-39.142857142857146,28.4,16.0,61.19071002071429,16.0,-20.285714285714285,3.0,27.285714285714285,1,0,0,0,0
2011-12-05 11:24:08.288,331.0,0.9075,43.375,-93.4,-49.0,7.6800000000000015,-49.0,-1.7425000000000002,-24.0,-122.9377710725,-24.0,-18.5,5.0,24.5,1,0,0,0,0
2011-12-05 11:24:08.538,331.0,1.0885714285714283,38.77142857142857,-93.5857142857143,-35.142857142857146,7.239999999999998,-35.142857142857146,3.271428571428572,14.571428571428573,56.39884383857144,14.571428571428573,-21.857142857142854,3.571428571428572,21.571428571428577,1,0,0,0,0
2011-12-05 11:24:08.788,331.0,1.21125,40.0,-93.675,-29.875,6.5325000000000015,-29.875,7.945,14.5,60.09108765375,14.5,-16.125,3.0,24.25,1,0,0,0,0
2011-12-05 11:24:09.038,332.0,1.61,25.03333333333333,-93.73333333333332,-45.33333333333334,6.239999999999998,-45.33333333333334,31.1,-2.0,-15.427211493333333,-2.0,-14.666666666666664,1.0,27.0,1,0,0,0,0
2011-12-05 11:24:09.288,332.0,1.7688888888888892,13.541111111111114,-93.55555555555556,-58.22222222222222,7.286666666666666,-58.22222222222222,37.35555555555555,10.666666666666666,77.02383566333333,10.666666666666666,-21.777777777777782,5.4444444444444455,23.555555555555557,1,0,0,0,0
2011-12-05 11:24:09.538,332.0,1.5771428571428576,-5.0200000000000005,-93.65714285714287,-62.0,7.624285714285714,-62.0,37.357142857142854,11.142857142857142,63.718237300000006,11.142857142857142,-21.428571428571427,3.8571428571428568,21.0,1,0,0,0,0
2011-12-05 11:24:09.788,332.0,1.5025,0.5500000000000007,-93.675,-45.75,7.1025,-45.75,29.455,13.5,69.70396821,13.5,-20.75,5.0,19.75,1,0,0,0,0
2011-12-05 11:24:10.038,333.0,1.1933333333333334,-50.91666666666666,-93.53333333333336,-26.83333333333333,6.8050000000000015,-26.83333333333333,35.583333333333336,21.166666666666668,93.98969594333332,21.166666666666668,-15.5,4.5,23.33333333333333,1,0,0,0,0
2011-12-05 11:24:10.288,333.0,0.895,-58.8,-93.5,-44.75,6.23875,-44.75,23.8375,15.25,62.4179006525,15.25,-18.0,3.375,25.5,1,0,0,0,0
2011-12-05 11:24:10.538,333.0,0.8575,-44.975,-93.31666666666666,-54.58333333333334,6.302499999999998,-54.58333333333334,35.50833333333333,16.0,51.66976456749999,16.0,-17.916666666666668,3.583333333333333,27.08333333333333,1,0,0,0,0
2011-12-05 11:24:10.788,333.0,1.215,-12.495,-93.4,-37.0,7.3900000000000015,-37.0,48.05,13.5,63.19965132500001,13.5,-19.5,2.5,22.0,1,0,0,0,0
2011-12-05 11:24:11.038,334.0,1.4366666666666663,16.85333333333333,-93.6,-39.333333333333336,7.263333333333333,-39.333333333333336,38.85,5.833333333333332,30.78535607833333,5.833333333333332,-17.166666666666668,3.5,24.33333333333333,1,0,0,0,0
2011-12-05 11:24:11.288,334.0,1.602,31.756,-93.66,-38.6,7.1160000000000005,-38.6,13.288,-0.4,-0.42049625760000015,-0.4,-18.8,3.6,23.8,1,0,0,0,0
2011-12-05 11:24:11.538,334.0,1.69,35.7,-93.66,-51.0,7.130000000000001,-51.0,-1.6,7.4,63.152508396,7.4,-19.2,2.8,24.0,1,0,0,0,0
2011-12-05 11:24:11.788,334.0,1.6840000000000002,30.540000000000006,-93.66,-68.0,7.928,-68.0,12.462,8.8,52.22966751,8.8,-21.8,5.4,23.4,1,0,0,0,0
2011-12-05 11:24:12.038,335.0,1.4625,10.195,-93.8,-56.25,7.495,-56.25,35.8,16.5,122.804956025,16.5,-17.0,1.5,21.5,1,0,0,0,0
2011-12-05 11:24:12.288,335.0,1.2309999999999999,-17.622999999999994,-93.65,-40.3,7.411000000000001,-40.3,45.74,15.6,80.510425278,15.6,-18.4,3.8,23.3,1,0,0,0,0
2011-12-05 11:24:12.538,335.0,1.1671428571428577,-34.41428571428572,-93.70000000000002,-58.14285714285714,7.6157142857142865,-58.14285714285714,42.72857142857144,15.428571428571427,92.66754821714287,15.428571428571427,-18.857142857142858,2.142857142857143,24.57142857142857,1,0,0,0,0
2011-12-05 11:24:12.788,335.0,1.12,-52.67999999999999,-93.68,-62.4,6.94,-62.4,39.67999999999999,11.6,61.501742716,11.6,-20.6,3.0,27.2,1,0,0,0,0
2011-12-05 11:24:13.038,336.0,1.1333333333333333,-25.5,-93.5,-73.33333333333333,7.173333333333333,-73.33333333333333,49.6,20.33333333333333,111.93624723333332,20.33333333333333,-19.0,3.333333333333333,25.0,1,0,0,0,0
2011-12-05 11:24:13.288,336.0,1.19,-3.168333333333333,-93.65,-69.5,7.340000000000002,-69.5,44.73333333333333,13.666666666666664,67.36173075666666,13.666666666666664,-20.166666666666668,3.1666666666666665,22.0,1,0,0,0,0
2011-12-05 11:24:13.538,336.0,1.4055555555555554,27.4,-93.76666666666664,-63.33333333333334,6.818888888888888,-63.33333333333334,17.51,21.0,87.86372832,21.0,-18.33333333333333,3.888888888888889,24.66666666666667,1,0,0,0,0
2011-12-05 11:24:13.788,336.0,1.3,40.0,-93.8,-65.0,6.66,-65.0,-8.65,10.0,95.53166181,10.0,-18.0,2.0,25.0,1,0,0,0,0
2011-12-05 11:24:14.038,337.0,1.35,36.50000000000001,-93.63333333333333,-76.66666666666667,7.456666666666668,-76.66666666666667,7.376666666666668,12.333333333333336,125.65169,12.333333333333336,-23.0,6.333333333333332,26.33333333333333,1,0,0,0,0
2011-12-05 11:24:14.288,337.0,1.3641666666666667,17.163333333333334,-93.75833333333333,-83.41666666666667,7.888333333333333,-83.41666666666667,36.083333333333336,11.75,72.91690446516667,11.75,-19.25,2.75,24.25,1,0,0,0,0
2011-12-05 11:24:14.538,337.0,1.3824999999999998,-7.800000000000002,-93.75,-52.25,7.565,-52.25,44.3225,14.25,97.960374775,14.25,-17.5,2.25,23.75,1,0,0,0,0
2011-12-05 11:24:14.788,337.0,1.2071428571428569,-48.94285714285714,-93.70000000000002,-48.28571428571429,8.061428571428571,-48.28571428571429,60.542857142857144,10.857142857142858,82.48353171285714,10.857142857142858,-19.0,4.0,23.42857142857143,1,0,0,0,0
2011-12-05 11:24:15.038,338.0,0.975,-48.475,-93.7,-55.0,7.9525000000000015,-55.0,58.77499999999999,9.25,68.0931131225,9.25,-20.0,5.0,26.25,1,0,0,0,0
2011-12-05 11:24:15.288,338.0,0.865,-16.91,-93.5375,-54.5,7.8287499999999985,-54.5,52.9375,10.375,61.00476983875,10.375,-20.25,2.5,28.125,1,0,0,0,0
2011-12-05 11:24:15.538,338.0,1.2763636363636364,32.32727272727272,-93.60909090909092,-46.90909090909091,7.48090909090909,-46.90909090909091,28.40363636363637,-3.1818181818181817,-20.223854657272728,-3.1818181818181817,-18.63636363636364,3.5454545454545454,25.363636363636363,1,0,0,0,0
2011-12-05 11:24:15.788,338.0,1.346666666666667,50.33333333333334,-93.7,-45.33333333333334,7.2,-45.33333333333334,-5.883333333333333,1.0,7.538446216666667,1.0,-18.0,2.6666666666666665,23.66666666666667,1,0,0,0,0
2011-12-05 11:24:16.038,339.0,1.725,45.975,-93.7,-56.0,6.8625,-56.0,-12.6075,13.5,14.771032064999993,13.5,-20.0,4.5,24.5,1,0,0,0,0
2011-12-05 11:24:16.288,339.0,1.6775,42.975,-93.7,-59.25,6.927499999999998,-59.25,12.3,-2.5,-9.217664497500003,-2.5,-18.75,1.75,29.0,1,0,0,0,0
2011-12-05 11:24:16.538,339.0,1.6166666666666665,18.915000000000006,-93.61666666666667,-68.5,7.56,-68.5,35.45,8.833333333333334,66.03772260833334,8.833333333333334,-20.166666666666668,3.333333333333333,23.83333333333333,1,0,0,0,0
2011-12-05 11:24:16.788,339.0,1.62,-13.5,-93.6,-59.0,7.47,-59.0,61.5,12.0,116.8994888,12.0,-17.0,1.0,23.0,1,0,0,0,0
2011-12-05 11:24:17.038,862.0,1.48625,-46.55,-93.4625,-49.875,7.3912499999999985,-49.875,60.9,12.5,78.53617308187498,12.5,-19.75,5.25,22.0,1,0,0,0,0
2011-12-05 11:24:17.288,862.0,0.9557142857142856,-37.74285714285714,-93.55714285714286,-54.85714285714285,7.589999999999999,-54.85714285714285,61.57142857142857,19.571428571428573,75.07052354714288,19.571428571428573,-20.0,2.4285714285714284,24.857142857142854,1,0,0,0,0
2011-12-05 11:24:17.538,862.0,0.8822222222222221,-2.851111111111111,-93.47777777777776,-45.22222222222222,7.969999999999999,-45.22222222222222,56.655555555555566,15.111111111111109,69.5207151701111,15.111111111111109,-20.444444444444443,2.2222222222222223,28.0,1,0,0,0,0
2011-12-05 11:24:17.788,862.0,1.07,35.97142857142857,-93.48571428571428,-38.0,7.975714285714284,-38.0,39.18571428571429,3.8571428571428568,27.64880593571429,3.8571428571428568,-18.428571428571427,4.0,25.0,1,0,0,0,0
2011-12-05 11:24:18.038,340.0,1.4475000000000002,49.625,-93.575,-40.0,7.205,-40.0,-24.525,3.5,24.9468671725,3.5,-18.75,2.25,23.5,1,0,0,0,0
2011-12-05 11:24:18.288,340.0,1.5319999999999998,50.74,-93.5,-36.8,7.556,-36.8,-10.22,9.2,55.888039734799996,9.2,-18.2,4.0,24.4,1,0,0,0,0
2011-12-05 11:24:18.538,340.0,1.7879999999999998,35.09,-93.52,-54.5,7.793000000000001,-54.5,38.685,5.3,52.85848230700001,5.3,-20.4,4.8,24.8,1,0,0,0,0
2011-12-05 11:24:18.788,340.0,1.7983333333333331,4.833333333333333,-93.46666666666664,-71.66666666666667,7.998333333333334,-71.66666666666667,59.095,11.5,57.53629563666666,11.5,-21.0,2.333333333333333,22.83333333333333,1,0,0,0,0
2011-12-05 11:24:19.038,341.0,1.608,-38.17999999999999,-93.4,-67.0,7.978,-67.0,74.32000000000002,21.2,97.94147784,21.2,-20.2,3.6,20.2,1,0,0,0,0
2011-12-05 11:24:19.288,341.0,1.3714285714285714,-49.985714285714295,-93.35714285714286,-37.857142857142854,7.847142857142857,-37.857142857142854,72.82857142857142,16.857142857142858,113.59377084285715,16.857142857142858,-22.0,3.2857142857142856,21.0,1,0,0,0,0
2011-12-05 11:24:19.538,341.0,1.1077777777777778,-39.177777777777784,-93.23333333333336,-37.333333333333336,7.6033333333333335,-37.333333333333336,73.13333333333333,18.88888888888889,80.99161109666666,18.88888888888889,-18.0,4.111111111111111,24.33333333333333,1,0,0,0,0
2011-12-05 11:24:19.788,341.0,0.8825000000000001,-6.87,-93.275,-48.25,7.375,-48.25,67.42500000000001,17.25,90.91665975,17.25,-18.25,3.25,26.75,1,0,0,0,0
2011-12-05 11:24:20.038,342.0,0.8122222222222222,47.82222222222222,-93.13333333333334,-46.555555555555564,7.781111111111111,-46.555555555555564,31.566666666666666,12.777777777777779,51.592890047888886,12.777777777777779,-21.444444444444443,2.2222222222222223,29.555555555555557,1,0,0,0,0
2011-12-05 11:24:20.288,342.0,1.2075,58.75,-93.15,-29.5,8.0525,-29.5,-20.195,8.75,72.623873005,8.75,-20.5,5.5,23.75,1,0,0,0,0
2011-12-05 11:24:20.538,342.0,1.5066666666666668,56.4888888888889,-93.3,-27.777777777777782,7.833333333333332,-27.777777777777782,-24.542222222222215,9.666666666666666,40.819320815555564,9.666666666666666,-20.222222222222218,3.0,21.88888888888889,1,0,0,0,0
2011-12-05 11:24:20.788,342.0,1.7244444444444444,51.13333333333333,-93.23333333333332,-37.444444444444436,7.204444444444443,-37.444444444444436,42.711111111111116,12.111111111111109,65.5440809788889,12.111111111111109,-18.222222222222218,3.4444444444444446,22.777777777777782,1,0,0,0,0
2011-12-05 11:24:21.038,343.0,1.723,-0.08699999999999956,-93.22,-46.1,8.049,-46.1,77.04,8.0,90.771085857,8.0,-22.8,4.3,23.0,1,0,0,0,0
2011-12-05 11:24:21.288,343.0,1.55125,-32.525,-93.2,-51.0,8.203750000000001,-51.0,85.23750000000003,29.125,115.47032554125,29.125,-19.625,4.0,22.125,1,0,0,0,0
2011-12-05 11:24:21.538,343.0,1.5133333333333334,-43.53333333333333,-93.23333333333332,-40.333333333333336,7.94,-40.333333333333336,86.60000000000002,22.0,134.99557966666669,22.0,-20.0,1.6666666666666667,21.66666666666667,1,0,0,0,0
2011-12-05 11:24:21.788,343.0,1.3583333333333334,-23.88666666666667,-93.03333333333332,-22.66666666666667,6.920000000000001,-22.66666666666667,83.16666666666667,16.833333333333332,73.390228335,16.833333333333332,-19.166666666666668,7.5,20.33333333333333,1,0,0,0,0
2011-12-05 11:24:22.038,344.0,0.89375,32.1075,-92.7375,-34.0,6.82,-34.0,63.6875,8.25,31.252820069749998,8.25,-17.75,3.125,27.0,1,0,0,0,0
2011-12-05 11:24:22.288,344.0,0.58,69.56666666666666,-92.90000000000002,-32.333333333333336,7.246666666666667,-32.333333333333336,5.2,7.0,45.38840689,7.0,-20.0,3.6666666666666665,29.66666666666667,1,0,0,0,0
2011-12-05 11:24:22.538,344.0,0.902,55.4,-93.02,-23.9,7.418000000000001,-23.9,-41.83,3.8,13.787350880400002,3.8,-20.4,3.0,26.5,1,0,0,0,0
2011-12-05 11:24:22.788,344.0,1.185,70.0,-93.1,-16.25,7.2075,-16.25,11.7175,5.75,28.958394820250007,5.75,-20.25,4.75,25.75,1,0,0,0,0
2011-12-05 11:24:23.038,345.0,1.18,25.41666666666667,-93.15,-20.33333333333333,7.326666666666665,-20.33333333333333,76.2,6.666666666666668,35.141861535,6.666666666666668,-21.0,4.0,26.33333333333333,1,0,0,0,0
2011-12-05 11:24:23.288,345.0,1.1390909090909092,-9.86181818181818,-93.10909090909092,-26.363636363636363,7.542727272727274,-26.363636363636363,89.12727272727274,5.181818181818182,29.302315594818182,5.181818181818182,-20.545454545454547,3.4545454545454546,26.0,1,0,0,0,0
2011-12-05 11:24:23.538,345.0,1.1,-29.55,-93.1,-27.5,7.665,-27.5,94.8,5.0,30.165645830000006,5.0,-19.5,3.0,27.5,1,0,0,0,0
2011-12-05 11:24:23.788,345.0,1.093,-21.36,-93.1,-24.4,7.586999999999999,-24.4,91.56,4.8,28.764955185999998,4.8,-20.3,3.6,27.9,1,0,0,0,0
2011-12-05 11:24:24.038,346.0,1.14,6.695,-93.1,-29.0,7.76,-29.0,85.19999999999997,5.0,33.4854531,5.0,-21.25,3.5,28.75,1,0,0,0,0
2011-12-05 11:24:24.288,346.0,1.2014285714285715,47.88571428571429,-93.01428571428572,-26.0,7.86142857142857,-26.0,68.88571428571429,4.0,27.18931489142857,4.0,-20.714285714285715,3.7142857142857135,28.0,1,0,0,0,0
2011-12-05 11:24:24.538,346.0,1.337142857142857,77.39999999999998,-93.0,-28.714285714285715,7.757142857142857,-28.714285714285715,-33.05,3.2857142857142856,21.820404899142858,3.2857142857142856,-19.857142857142858,4.285714285714286,27.42857142857143,1,0,0,0,0
2011-12-05 11:24:24.788,324.5,1.3137500000000002,66.38875,-92.85,-25.375,7.55625,-25.375,21.4625,3.375,21.091684785374998,3.375,-19.625,3.5,26.875,1,1,0,0,0
2011-12-05 11:24:25.038,347.0,1.4049999999999998,32.325,-92.5,-26.0,7.340000000000002,-26.0,84.25,1.0,6.605294552999999,1.0,-18.75,2.5,26.25,0,1,0,0,0
2011-12-05 11:24:25.288,347.0,1.46,21.576,-92.46,-22.6,7.216000000000001,-22.6,87.10000000000002,-3.0,-15.150899337400002,-3.0,-19.6,3.8,23.2,0,1,0,0,0
2011-12-05 11:24:25.538,347.0,1.4416666666666664,-11.956666666666667,-92.41666666666669,-31.16666666666667,5.971666666666668,-31.16666666666667,97.73333333333336,10.333333333333334,50.03090626666667,10.333333333333334,-18.5,4.0,22.16666666666667,0,1,0,0,0
2011-12-05 11:24:25.788,347.0,1.1614285714285713,-21.585714285714282,-92.42857142857142,-63.57142857142857,4.891428571428572,-63.57142857142857,101.81428571428572,60.85714285714285,116.69847501428569,60.85714285714285,-16.571428571428573,4.142857142857143,30.57142857142857,0,1,0,0,0
2011-12-05 11:24:26.038,348.0,0.9575,-13.6475,-92.375,-61.25,4.7425,-61.25,98.95,88.25,129.754097625,88.25,-18.75,2.0,29.0,0,1,0,0,0
2011-12-05 11:24:26.288,348.0,1.255,19.335,-92.38,-49.5,5.285,-49.5,94.67,100.9,120.38899455,100.9,-17.3,4.3,27.2,0,1,0,0,0
2011-12-05 11:24:26.538,348.0,1.608,75.82,-92.46,-29.0,6.425999999999998,-29.0,70.18,128.4,93.645893142,128.4,-19.6,4.2,24.4,0,1,0,0,0
2011-12-05 11:24:26.788,348.0,1.665,78.65,-92.55,-36.0,6.61,-36.0,-81.44999999999997,104.5,93.744356345,104.5,-18.5,3.0,23.5,0,1,0,0,0
2011-12-05 11:24:27.038,349.0,1.2566666666666666,80.2,-92.5,-60.33333333333334,6.099999999999999,-60.33333333333334,-76.99999999999999,86.0,130.08007033333334,86.0,-14.0,3.6666666666666665,26.66666666666667,0,1,0,0,0
2011-12-05 11:24:27.288,349.0,1.1075,58.49999999999999,-92.475,-60.5,7.1099999999999985,-60.5,41.825,57.75,123.51486382500002,57.75,-16.25,3.25,28.75,0,1,0,0,0
2011-12-05 11:24:27.538,349.0,1.2311111111111108,24.52,-92.57777777777777,-43.88888888888889,7.7855555555555584,-43.88888888888889,75.52222222222224,9.777777777777779,9.182817402222225,9.777777777777779,-19.444444444444443,3.888888888888889,25.66666666666667,0,1,0,0,0
2011-12-05 11:24:27.788,349.0,1.485,2.2460000000000018,-92.68000000000002,-24.0,6.822,-24.0,67.4,7.7,-42.382742002,7.7,-18.8,3.0,24.0,0,1,0,0,0
2011-12-05 11:24:28.038,350.0,1.3840000000000001,-32.7,-92.7,-41.2,5.43,-41.2,113.4,41.2,71.77001822,41.2,-16.6,2.6,29.0,0,1,0,0,0
2011-12-05 11:24:28.288,350.0,1.3471428571428572,-8.325714285714287,-92.65714285714287,-55.42857142857143,5.814285714285715,-55.42857142857143,105.28571428571428,77.71428571428571,132.14259005714285,77.71428571428571,-15.571428571428573,4.0,30.42857142857143,0,1,0,0,0
2011-12-05 11:24:28.538,350.0,1.5,34.0,-92.7,-49.75,5.9175,-49.75,96.375,112.75,114.437815475,112.75,-14.75,1.5,24.5,0,1,0,0,0
2011-12-05 11:24:28.788,350.0,1.8319999999999999,77.0,-92.6,-29.2,6.513999999999999,-29.2,123.6,139.2,90.35918404799999,139.2,-19.0,3.6,23.6,0,1,0,0,0
2011-12-05 11:24:29.038,351.0,1.7866666666666668,63.73333333333333,-92.63333333333333,-18.33333333333333,6.5233333333333325,-18.33333333333333,-95.96666666666668,132.66666666666666,100.45212374666669,132.66666666666666,-18.0,3.6666666666666665,19.0,0,1,0,0,0
2011-12-05 11:24:29.288,351.0,1.3091666666666666,74.83333333333333,-92.68333333333337,-16.0,6.413333333333334,-16.0,-51.40000000000001,105.75,130.530883525,105.75,-16.25,3.083333333333333,24.91666666666667,0,1,0,0,0
2011-12-05 11:24:29.538,351.0,1.1566666666666665,50.1,-92.63333333333333,-78.0,6.741666666666667,-78.0,95.53333333333336,18.83333333333333,74.69889280999998,18.83333333333333,-17.166666666666668,3.6666666666666665,30.33333333333333,0,1,0,0,0
2011-12-05 11:24:29.788,351.0,1.38,14.4,-92.7,-68.0,6.57,-68.0,108.0,-1.0,-11.65110628,-1.0,-15.0,3.0,23.0,0,1,0,0,0
2011-12-05 11:24:30.038,861.0,1.47,-12.01,-92.76666666666668,-28.0,6.169999999999999,-28.0,115.33333333333331,-47.33333333333334,-130.27656263333336,-47.33333333333334,-15.666666666666664,3.0,20.666666666666668,0,1,0,0,0
2011-12-05 11:24:30.288,861.0,1.4490909090909092,-23.49090909090909,-92.73636363636363,-32.36363636363637,5.89,-32.36363636363637,118.9090909090909,-4.818181818181818,-43.157791198181826,-4.818181818181818,-15.454545454545455,3.8181818181818175,22.454545454545453,0,1,0,0,0
2011-12-05 11:24:30.538,861.0,1.29,-24.5,-92.72,-44.4,6.281999999999999,-44.4,118.2,94.2,130.33553566,94.2,-18.4,3.2,28.6,0,1,0,0,0
2011-12-05 11:24:30.788,861.0,1.4,-24.4,-92.73333333333332,-47.5,6.431666666666668,-47.5,117.66666666666669,128.83333333333334,117.32908431666664,128.83333333333334,-16.166666666666668,3.6666666666666665,22.66666666666667,0,1,0,0,0
2011-12-05 11:24:31.038,352.0,1.6783333333333332,-25.116666666666664,-92.7,-23.33333333333333,6.8583333333333325,-23.33333333333333,117.0,134.66666666666666,72.71147779333334,134.66666666666666,-18.0,5.0,22.66666666666667,0,1,0,0,0
2011-12-05 11:24:31.288,352.0,1.5583333333333336,-25.966666666666665,-92.75833333333333,-10.25,6.9725,-10.25,117.0,144.33333333333334,103.87506332416666,144.33333333333334,-17.833333333333332,3.4166666666666665,19.916666666666668,0,1,0,0,0
2011-12-05 11:24:31.538,352.0,1.11,-26.03333333333333,-92.83333333333331,-9.0,6.786666666666666,-9.0,116.0,113.33333333333331,125.44478586666668,113.33333333333331,-15.0,3.0,23.33333333333333,0,1,0,0,0
2011-12-05 11:24:31.788,352.0,1.03,-26.0,-92.8,-8.0,6.82,-8.0,116.0,107.0,124.288568,107.0,-17.0,4.0,24.0,0,1,0,0,0
2011-12-05 11:24:32.038,353.0,0.9825,-26.075000000000006,-92.8,-53.75,7.0575,-53.75,115.75,13.0,93.4720907525,13.0,-17.25,2.75,27.5,0,1,0,0,0
2011-12-05 11:24:32.288,353.0,1.1720000000000002,-25.26,-92.79999999999998,-16.4,6.692,-16.4,115.2,-6.0,-46.194380181999996,-6.0,-17.6,3.2,22.5,0,1,0,0,0
2011-12-05 11:24:32.538,353.0,1.265,-25.025,-92.8,-10.25,5.85,-10.25,114.0,-9.0,-65.7906516125,-9.0,-14.5,3.5,21.0,0,1,0,0,0
2011-12-05 11:24:32.788,353.0,1.0859999999999999,-23.6,-92.8,-29.8,5.724,-29.8,113.6,25.6,86.861566792,25.6,-15.4,4.4,25.0,0,1,0,0,0
2011-12-05 11:24:33.038,860.0,0.8433333333333333,10.5,-92.76666666666668,-24.66666666666667,5.953333333333332,-24.66666666666667,104.66666666666669,79.66666666666667,124.23041183333332,79.66666666666667,-17.333333333333332,3.6666666666666665,27.0,0,1,0,0,0
2011-12-05 11:24:33.288,860.0,1.0371428571428571,49.814285714285724,-92.79999999999998,-28.714285714285715,6.025714285714287,-28.714285714285715,81.14285714285714,119.57142857142857,109.14421485714287,119.57142857142857,-16.428571428571427,4.142857142857143,26.285714285714285,0,1,0,0,0
2011-12-05 11:24:33.538,860.0,1.2966666666666669,61.11666666666667,-92.7,-17.0,6.8933333333333335,-17.0,-112.5,146.5,96.73821512166668,146.5,-18.0,4.166666666666667,26.5,0,1,0,0,0
2011-12-05 11:24:33.788,860.0,1.2755555555555556,22.427777777777774,-92.72222222222223,-11.888888888888891,7.212222222222222,-11.888888888888891,-63.111111111111114,108.0,94.24056733444445,108.0,-19.33333333333333,3.333333333333333,23.33333333333333,0,1,0,0,0
2011-12-05 11:24:34.038,354.0,1.1616666666666666,51.6,-92.7,-7.0,6.833333333333332,-7.0,-112.0,100.16666666666669,131.75429815333334,100.16666666666669,-17.0,4.166666666666667,26.0,0,1,0,0,0
2011-12-05 11:24:34.288,354.0,1.0600000000000005,68.27777777777777,-92.61111111111113,-30.444444444444446,7.03,-30.444444444444446,61.555555555555564,24.777777777777782,67.55262238555554,24.777777777777782,-18.777777777777782,3.7777777777777777,27.222222222222218,0,1,0,0,0
2011-12-05 11:24:34.538,354.0,1.3088888888888888,12.727777777777776,-92.65555555555555,-22.444444444444446,6.926666666666668,-22.444444444444446,114.11111111111113,-22.0,-121.15481508333332,-22.0,-16.77777777777778,3.888888888888889,26.444444444444446,0,1,0,0,0
2011-12-05 11:24:34.788,354.0,1.642,-20.22,-92.7,-1.8,7.05,-1.8,128.0,-36.8,-135.01104646,-36.8,-20.2,3.8,20.6,0,1,0,0,0
2011-12-05 11:24:35.038,355.0,1.7260000000000002,6.086,-92.78,-13.6,6.040000000000001,-13.6,121.6,-19.8,-102.79060175000002,-19.8,-15.4,3.8,22.0,0,1,0,0,0
2011-12-05 11:24:35.288,355.0,1.6622222222222225,47.655555555555566,-92.72222222222223,-26.444444444444446,6.237777777777778,-26.444444444444446,12.444444444444445,59.0,95.42804112222224,59.0,-17.0,3.6666666666666665,24.11111111111111,0,1,0,0,0
2011-12-05 11:24:35.538,355.0,1.8075,14.65,-92.7,-21.0,6.5375,-21.0,-64.5,94.0,57.02707005,94.0,-18.75,4.25,19.5,0,1,0,0,0
2011-12-05 11:24:35.788,355.0,1.778333333333333,15.9,-92.71666666666664,-13.5,6.723333333333334,-13.5,-86.33333333333331,125.5,59.74627182500001,125.5,-18.33333333333333,3.8333333333333335,19.83333333333333,0,1,0,0,0
2011-12-05 11:24:36.038,356.0,1.8266666666666669,37.8,-92.73333333333332,0.3333333333333333,6.82,0.3333333333333333,-133.0,132.33333333333334,73.36360951666667,132.33333333333334,-18.0,5.333333333333333,19.0,0,1,0,0,0
2011-12-05 11:24:36.288,356.0,1.72,55.77500000000001,-92.725,-1.5,6.7075,-1.5,-66.5,145.75,93.3153023825,145.75,-18.5,3.5,17.25,0,1,0,0,0
2011-12-05 11:24:36.538,356.0,1.1111111111111112,40.944444444444436,-92.71111111111112,-5.4444444444444455,6.19,-5.4444444444444455,125.0,110.77777777777777,124.04695323333334,110.77777777777777,-16.77777777777778,3.111111111111111,21.777777777777782,0,1,0,0,0
2011-12-05 11:24:36.788,356.0,0.93,7.82,-92.7,-20.0,5.68,-20.0,128.0,52.0,125.48260549999999,52.0,-17.0,4.0,24.0,0,1,0,0,0
2011-12-05 11:24:37.038,859.0,1.07,10.06,-92.74285714285715,-28.714285714285715,6.501428571428571,-28.714285714285715,132.57142857142858,-6.571428571428571,-56.734289454285715,-6.571428571428571,-17.142857142857142,3.7142857142857135,22.428571428571423,0,1,0,0,0
2011-12-05 11:24:37.288,859.0,1.1085714285714283,51.74285714285714,-92.77142857142857,-6.142857142857142,6.6157142857142865,-6.142857142857142,18.0,-19.571428571428573,-99.41410270142856,-19.571428571428573,-19.714285714285715,3.571428571428572,19.714285714285715,0,1,0,0,0
2011-12-05 11:24:37.538,859.0,0.93,36.025,-92.775,-5.5,5.817499999999999,-5.5,-146.0,-20.75,-117.95658413,-20.75,-16.5,2.75,21.75,0,1,0,0,0
2011-12-05 11:24:37.788,859.0,0.7799999999999999,11.738888888888885,-92.78888888888888,-35.666666666666664,5.8933333333333335,-35.666666666666664,-110.44444444444444,43.22222222222222,89.8201308777778,43.22222222222222,-16.555555555555557,4.333333333333333,27.33333333333333,0,1,0,0,0
2011-12-05 11:24:38.038,858.0,0.9125,30.125,-92.8,-41.25,6.355,-41.25,-143.75,89.25,133.35001002500002,89.25,-17.75,4.0,26.0,0,1,0,0,0
2011-12-05 11:24:38.288,858.0,0.9925,47.825,-92.8,-43.75,6.4,-43.75,-154.75,124.5,112.553220725,124.5,-18.5,4.0,25.5,0,1,0,0,0
2011-12-05 11:24:38.538,858.0,1.21,44.52727272727273,-92.79999999999998,-30.363636363636363,6.4363636363636365,-30.363636363636363,63.63636363636363,119.0,98.74780947545456,119.0,-18.0,4.545454545454546,24.272727272727273,0,1,0,0,0
2011-12-05 11:24:38.788,858.0,0.9975,19.3025,-92.725,-21.75,5.6275,-21.75,131.0,121.5,109.732775,121.5,-14.25,3.0,24.0,0,1,0,0,0
2011-12-05 11:24:39.038,357.0,0.7075,-6.85375,-92.7,-38.125,6.17,-38.125,141.875,67.0,136.65805905000002,67.0,-17.5,3.5,28.5,0,1,0,0,0
2011-12-05 11:24:39.288,357.0,0.83,3.5025,-92.6625,-50.5,6.00625,-50.5,139.0,53.5,81.769364137625,53.5,-17.0,3.875,30.25,0,1,0,0,0
2011-12-05 11:24:39.538,357.0,1.43,40.542857142857144,-92.70000000000002,-48.14285714285714,6.784285714285714,-48.14285714285714,161.0,-16.285714285714285,-82.85714642857144,-16.285714285714285,-17.428571428571427,3.1428571428571432,25.857142857142854,0,1,0,0,0
2011-12-05 11:24:39.788,357.0,1.3266666666666669,26.91,-92.7,-32.666666666666664,6.926666666666668,-32.666666666666664,-69.0,8.666666666666666,-28.90157799999999,8.666666666666666,-20.33333333333333,3.0,21.66666666666667,0,1,0,0,0
2011-12-05 11:24:40.038,857.0,1.6466666666666665,20.916666666666668,-92.8,-49.66666666666666,5.580000000000001,-49.66666666666666,-145.0,9.166666666666666,11.437806278333335,9.166666666666666,-16.0,4.833333333333333,22.5,0,1,0,0,0
2011-12-05 11:24:40.288,857.0,1.2222222222222223,39.91111111111112,-92.74444444444444,-59.444444444444436,5.254444444444443,-59.444444444444436,-157.55555555555554,73.55555555555556,128.3589977,73.55555555555556,-15.888888888888891,3.111111111111111,26.222222222222218,0,1,0,0,0
2011-12-05 11:24:40.538,857.0,1.4416666666666669,47.81666666666667,-92.8,-36.833333333333336,5.563333333333333,-36.833333333333336,105.5,90.5,70.95550995,90.5,-13.833333333333336,3.8333333333333335,25.5,0,1,0,0,0
2011-12-05 11:24:40.788,857.0,1.5750000000000002,40.0,-92.8,-32.5,5.74,-32.5,137.5,134.0,106.59724825,134.0,-16.5,3.0,26.0,0,1,0,0,0
2011-12-05 11:24:41.038,358.0,1.721666666666667,8.511666666666667,-92.86666666666667,-2.1666666666666665,5.526666666666666,-2.1666666666666665,135.66666666666666,105.5,98.76056858666668,105.5,-13.0,2.6666666666666665,19.666666666666668,0,1,0,0,0
2011-12-05 11:24:41.288,358.0,1.6583333333333334,-4.596666666666667,-92.73333333333332,-26.16666666666667,5.788333333333332,-26.16666666666667,141.66666666666666,104.0,127.61781335,104.0,-19.166666666666668,4.333333333333333,25.66666666666667,0,1,0,0,0
2011-12-05 11:24:41.538,358.0,1.39,2.532857142857143,-92.75714285714285,-49.42857142857143,6.0214285714285705,-49.42857142857143,140.14285714285714,53.14285714285714,129.92117051000002,53.14285714285714,-15.428571428571427,3.8571428571428568,23.42857142857143,0,1,0,0,0
2011-12-05 11:24:41.788,358.0,1.1271428571428568,32.457142857142856,-92.9,-92.85714285714286,6.38,-92.85714285714286,150.28571428571428,-18.857142857142858,-75.70832561142856,-18.857142857142858,-15.571428571428573,3.8571428571428568,27.714285714285715,0,1,0,0,0
2011-12-05 11:24:42.038,359.0,1.162,37.48,-93.28,-79.8,8.157999999999998,-79.8,-153.8,-49.0,-108.74140112799999,-49.0,-21.6,3.2,20.8,0,1,0,0,0
2011-12-05 11:24:42.288,359.0,1.3840000000000001,26.0,-93.28,-71.4,7.056,-71.4,-155.6,-54.2,-110.03121178399999,-54.2,-17.4,3.0,22.4,0,1,0,0,0
2011-12-05 11:24:42.538,359.0,1.3166666666666669,33.266666666666666,-93.3,-75.1111111111111,6.547777777777778,-75.1111111111111,-154.77777777777774,12.444444444444445,50.39546748111112,12.444444444444445,-15.444444444444445,3.2222222222222223,26.11111111111111,0,1,0,0,0
2011-12-05 11:24:42.788,359.0,1.31,46.27500000000001,-93.3,-64.5,6.6775,-64.5,-165.0,69.5,129.78812405,69.5,-18.0,2.5,26.75,0,1,0,0,0
2011-12-05 11:24:43.038,856.0,1.4028571428571428,45.042857142857144,-93.24285714285715,-20.857142857142858,6.8428571428571425,-20.857142857142858,147.85714285714286,128.28571428571428,111.08902075714286,128.28571428571428,-16.142857142857142,2.8571428571428568,22.0,0,1,0,0,0
2011-12-05 11:24:43.288,856.0,1.4933333333333332,22.866666666666664,-93.2,8.5,6.645,8.5,134.66666666666666,126.33333333333331,79.38036362166667,126.33333333333331,-17.0,3.5,22.33333333333333,0,1,0,0,0
2011-12-05 11:24:43.538,856.0,1.4349999999999998,3.755,-93.16666666666669,5.666666666666668,6.681666666666668,5.666666666666668,139.33333333333334,122.33333333333331,107.62963854833336,122.33333333333331,-17.0,4.5,21.166666666666668,0,1,0,0,0
2011-12-05 11:24:43.788,856.0,1.2966666666666666,16.983333333333334,-93.03333333333336,-47.0,6.573333333333332,-47.0,148.0,76.33333333333333,115.61167483,76.33333333333333,-19.0,4.666666666666667,22.33333333333333,0,1,0,0,0
2011-12-05 11:24:44.038,360.0,1.1933333333333334,26.133333333333336,-92.8,-98.0,6.383333333333333,-98.0,149.0,-26.0,-60.94179996,-26.0,-14.333333333333336,2.333333333333333,28.66666666666667,0,1,0,0,0
2011-12-05 11:24:44.288,360.0,1.3050000000000002,43.775,-92.925,-103.25,7.17,-103.25,80.0,-55.75,-98.920246955,-55.75,-18.25,2.75,27.0,0,1,0,0,0
2011-12-05 11:24:44.538,360.0,1.6483333333333332,30.85666666666667,-92.96666666666664,-120.83333333333331,7.051666666666666,-120.83333333333331,-100.5,-74.16666666666667,-74.48812258833334,-74.16666666666667,-19.666666666666668,3.6666666666666665,19.5,0,1,0,0,0
2011-12-05 11:24:44.788,360.0,1.74,21.6,-93.1,-124.0,6.325,-124.0,-144.5,-70.0,-99.68622034,-70.0,-17.5,3.0,19.5,0,1,0,0,0
2011-12-05 11:24:45.038,361.0,0.855,50.46666666666667,-93.06666666666666,-65.0,5.3566666666666665,-65.0,49.66666666666666,49.0,123.45269138333332,49.0,-15.833333333333336,2.333333333333333,25.16666666666667,0,1,0,0,0
2011-12-05 11:24:45.288,361.0,0.96,37.8,-93.05,-35.5,5.625,-35.5,137.5,101.5,119.16772250000001,101.5,-15.5,6.0,24.0,0,1,0,0,0
2011-12-05 11:24:45.538,361.0,1.286,21.026,-93.09,-17.3,6.057,-17.3,78.1,101.0,61.434058353000005,101.0,-17.1,4.1,22.1,0,1,0,0,0
2011-12-05 11:24:45.788,361.0,1.3616666666666666,10.843333333333335,-93.15,-13.666666666666664,6.421666666666668,-13.666666666666664,43.33333333333334,74.66666666666667,44.37627966,74.66666666666667,-18.0,2.6666666666666665,19.33333333333333,0,1,0,0,0
2011-12-05 11:24:46.038,362.0,0.8866666666666667,-2.6366666666666667,-93.09999999999998,10.666666666666666,6.756666666666668,10.666666666666666,143.66666666666666,98.0,129.29050896666666,98.0,-14.666666666666664,4.333333333333333,28.0,0,1,0,0,0
2011-12-05 11:24:46.288,362.0,0.6875,22.692500000000006,-93.175,-34.75,7.0025,-34.75,153.0,39.5,40.33636889250001,39.5,-18.75,3.5,29.25,0,1,0,0,0
2011-12-05 11:24:46.538,362.0,0.9066666666666666,33.09833333333333,-93.18333333333334,-63.16666666666666,7.038333333333334,-63.16666666666666,1.1666666666666667,-7.666666666666668,-52.32371916166666,-7.666666666666668,-16.833333333333332,2.833333333333333,29.66666666666667,0,1,0,0,0
2011-12-05 11:24:46.788,362.0,1.6449999999999998,30.53333333333333,-93.1,-73.5,6.9433333333333325,-73.5,-152.66666666666666,-54.5,-103.87081506833334,-54.5,-22.33333333333333,4.833333333333333,18.5,0,1,0,0,0
2011-12-05 11:24:47.038,855.0,1.764,36.44000000000001,-93.1,-54.6,5.754,-54.6,-158.2,-56.0,-120.67785476,-56.0,-14.6,4.6,24.4,0,1,0,0,0
2011-12-05 11:24:47.288,855.0,1.3871428571428572,50.78571428571429,-93.1,-60.28571428571429,5.998571428571428,-60.28571428571429,-26.857142857142854,32.857142857142854,82.88283407142856,32.857142857142854,-14.0,2.8571428571428568,26.42857142857143,0,1,0,0,0
2011-12-05 11:24:47.538,855.0,1.43,45.2,-93.1,-36.0,6.3,-36.0,142.0,57.0,133.6554429,57.0,-25.0,8.0,27.0,0,1,0,0,0
2011-12-05 11:24:47.788,855.0,1.5833333333333337,23.88555555555556,-93.1,-16.11111111111111,5.825555555555557,-16.11111111111111,101.88888888888887,87.77777777777777,83.36301058888887,87.77777777777777,-14.0,2.888888888888889,24.66666666666667,0,1,0,0,0
2011-12-05 11:24:48.038,363.0,1.9442857142857144,-4.58,-93.05714285714285,14.857142857142858,6.637142857142857,14.857142857142858,141.42857142857142,133.57142857142858,97.34423069571429,133.57142857142858,-13.0,4.285714285714286,19.285714285714285,0,1,0,0,0
2011-12-05 11:24:48.288,363.0,1.80625,10.10625,-93.0,20.125,7.32125,20.125,140.25,124.125,110.35691135,124.125,-19.75,4.5,21.0,0,1,0,0,0
2011-12-05 11:24:48.538,,,,,,,,,,,,,,,0,1,0,0,0
2011-12-05 11:24:48.788,363.0,1.6041666666666667,40.49999999999999,-93.13333333333334,26.33333333333333,7.988333333333332,26.33333333333333,24.0,81.16666666666667,99.35424225166666,81.16666666666667,-15.833333333333336,3.333333333333333,22.58333333333333,0,1,0,0,0
2011-12-05 11:24:49.038,854.0,1.875,23.05,-92.96666666666664,47.66666666666666,8.590000000000002,47.66666666666666,-151.0,17.833333333333332,43.69011624833333,17.833333333333332,-21.33333333333333,3.333333333333333,19.166666666666668,0,1,0,0,0
2011-12-05 11:24:49.288,854.0,1.8216666666666663,32.24166666666667,-92.91666666666669,48.16666666666666,7.7525,48.16666666666666,-154.83333333333334,26.25,55.49509932500001,26.25,-15.0,2.833333333333333,19.0,0,1,0,0,0
2011-12-05 11:24:49.538,854.0,1.7733333333333334,42.66666666666666,-92.73333333333332,52.33333333333334,7.68,52.33333333333334,-53.33333333333334,28.0,53.06475238,28.0,-16.333333333333332,2.6666666666666665,18.666666666666668,0,1,0,0,0
2011-12-05 11:24:49.788,854.0,1.89,35.166666666666664,-92.56666666666666,59.33333333333334,7.669999999999999,59.33333333333334,44.66666666666666,21.33333333333333,44.60721000333334,21.33333333333333,-15.666666666666664,4.333333333333333,18.33333333333333,0,1,0,0,0
2011-12-05 11:24:50.038,364.0,1.461666666666667,3.5066666666666664,-92.16666666666669,84.66666666666667,6.1083333333333325,84.66666666666667,134.0,22.83333333333333,36.053582448333344,22.83333333333333,-13.0,3.333333333333333,20.5,0,1,0,0,0
2011-12-05 11:24:50.288,364.0,1.5930000000000002,5.92,-92.0,88.6,6.353,88.6,136.9,21.3,34.314235643,21.3,-16.3,3.5,17.7,0,1,0,0,0
2011-12-05 11:24:50.538,364.0,1.5,17.156666666666666,-91.81666666666666,92.16666666666669,6.245,92.16666666666669,136.83333333333334,24.16666666666667,34.93360326666667,24.16666666666667,-15.166666666666664,4.0,17.833333333333332,0,1,0,0,0
2011-12-05 11:24:50.788,364.0,1.3175,42.8375,-91.5625,97.875,5.6800000000000015,97.875,40.125,25.125,35.9042987675,25.125,-11.625,3.875,19.125,0,1,0,0,0
2011-12-05 11:24:51.038,365.0,1.0075,35.125,-91.2,105.25,5.73,105.25,-148.5,27.0,36.550805505,27.0,-15.25,2.0,19.25,0,1,0,0,0
2011-12-05 11:24:51.288,365.0,0.9016666666666668,26.399999999999995,-90.93333333333332,108.66666666666669,6.013333333333333,108.66666666666669,-147.33333333333334,28.0,36.84002851333333,28.0,-14.5,3.8333333333333335,21.5,0,1,0,0,0
2011-12-05 11:24:51.538,365.0,0.774,31.86,-90.76,104.8,5.797999999999999,104.8,-151.0,21.6,29.017409374,21.6,-13.2,3.8,21.0,0,1,0,0,0
2011-12-05 11:24:51.788,365.0,0.6950000000000001,47.95,-90.6,115.5,5.4700000000000015,115.5,-168.0,21.5,28.69737383,21.5,-14.5,3.0,23.0,0,1,0,0,0
2011-12-05 11:24:52.038,366.0,0.5483333333333335,20.945,,137.16666666666666,5.183333333333334,137.16666666666666,135.66666666666666,20.5,24.699492110000005,20.5,-12.333333333333336,3.1666666666666665,21.0,0,1,0,0,0
2011-12-05 11:24:52.288,366.0,0.6342857142857143,19.67571428571429,,132.0,4.090000000000002,132.0,152.0,18.571428571428573,23.56862989857143,18.571428571428573,-8.0,3.571428571428572,22.857142857142854,0,1,0,0,0
2011-12-05 11:24:52.538,366.0,0.9145454545454546,4.7709090909090905,,129.0,2.997272727272728,129.0,147.9090909090909,19.818181818181817,25.60502429363636,19.818181818181817,-13.727272727272727,3.272727272727273,26.09090909090909,0,1,0,0,0
2011-12-05 11:24:52.788,366.0,1.124,19.96,,104.2,3.3279999999999994,104.2,147.8,3.4,1.6771802219999998,3.4,-14.0,3.0,22.4,0,1,0,0,0
2011-12-05 11:24:53.038,853.0,1.31,44.5,-90.5,58.0,3.54,58.0,-173.0,4.0,8.575601591,4.0,-14.0,2.0,23.0,0,1,0,0,0
2011-12-05 11:24:53.288,853.0,1.1475,30.775,-90.5875,58.5,4.13875,58.5,-151.875,-11.75,-35.87470525275,-11.75,-14.0,2.625,22.125,0,1,0,0,0
2011-12-05 11:24:53.538,853.0,1.1866666666666663,21.73333333333333,-90.7,51.33333333333334,4.476666666666667,51.33333333333334,-150.0,-17.666666666666668,-56.02332604666668,-17.666666666666668,-12.0,2.333333333333333,22.66666666666667,0,1,0,0,0
2011-12-05 11:24:53.788,853.0,1.284,31.48,-90.64,62.0,4.044,62.0,-22.2,-20.0,-52.504550626,-20.0,-12.6,3.6,22.0,0,1,0,0,0
2011-12-05 11:24:54.038,367.0,1.284,41.3,-90.85,60.0,5.349,60.0,62.2,-15.8,-46.864963200000005,-15.8,-14.4,3.5,21.1,0,1,1,0,0
2011-12-05 11:24:54.288,367.0,1.41,14.34888888888889,-91.23333333333332,63.33333333333334,5.2044444444444435,63.33333333333334,147.44444444444446,-29.444444444444446,-79.24621357111111,-29.444444444444446,-13.888888888888891,3.111111111111111,20.33333333333333,0,1,1,0,0
2011-12-05 11:24:54.538,488.25,1.35875,9.525,-91.3,53.75,5.105,53.75,72.125,-31.75,-82.24819674375,-31.75,-14.5,4.625,21.875,0,1,1,0,0
2011-12-05 11:24:54.788,367.0,1.2025,20.0,-91.15,52.75,5.31625,52.75,-6.75,-29.25,-73.97376302375,-29.25,-15.125,3.75,22.375,0,0,1,0,0
2011-12-05 11:24:55.038,368.0,1.231666666666667,2.7,-91.71666666666664,24.66666666666667,4.858333333333333,24.66666666666667,150.0,-58.16666666666666,-141.58889593333333,-58.16666666666666,-13.5,3.1666666666666665,19.666666666666668,0,0,1,0,0
2011-12-05 11:24:55.288,368.0,1.2512500000000002,2.0025,-91.8,33.5,4.76875,33.5,150.625,-51.0,-133.25942414999997,-51.0,-14.125,3.875,21.625,0,0,1,0,0
2011-12-05 11:24:55.538,368.0,1.35,1.845,-92.0,22.75,4.5925,22.75,149.5,-44.25,-123.34759215,-44.25,-15.5,4.5,22.5,0,0,1,0,0
2011-12-05 11:24:55.788,368.0,1.4088888888888889,2.8077777777777784,-92.03333333333336,20.666666666666668,5.12,20.666666666666668,148.77777777777774,-23.222222222222218,-83.58114777222222,-23.222222222222218,-15.111111111111109,2.555555555555556,22.88888888888889,0,0,1,0,0
2011-12-05 11:24:56.038,369.0,1.665,1.9825,-92.25,10.5,6.24,10.5,149.75,-2.25,-9.2738755225,-2.25,-16.5,3.5,18.5,0,0,1,0,0
2011-12-05 11:24:56.288,369.0,1.907,3.5180000000000002,-92.45,15.2,6.588999999999999,15.2,147.7,-8.3,-41.86517241200001,-8.3,-17.3,3.0,18.1,0,0,1,0,0
2011-12-05 11:24:56.538,369.0,1.8383333333333327,4.648333333333333,-92.66666666666669,22.16666666666667,6.661666666666666,22.16666666666667,145.5,-14.0,-53.83449646316666,-14.0,-16.0,3.6666666666666665,19.166666666666668,0,0,1,0,0
2011-12-05 11:24:56.788,369.0,1.3857142857142857,3.724285714285714,-92.6857142857143,20.714285714285715,5.69,20.714285714285715,145.14285714285714,-37.142857142857146,-120.07128274857142,-37.142857142857146,-16.0,3.2857142857142856,16.285714285714285,0,0,1,0,0
2011-12-05 11:24:57.038,370.0,1.3075,2.7825,-92.525,15.0,4.6825,15.0,145.75,-34.75,-123.165196625,-34.75,-11.75,5.75,20.0,0,0,1,0,0
2011-12-05 11:24:57.288,370.0,1.169166666666667,2.4666666666666672,-92.58333333333331,19.0,5.715833333333332,19.0,146.83333333333334,-22.58333333333333,-88.84632275416668,-22.58333333333333,-15.416666666666664,2.833333333333333,21.0,0,0,1,0,0
2011-12-05 11:24:57.538,370.0,1.1700000000000002,1.25,-92.7,14.666666666666664,6.676666666666668,14.666666666666664,149.66666666666666,-29.0,-75.94198849333334,-29.0,-13.666666666666664,4.0,21.0,0,0,1,0,0
2011-12-05 11:24:57.788,370.0,1.3228571428571427,0.3971428571428572,-92.9,8.0,7.044285714285714,8.0,149.85714285714286,-20.857142857142858,-86.32915069571429,-20.857142857142858,-17.571428571428573,3.1428571428571432,18.857142857142858,0,0,1,0,0
2011-12-05 11:24:58.038,851.0,1.5533333333333337,-1.3133333333333332,-93.0,13.0,7.216666666666666,13.0,149.66666666666666,-15.666666666666664,-71.30460365666666,-15.666666666666664,-18.0,2.6666666666666665,18.666666666666668,0,0,1,0,0
2011-12-05 11:24:58.288,851.0,1.34625,-1.0325000000000002,-93.0375,6.625,7.25,6.625,148.75,-29.0,-111.03368601375,-29.0,-19.25,3.625,18.625,0,0,1,0,0
2011-12-05 11:24:58.538,851.0,1.05,-1.4760000000000002,-92.96,3.7,6.422000000000001,3.7,148.7,-38.7,-131.30772872900002,-38.7,-15.6,3.0,19.1,0,0,1,0,0
2011-12-05 11:24:58.788,851.0,0.84,-2.63,-92.8,3.0,5.73,3.0,149.0,-34.0,-133.2855202,-34.0,-14.0,2.0,21.0,0,0,1,0,0
2011-12-05 11:24:59.038,371.0,0.805,-2.72,-92.8,11.0,5.7349999999999985,11.0,149.0,-30.0,-110.8250693,-30.0,-16.5,2.0,22.0,0,0,1,0,0
2011-12-05 11:24:59.288,371.0,0.8814285714285715,-2.79,-92.75714285714285,1.2857142857142858,6.160000000000001,1.2857142857142858,149.0,-31.285714285714285,-111.05216400999998,-31.285714285714285,-16.571428571428573,3.1428571428571432,23.57142857142857,0,0,1,0,0
2011-12-05 11:24:59.538,371.0,1.204,0.17800000000000002,-92.82,-0.4,6.4700000000000015,-0.4,148.4,-10.2,-34.029417601999995,-10.2,-16.6,3.4,19.4,0,0,1,0,0
2011-12-05 11:24:59.788,371.0,1.4381818181818182,17.96181818181818,-93.07272727272728,5.2727272727272725,6.49909090909091,5.2727272727272725,148.36363636363637,-22.454545454545453,-88.9421094490909,-22.454545454545453,-17.545454545454547,3.1818181818181817,19.727272727272727,0,0,1,0,0
2011-12-05 11:25:00.038,372.0,1.5200000000000002,32.56666666666667,-93.09999999999998,12.0,6.760000000000002,12.0,158.66666666666666,-27.0,-99.20505722,-27.0,-17.0,4.0,19.666666666666668,0,0,1,0,0
2011-12-05 11:25:00.288,372.0,1.2477777777777777,36.42222222222222,-93.01111111111112,12.888888888888891,6.742222222222222,12.888888888888891,162.77777777777774,-24.444444444444446,-90.43562956888887,-24.444444444444446,-18.222222222222218,3.6666666666666665,19.33333333333333,0,0,1,0,0
2011-12-05 11:25:00.538,372.0,0.9540000000000001,29.87,-92.84,7.4,5.889000000000001,7.4,148.4,-39.6,-133.29088911,-39.6,-16.2,4.1,20.9,0,0,1,0,0
2011-12-05 11:25:00.788,372.0,0.9933333333333332,11.64,-92.78333333333336,10.166666666666666,5.778333333333332,10.166666666666666,148.0,-31.66666666666667,-111.53511831833332,-31.66666666666667,-16.0,2.5,23.66666666666667,0,0,1,0,0
2011-12-05 11:25:01.038,373.0,1.27625,-4.855,-92.625,1.375,5.65125,1.375,149.375,-18.125,-84.49979462375,-18.125,-14.75,4.125,22.875,0,0,1,0,0
2011-12-05 11:25:01.288,373.0,1.38,7.268000000000002,-92.8,-0.2,6.096,-0.2,145.8,-23.6,-97.988868024,-23.6,-17.6,3.0,18.4,0,0,1,0,0
2011-12-05 11:25:01.538,373.0,1.49,16.6,-92.9,-12.0,6.23,-12.0,145.0,-5.0,-37.64348721,-5.0,-15.0,2.0,19.0,0,0,1,0,0
2011-12-05 11:25:01.788,373.0,1.192,2.1500000000000004,-92.76,3.2,5.626,3.2,148.8,-35.0,-119.06964268,-35.0,-15.8,3.8,23.2,0,0,1,0,0
2011-12-05 11:25:02.038,374.0,1.286,46.92,-92.93999999999998,1.2,6.784000000000002,1.2,156.6,-25.0,-98.02827263,-25.0,-18.4,2.6,19.2,0,0,1,0,0
2011-12-05 11:25:02.288,374.0,1.432,37.46,-93.01000000000002,1.2,6.394,1.2,147.9,-26.2,-108.640617022,-26.2,-16.1,3.5,19.7,0,0,1,0,0
2011-12-05 11:25:02.538,374.0,1.06,22.3,-92.8,0.0,5.77,0.0,136.0,-31.0,-134.01338619999999,-31.0,-17.0,9.0,18.0,0,0,1,0,0
2011-12-05 11:25:02.788,374.0,1.0785714285714283,13.271428571428574,-92.65714285714287,7.142857142857142,6.127142857142857,7.142857142857142,149.14285714285714,-22.428571428571423,-85.40656969285716,-22.428571428571423,-16.142857142857142,4.0,24.142857142857146,0,0,1,0,0
2011-12-05 11:25:03.038,375.0,1.2175,5.6375,-92.65,1.75,6.7349999999999985,1.75,140.5,-6.0,-48.74309128749999,-6.0,-15.75,3.0,23.25,0,0,1,0,0
2011-12-05 11:25:03.288,375.0,1.5554545454545454,38.127272727272725,-92.82727272727271,10.909090909090908,6.84,10.909090909090908,151.0909090909091,-29.181818181818183,-103.7269943290909,-29.181818181818183,-16.545454545454547,3.363636363636364,21.181818181818183,0,0,1,0,0
2011-12-05 11:25:03.538,375.0,1.3199999999999998,54.975,-92.875,9.75,6.1225000000000005,9.75,169.75,-14.0,-52.0567867315,-14.0,-19.5,3.75,23.0,0,0,1,0,0
2011-12-05 11:25:03.788,375.0,1.1733333333333331,50.6,-92.90000000000002,7.0,5.836666666666668,7.0,149.33333333333334,-46.33333333333334,-133.01380003333335,-46.33333333333334,-17.666666666666668,3.333333333333333,21.0,0,0,1,0,0
2011-12-05 11:25:04.038,376.0,0.7475,25.0,-92.4,5.25,5.05,5.25,133.25,-38.5,-143.21278135000003,-38.5,-12.75,2.0,25.75,0,0,1,0,0
2011-12-05 11:25:04.288,376.0,0.7633333333333333,14.575555555555553,-92.48888888888888,9.222222222222221,5.471111111111112,9.222222222222221,136.33333333333334,-25.66666666666667,-102.32226808888888,-25.66666666666667,-13.333333333333336,3.555555555555556,27.777777777777782,0,0,1,0,0
2011-12-05 11:25:04.538,376.0,1.0453846153846156,13.570769230769232,-92.5846153846154,11.461538461538463,6.32923076923077,11.461538461538463,138.0,-30.69230769230769,-78.74826232076923,-30.69230769230769,-16.307692307692307,3.0769230769230766,24.538461538461537,0,0,1,0,0
2011-12-05 11:25:04.788,376.0,1.1866666666666668,32.833333333333336,-92.63333333333333,16.0,6.163333333333334,16.0,141.0,-50.66666666666666,-139.2310089,-50.66666666666666,-17.0,3.6666666666666665,22.33333333333333,0,0,1,0,0
2011-12-05 11:25:05.038,377.0,1.45,54.8,-92.8,21.0,6.82,21.0,171.0,-16.0,-62.44205673,-16.0,-18.0,2.0,21.0,0,0,1,0,0
2011-12-05 11:25:05.288,377.0,1.4142857142857144,49.61428571428571,-92.77142857142859,14.857142857142858,6.687142857142858,14.857142857142858,157.28571428571428,-26.42857142857143,-92.30917050714285,-26.42857142857143,-15.428571428571427,3.1428571428571432,24.42857142857143,0,0,1,0,0
2011-12-05 11:25:05.538,377.0,1.1549999999999998,29.65,-92.7,6.5,6.66,6.5,136.0,-38.0,-117.78302179999999,-38.0,-18.0,2.0,23.5,0,0,1,0,0
2011-12-05 11:25:05.788,377.0,1.1925,23.67,-92.775,12.75,6.477499999999999,12.75,143.75,-34.75,-123.89579915000002,-34.75,-16.0,2.0,20.25,0,0,1,0,0
2011-12-05 11:25:06.038,378.0,0.7566666666666666,-0.40111111111111103,-92.66666666666669,8.777777777777779,5.986666666666667,8.777777777777779,139.44444444444446,-34.55555555555556,-134.11958621111108,-34.55555555555556,-16.444444444444443,3.6666666666666665,26.555555555555557,0,0,1,0,0
2011-12-05 11:25:06.288,378.0,0.8525,31.3125,-92.575,19.25,6.035,19.25,145.375,-27.5,-96.8426297425,-27.5,-18.375,3.625,30.0,0,0,1,0,0
2011-12-05 11:25:06.538,378.0,1.36,50.64285714285714,-92.8142857142857,18.142857142857142,6.822857142857143,18.142857142857142,-24.42857142857143,-37.714285714285715,-113.82118881285713,-37.714285714285715,-18.857142857142858,4.428571428571429,22.714285714285715,0,0,1,0,0
2011-12-05 11:25:06.788,378.0,1.495,52.96666666666667,-92.91666666666669,18.166666666666668,6.8583333333333325,18.166666666666668,-0.3333333333333333,-31.16666666666667,-111.65336077333332,-31.16666666666667,-19.5,3.1666666666666665,22.16666666666667,0,0,1,0,0
2011-12-05 11:25:07.038,379.0,1.3449999999999998,25.05,-92.9,8.833333333333334,5.9833333333333325,8.833333333333334,140.66666666666666,-25.5,-101.77023758166666,-25.5,-16.166666666666668,2.5,25.83333333333333,0,0,1,0,0
2011-12-05 11:25:07.288,379.0,1.05625,6.8825,-92.9875,10.25,6.262499999999998,10.25,142.125,-36.125,-127.0519010625,-36.125,-16.5,3.0,23.75,0,0,1,0,0
2011-12-05 11:25:07.538,379.0,0.8266666666666667,-5.33,-93.13333333333334,-5.833333333333332,6.495,-5.833333333333332,142.33333333333334,-39.333333333333336,-145.47596831666667,-39.333333333333336,-19.5,3.0,28.0,0,0,1,0,0
2011-12-05 11:25:07.788,379.0,0.8166666666666668,12.106666666666667,-93.06666666666666,0.3333333333333333,6.466666666666668,0.3333333333333333,140.33333333333334,-36.66666666666666,-138.248246,-36.66666666666666,-17.666666666666668,2.333333333333333,29.0,0,0,1,0,0
2011-12-05 11:25:08.038,850.0,1.153333333333333,39.833333333333336,-93.33333333333331,16.0,7.326666666666665,16.0,-60.66666666666666,-9.666666666666666,-22.46506582333333,-9.666666666666666,-19.0,3.0,27.66666666666667,0,0,1,0,0
2011-12-05 11:25:08.288,850.0,1.484,49.2,-93.39,17.4,8.123,17.4,-66.0,-16.0,-80.62869688599999,-16.0,-21.2,4.0,23.5,0,0,1,0,0
2011-12-05 11:25:08.538,850.0,1.8290909090909089,30.82727272727273,-93.48181818181818,15.727272727272727,8.355454545454547,15.727272727272727,143.9090909090909,-26.0,-120.20500987272727,-26.0,-19.90909090909091,3.5454545454545454,23.90909090909091,0,0,1,0,0
2011-12-05 11:25:08.788,850.0,2.035,6.2733333333333325,-93.53333333333336,20.83333333333333,8.498333333333333,20.83333333333333,138.5,-22.33333333333333,-107.903585565,-22.33333333333333,-21.0,5.333333333333333,24.33333333333333,0,0,1,0,0
2011-12-05 11:25:09.038,380.0,1.7900000000000005,-4.1975,-93.4,23.75,8.260000000000002,23.75,141.5,-28.0,-97.98727052,-28.0,-21.5,4.0,20.75,0,0,1,0,0
2011-12-05 11:25:09.288,380.0,1.5677777777777775,8.562222222222221,-93.24444444444444,12.444444444444445,7.665555555555558,12.444444444444445,140.33333333333334,-32.44444444444444,-137.80703884444443,-32.44444444444444,-19.444444444444443,2.888888888888889,19.777777777777782,0,0,1,0,0
2011-12-05 11:25:09.538,380.0,1.33,28.9,-93.1,16.0,7.05,16.0,146.0,-26.0,-137.71380259999998,-26.0,-17.0,3.0,26.0,0,0,1,0,0
2011-12-05 11:25:09.788,380.0,1.54,19.7675,-93.225,22.0,7.475,22.0,150.5,-19.75,-98.3524679,-19.75,-19.5,2.75,25.0,0,0,1,0,0
2011-12-05 11:25:10.038,381.0,1.9185714285714288,46.371428571428574,-92.6857142857143,14.714285714285715,6.154285714285713,14.714285714285715,-158.85714285714286,-22.285714285714285,-95.82895489571429,-22.285714285714285,-15.714285714285715,4.0,23.285714285714285,0,0,1,0,0
2011-12-05 11:25:10.288,381.0,1.9636363636363636,48.43636363636365,-92.78181818181817,16.727272727272727,6.385454545454545,16.727272727272727,40.27272727272727,-30.818181818181817,-123.51592128909093,-30.818181818181817,-17.818181818181817,2.8181818181818183,18.454545454545453,0,0,1,0,0
2011-12-05 11:25:10.538,381.0,2.46,22.738000000000003,-92.86,21.4,6.016,21.4,137.6,-28.2,-99.042885184,-28.2,-14.6,4.0,18.2,0,0,1,0,0
2011-12-05 11:25:10.788,381.0,2.1244444444444444,4.145555555555556,-92.85555555555555,10.0,6.8599999999999985,10.0,140.11111111111111,-22.88888888888889,-97.60062617888892,-22.88888888888889,-18.444444444444443,3.2222222222222223,17.22222222222222,0,0,1,0,0
2011-12-05 11:25:11.038,382.0,1.4349999999999998,30.950000000000006,-93.125,-5.25,6.0600000000000005,-5.25,150.0,-29.0,-141.74805095000005,-29.0,-16.25,4.5,17.25,0,0,1,0,0
2011-12-05 11:25:11.288,382.0,1.119,42.32,-92.89,3.4,5.532000000000001,3.4,29.3,-9.9,-53.93239371039999,-9.9,-15.6,3.5,20.3,0,0,1,0,0
2011-12-05 11:25:11.538,382.0,0.9625,38.525,-93.0,-5.5,6.24,-5.5,-84.25,-14.25,-78.43324100875,-14.25,-21.0,4.5,19.75,0,0,1,0,0
2011-12-05 11:25:11.788,382.0,0.83375,48.475,-93.075,-4.375,6.71625,-4.375,-163.625,-18.625,-74.110441818,-18.625,-19.875,3.375,19.375,0,0,1,0,0
2011-12-05 11:25:12.038,383.0,0.936,43.84,-93.26,15.4,6.76,15.4,147.2,-29.0,-108.85290909,-29.0,-17.2,3.6,21.2,0,0,1,0,0
2011-12-05 11:25:12.288,383.0,0.95375,29.675,-93.2875,10.375,6.8287499999999985,10.375,141.5,-13.375,-77.31695852125,-13.375,-17.375,3.5,22.125,0,0,1,0,0
2011-12-05 11:25:12.538,383.0,1.1333333333333333,10.517777777777779,-93.3,6.4444444444444455,7.0299999999999985,6.4444444444444455,137.55555555555554,-20.33333333333333,-103.61893919444445,-20.33333333333333,-17.0,3.6666666666666665,21.555555555555557,0,0,1,0,0
2011-12-05 11:25:12.788,383.0,1.12,25.375,-93.375,17.75,7.0775000000000015,17.75,139.5,-17.25,-95.7928476125,-17.25,-18.75,2.5,23.0,0,0,1,0,0
2011-12-05 11:25:13.038,384.0,1.2775,48.60000000000001,-93.5,15.0,7.525,15.0,-82.25,-29.5,-120.76899109999998,-29.5,-20.75,3.5,18.5,0,0,1,1,0
2011-12-05 11:25:13.288,384.8571428571428,1.062857142857143,50.957142857142856,-93.57142857142857,15.857142857142858,7.121428571428572,15.857142857142858,-121.28571428571428,-33.285714285714285,-124.36511343857143,-33.285714285714285,-18.857142857142858,3.8571428571428568,21.285714285714285,0,0,1,1,0
2011-12-05 11:25:13.538,385.0,1.0033333333333332,42.3,-93.7,6.666666666666668,6.886666666666668,6.666666666666668,140.33333333333334,-30.33333333333333,-132.88431446666667,-30.33333333333333,-18.0,3.333333333333333,25.0,0,0,0,1,0
2011-12-05 11:25:13.788,385.0,1.3,20.45,-93.6,-2.5,7.57,-2.5,130.5,-25.0,-127.1102572,-25.0,-20.0,4.5,24.5,0,0,0,1,0
2011-12-05 11:25:14.038,386.0,1.3525000000000005,4.3075,-93.6,-4.25,7.84,-4.25,137.0,3.75,21.9526876375,3.75,-20.5,2.0,19.75,0,0,0,1,0
2011-12-05 11:25:14.288,386.0,1.51375,27.59625,-93.6375,7.25,7.32625,7.25,144.125,19.625,88.16389189374998,19.625,-18.5,3.25,20.0,0,0,0,1,0
2011-12-05 11:25:14.538,386.0,1.4987499999999998,49.0625,-93.425,2.875,7.2075,2.875,-74.625,15.5,78.069897987375,15.5,-20.125,3.125,19.375,0,0,0,1,0
2011-12-05 11:25:14.788,386.0,1.4,28.531999999999996,-93.52,-7.2,7.826,-7.2,-33.0,3.6,-12.340131668000007,3.6,-21.0,3.2,19.8,0,0,0,1,0
2011-12-05 11:25:15.038,387.0,1.245,57.25,-93.625,-10.25,6.805,-10.25,-0.25,7.0,36.192601178000004,7.0,-18.0,2.5,21.5,0,0,0,1,0
2011-12-05 11:25:15.288,387.0,1.2716666666666667,46.93333333333334,-93.66666666666669,-1.6666666666666667,6.671666666666666,-1.6666666666666667,96.5,11.666666666666664,56.76313905333333,11.666666666666664,-16.666666666666668,3.333333333333333,22.66666666666667,0,0,0,1,0
2011-12-05 11:25:15.538,387.0,1.4016666666666666,24.066666666666666,-93.53333333333336,1.1666666666666667,7.07,1.1666666666666667,137.5,8.166666666666666,47.64121799333334,8.166666666666666,-18.0,4.833333333333333,23.83333333333333,0,0,0,1,0
2011-12-05 11:25:15.788,387.0,1.5,5.457777777777778,-93.56666666666666,-30.555555555555557,7.183333333333334,-30.555555555555557,138.11111111111111,8.333333333333334,39.226162436777784,8.333333333333334,-19.88888888888889,4.0,18.88888888888889,0,0,0,1,0
2011-12-05 11:25:16.038,388.0,1.528333333333333,6.426666666666668,-93.66666666666669,-4.166666666666667,7.088333333333334,-4.166666666666667,136.66666666666666,33.5,116.36525003,33.5,-18.666666666666668,5.166666666666667,18.83333333333333,0,0,0,1,0
2011-12-05 11:25:16.288,388.0,1.2676923076923077,7.695384615384616,-93.56923076923077,-9.076923076923077,7.176923076923077,-9.076923076923077,136.9230769230769,20.30769230769231,90.9732299123077,20.30769230769231,-18.76923076923077,3.0,20.923076923076927,0,0,0,1,0
2011-12-05 11:25:16.538,388.0,1.2925,10.44375,-93.7,-13.0,7.44,-13.0,137.0,11.75,63.86589254375001,11.75,-20.0,3.625,20.0,0,0,0,1,0
2011-12-05 11:25:16.788,388.0,1.28,15.233333333333334,-93.7,-7.333333333333332,7.416666666666668,-7.333333333333332,136.66666666666666,6.333333333333332,33.79540727,6.333333333333332,-19.33333333333333,4.0,20.0,0,0,0,1,0
2011-12-05 11:25:17.038,389.0,1.26,20.3,-93.7,-7.0,7.31,-7.0,137.0,7.0,41.24104416,7.0,-20.0,4.0,19.0,0,0,0,1,0
2011-12-05 11:25:17.288,389.0,1.2991666666666666,45.08333333333334,-93.71666666666668,-5.416666666666668,6.815833333333333,-5.416666666666668,125.91666666666669,9.166666666666666,56.477040485,9.166666666666666,-16.333333333333332,2.6666666666666665,22.0,0,0,0,1,0
2011-12-05 11:25:17.538,389.0,1.65,39.63333333333333,-93.73333333333332,-22.33333333333333,7.468333333333333,-22.33333333333333,-148.5,19.33333333333333,112.66249039833332,19.33333333333333,-20.666666666666668,5.0,19.166666666666668,0,0,0,1,0
2011-12-05 11:25:17.788,389.0,1.64,27.53333333333333,-93.78333333333336,-36.5,7.428333333333334,-36.5,-137.5,15.0,94.73916611166668,15.0,-20.33333333333333,3.0,18.33333333333333,0,0,0,1,0
2011-12-05 11:25:18.038,390.0,1.624,38.6,-93.8,-23.2,7.172000000000001,-23.2,-145.6,31.2,126.15694562,31.2,-18.2,3.2,17.4,0,0,0,1,0
2011-12-05 11:25:18.288,390.0,1.3485714285714283,52.92857142857143,-93.61428571428571,-6.2857142857142865,7.102857142857142,-6.2857142857142865,-24.142857142857146,19.571428571428573,88.70403780857143,19.571428571428573,-17.0,4.142857142857143,19.714285714285715,0,0,0,1,0
2011-12-05 11:25:18.538,390.0,1.1283333333333334,47.45,-93.73333333333332,-28.0,8.176666666666668,-28.0,166.0,14.0,75.29379039666667,14.0,-21.83333333333333,3.333333333333333,20.0,0,0,0,1,0
2011-12-05 11:25:18.788,390.0,1.0633333333333337,48.2,-93.90000000000002,-22.33333333333333,8.103333333333332,-22.33333333333333,58.0,-3.333333333333333,-30.71280494666667,-3.333333333333333,-20.666666666666668,2.6666666666666665,20.0,0,0,0,1,0
2011-12-05 11:25:19.038,391.0,1.05375,33.775,-93.8875,-16.625,6.8912499999999985,-16.625,-142.0,5.5,36.94711194,5.5,-18.25,4.375,23.0,0,0,0,1,0
2011-12-05 11:25:19.288,391.0,1.182,32.72000000000001,-93.86,-12.8,7.252000000000001,-12.8,-142.4,6.4,52.228928671999995,6.4,-18.0,4.0,23.8,0,0,0,1,0
2011-12-05 11:25:19.538,391.0,1.482,48.32000000000001,-93.86,-33.4,7.986000000000001,-33.4,-89.0,19.6,91.814067276,19.6,-20.2,2.6,21.8,0,0,0,1,0
2011-12-05 11:25:19.788,391.0,1.5900000000000003,54.1,-93.96,-38.0,7.8980000000000015,-38.0,163.6,30.4,113.39407578,30.4,-20.4,3.8,17.4,0,0,0,1,0
2011-12-05 11:25:20.038,392.0,1.3725,41.025,-93.7125,-16.75,7.70375,-16.75,150.125,22.75,110.28809695875,22.75,-17.875,3.0,21.625,0,0,0,1,0
2011-12-05 11:25:20.288,392.0,1.3349999999999995,48.01666666666667,-93.83333333333331,-22.33333333333333,8.065,-22.33333333333333,161.5,19.666666666666668,82.81436242533334,19.666666666666668,-19.5,4.0,19.0,0,0,0,1,0
2011-12-05 11:25:20.538,392.0,1.1483333333333332,44.78333333333333,-93.81666666666666,-11.666666666666664,7.303333333333335,-11.666666666666664,-105.0,5.666666666666668,23.521903145,5.666666666666668,-19.5,3.1666666666666665,21.33333333333333,0,0,0,1,0
2011-12-05 11:25:20.788,392.0,0.925,27.6,-93.7,-7.5,6.56,-7.5,-138.5,4.0,29.25545894725,4.0,-16.0,1.75,27.0,0,0,0,1,0
2011-12-05 11:25:21.038,393.0,1.1166666666666665,28.5,-93.56666666666666,-18.33333333333333,6.803333333333334,-18.33333333333333,-139.33333333333334,4.333333333333333,30.972494009999995,4.333333333333333,-21.0,6.0,27.0,0,0,0,1,0
2011-12-05 11:25:21.288,393.0,1.266,49.60000000000001,-93.5,-34.2,6.757999999999999,-34.2,-161.6,17.4,79.40986556200002,17.4,-21.2,3.6,21.8,0,0,0,1,0
2011-12-05 11:25:21.538,393.0,1.37,55.4,-93.56666666666666,-20.33333333333333,6.683333333333334,-20.33333333333333,55.66666666666666,32.333333333333336,125.2347179,32.333333333333336,-19.666666666666668,2.6666666666666665,23.0,0,0,0,1,0
2011-12-05 11:25:21.788,393.0,1.4985714285714289,40.77142857142858,-93.4,-10.428571428571429,6.147142857142858,-10.428571428571429,146.14285714285714,23.142857142857146,108.38122389571429,23.142857142857146,-16.142857142857142,4.0,24.42857142857143,0,0,0,1,0
2011-12-05 11:25:22.038,394.0,1.258,45.72,-93.52,-15.6,7.087999999999999,-15.6,87.0,14.4,69.74425797,14.4,-21.0,3.6,21.0,0,0,0,1,0
2011-12-05 11:25:22.288,394.0,1.32875,42.6875,-93.5,-9.125,6.5625,-9.125,-11.25,12.25,60.697861534750004,12.25,-17.0,3.875,23.5,0,0,0,1,0
2011-12-05 11:25:22.538,394.0,1.2085714285714284,34.74285714285714,-93.58571428571429,-10.857142857142858,6.499999999999999,-10.857142857142858,-102.14285714285714,18.857142857142858,76.17180131714284,18.857142857142858,-17.857142857142858,2.8571428571428568,26.285714285714285,0,0,0,1,0
2011-12-05 11:25:22.788,394.0,1.344,30.74,-93.52,-20.6,6.776000000000002,-20.6,-82.0,17.2,89.114861246,17.2,-20.0,4.4,26.4,0,0,0,1,0
2011-12-05 11:25:23.038,849.0,1.568,49.44,-93.6,-35.0,7.108,-35.0,-161.2,31.8,123.45575488,31.8,-20.0,2.6,19.8,0,0,0,1,0
2011-12-05 11:25:23.288,849.0,1.6939999999999995,50.34,-93.58,-30.8,7.138,-30.8,38.4,36.8,126.39978366,36.8,-19.8,4.4,20.2,0,0,0,1,0
2011-12-05 11:25:23.538,849.0,1.7528571428571431,46.25714285714286,-93.55714285714285,-11.571428571428573,7.33,-11.571428571428573,161.28571428571428,41.0,113.29117965285715,41.0,-17.285714285714285,2.571428571428572,21.714285714285715,0,0,0,1,0
2011-12-05 11:25:23.788,849.0,1.5599999999999998,48.36666666666667,-93.58333333333331,-19.5,7.66,-19.5,-53.33333333333334,36.333333333333336,115.15599618333334,36.333333333333336,-18.0,2.833333333333333,21.5,0,0,0,1,0
2011-12-05 11:25:24.038,395.0,1.2912499999999998,40.5375,-93.6,-12.625,7.42375,-12.625,-146.125,23.125,93.1138963775,23.125,-17.75,4.875,20.125,0,0,0,1,0
2011-12-05 11:25:24.288,395.0,1.249,35.01,-93.59,-9.2,7.0840000000000005,-9.2,-139.2,30.9,92.68099503200001,30.9,-17.7,2.4,23.9,0,0,0,1,0
2011-12-05 11:25:24.538,395.0,1.27,41.73333333333333,-93.5,-15.0,6.833333333333332,-15.0,-140.66666666666666,30.0,99.07102176,30.0,-17.333333333333332,3.6666666666666665,25.33333333333333,0,0,0,1,0
2011-12-05 11:25:24.788,395.0,1.2966666666666666,46.86666666666667,-93.5,-14.0,7.06,-14.0,-146.33333333333334,26.33333333333333,101.87445167,26.33333333333333,-19.0,1.6666666666666667,24.66666666666667,0,0,0,1,0
2011-12-05 11:25:25.038,396.0,1.5933333333333333,50.17777777777778,-93.56666666666666,-22.66666666666667,7.283333333333332,-22.66666666666667,85.44444444444444,50.444444444444436,129.48598163333335,50.444444444444436,-18.555555555555557,4.111111111111111,19.11111111111111,0,0,0,1,0
2011-12-05 11:25:25.288,396.0,1.76,49.58333333333334,-93.45,-13.666666666666664,6.908333333333334,-13.666666666666664,50.33333333333334,47.5,113.68228488166666,47.5,-15.666666666666664,5.0,20.166666666666668,0,0,0,1,0
2011-12-05 11:25:25.538,396.0,1.5416666666666667,40.96666666666667,-93.33333333333331,-24.0,7.361666666666667,-24.0,-90.5,46.16666666666666,108.11875475833334,46.16666666666666,-20.33333333333333,3.333333333333333,19.166666666666668,0,0,0,1,0
2011-12-05 11:25:25.788,396.0,1.34,30.966666666666665,-93.38888888888887,-17.333333333333332,7.236666666666666,-17.333333333333332,-100.44444444444444,38.111111111111114,100.80315010444444,38.111111111111114,-19.666666666666668,3.6666666666666665,20.666666666666668,0,0,0,1,0
2011-12-05 11:25:26.038,19.0,1.3971428571428572,51.214285714285715,-93.37142857142857,-6.0,6.392857142857142,-6.0,-154.57142857142858,42.0,100.47910925571428,42.0,-15.0,2.8571428571428568,25.0,0,0,0,1,0
2011-12-05 11:25:26.288,19.0,1.5219999999999998,45.62000000000001,-93.32,-11.2,6.797999999999999,-11.2,102.8,36.8,107.361818856,36.8,-18.8,5.4,20.0,0,0,0,1,0
2011-12-05 11:25:26.538,19.0,1.53,39.48571428571428,-93.32857142857141,-17.571428571428573,6.757142857142857,-17.571428571428573,69.85714285714286,43.42857142857143,114.82422951428572,43.42857142857143,-18.142857142857142,3.1428571428571432,18.714285714285715,0,0,0,1,0
2011-12-05 11:25:26.788,19.0,1.5950000000000002,38.75,-93.3,-29.0,6.744999999999999,-29.0,149.5,24.0,111.6289753,24.0,-13.5,2.0,20.5,0,0,0,1,0
2011-12-05 11:25:27.038,20.0,1.6166666666666665,44.61666666666667,-93.3,-16.5,6.826666666666667,-16.5,110.16666666666669,46.5,122.30347335,46.5,-15.833333333333336,3.333333333333333,19.5,0,0,0,1,0
2011-12-05 11:25:27.288,20.0,1.5212500000000002,39.175,-93.2125,-9.625,6.7787500000000005,-9.625,-146.875,37.75,101.40472563,37.75,-17.125,3.25,18.125,0,0,0,1,0
2011-12-05 11:25:27.538,20.0,1.3333333333333333,33.18888888888889,-93.3,-5.333333333333333,6.2733333333333325,-5.333333333333333,-135.44444444444446,26.222222222222218,78.92395856,26.222222222222218,-16.0,3.111111111111111,18.777777777777782,0,0,0,1,0
2011-12-05 11:25:27.788,20.0,1.1919999999999995,52.52,-93.22,5.0,6.216,5.0,-91.0,29.8,85.04659623,29.8,-16.0,5.4,20.2,0,0,0,1,0
2011-12-05 11:25:28.038,21.0,1.1014285714285712,40.357142857142854,-93.25714285714287,-9.714285714285714,6.781428571428571,-9.714285714285714,142.0,32.714285714285715,99.74230104142859,32.714285714285715,-16.571428571428573,2.4285714285714284,24.142857142857146,0,0,0,1,0
2011-12-05 11:25:28.288,21.0,1.0566666666666666,41.966666666666654,-93.3,-27.66666666666667,6.428333333333334,-27.66666666666667,144.33333333333334,38.0,108.71933363666666,38.0,-17.166666666666668,2.6666666666666665,18.5,0,0,0,1,0
2011-12-05 11:25:28.538,21.0,0.9866666666666668,54.26666666666667,-93.26666666666668,-12.666666666666664,6.426666666666666,-12.666666666666664,161.33333333333334,43.0,112.23100315333336,43.0,-19.0,6.666666666666668,19.0,0,0,0,1,0
2011-12-05 11:25:28.788,21.0,1.0571428571428572,53.828571428571436,-93.24285714285715,-10.428571428571429,6.5614285714285705,-10.428571428571429,-116.71428571428572,41.57142857142857,105.12610458571429,41.57142857142857,-16.857142857142858,4.142857142857143,23.0,0,0,0,1,0
2011-12-05 11:25:29.038,848.0,1.1079999999999999,33.42,-93.18999999999998,-15.2,7.273999999999999,-15.2,-133.4,27.9,76.1244107135,27.9,-18.4,3.3,22.4,0,0,0,1,0
2011-12-05 11:25:29.288,848.0,0.9422222222222224,43.77777777777778,-93.27777777777777,-10.333333333333334,7.163333333333332,-10.333333333333334,-147.11111111111111,15.444444444444445,61.11452911755555,15.444444444444445,-18.222222222222218,3.555555555555556,21.555555555555557,0,0,0,1,0
2011-12-05 11:25:29.538,848.0,1.0916666666666666,48.75,-93.26666666666668,-4.166666666666667,6.2700000000000005,-4.166666666666667,102.33333333333331,16.5,59.62646774499999,16.5,-19.0,6.166666666666668,24.0,0,0,0,1,0
2011-12-05 11:25:29.788,848.0,1.11,39.15000000000001,-93.225,-2.25,6.489999999999998,-2.25,139.0,18.5,65.74671731000001,18.5,-16.0,2.25,27.25,0,0,0,1,0
2011-12-05 11:25:30.038,22.0,1.59,51.36666666666667,-93.23333333333332,-19.33333333333333,6.911666666666666,-19.33333333333333,101.0,37.833333333333336,124.19409945,37.833333333333336,-18.33333333333333,3.333333333333333,20.5,0,0,0,1,0
2011-12-05 11:25:30.288,22.0,1.815,51.6,-93.3,-21.0,6.762499999999998,-21.0,-153.25,43.75,126.588133175,43.75,-15.25,2.75,18.25,0,0,0,1,0
2011-12-05 11:25:30.538,22.0,1.455,39.2,-93.2,-9.5,6.76,-9.5,72.75,14.0,72.41570691,14.0,-18.25,4.25,24.0,0,0,0,1,0
2011-12-05 11:25:30.788,22.0,1.2833333333333334,36.63333333333333,-93.4,5.166666666666667,5.741666666666667,5.166666666666667,-135.5,34.5,101.08478949,34.5,-16.166666666666668,3.1666666666666665,21.5,0,0,0,1,0
2011-12-05 11:25:31.038,23.0,1.163333333333333,53.36666666666667,-93.5,-15.0,6.186666666666667,-15.0,-154.0,28.0,115.51234293333334,28.0,-16.666666666666668,3.333333333333333,22.0,0,0,0,1,0
2011-12-05 11:25:31.288,23.0,1.13,53.43076923076924,-93.63846153846156,-26.384615384615387,6.8238461538461515,-26.384615384615387,77.69230769230771,12.615384615384615,66.87034500923076,12.615384615384615,-18.23076923076923,2.6923076923076925,21.538461538461537,0,0,0,1,0
2011-12-05 11:25:31.538,23.0,1.16875,36.1375,-93.8,-16.0,7.52625,-16.0,136.875,6.875,48.72907468875,6.875,-18.25,4.5,23.75,0,0,0,1,0
2011-12-05 11:25:31.788,23.0,1.0242857142857145,47.94285714285714,-93.85714285714286,-15.428571428571427,8.347142857142858,-15.428571428571427,102.71428571428572,7.142857142857142,40.57038116428572,7.142857142857142,-20.571428571428573,3.571428571428572,25.285714285714285,0,0,0,1,0
2011-12-05 11:25:32.038,24.0,0.8699999999999999,41.54,-93.93999999999998,-3.4,8.738,-3.4,-139.8,3.6,27.049272124,3.6,-20.2,2.8,28.2,0,0,0,1,0
2011-12-05 11:25:32.288,24.0,0.98625,33.6,-93.775,-3.875,8.55625,-3.875,-134.75,6.5,47.17869183875,6.5,-20.125,4.75,28.5,0,0,0,1,0
2011-12-05 11:25:32.538,24.0,0.73875,45.3625,-93.5625,-0.875,8.22375,-0.875,-144.375,2.625,23.91365517875,2.625,-17.625,2.875,26.25,0,0,0,1,0
2011-12-05 11:25:32.788,24.0,0.32,55.7,-93.4,8.0,7.81,8.0,-159.0,2.0,21.73733646,2.0,-20.0,-3.0,21.0,0,0,0,1,1
2011-12-05 11:25:33.038,26.0,3.78,44.2,-92.9,4.0,5.59,4.0,138.0,1.0,6.642115953999999,1.0,-17.0,0.0,1.0,0,0,0,0,1
2011-12-05 11:25:33.288,26.0,6.380909090909091,23.018181818181816,-92.55454545454545,-1.181818181818182,3.3327272727272725,-1.181818181818182,136.0909090909091,18.09090909090909,26.76427856,18.09090909090909,-7.8181818181818175,3.0,-6.090909090909091,0,0,0,0,1
2011-12-05 11:25:33.538,26.0,6.560909090909092,7.47,-93.13636363636364,22.272727272727273,4.512727272727271,22.272727272727273,133.45454545454547,137.63636363636363,109.43056685454545,137.63636363636363,-15.636363636363635,,-6.090909090909091,0,0,0,0,1
2011-12-05 11:25:33.788,26.0,3.634,15.624,-93.06,41.8,5.31,41.8,134.4,153.0,81.08319472,153.0,-18.8,4.4,5.8,0,0,0,0,1
2011-12-05 11:25:34.038,27.0,-3.203333333333333,8.103333333333332,-93.13333333333333,42.0,5.9833333333333325,42.0,133.0,,72.72004852666667,,-17.0,1.0,5.333333333333333,0,0,0,0,1
2011-12-05 11:25:34.288,27.0,,9.236666666666668,-93.37777777777781,70.44444444444444,6.243333333333334,70.44444444444444,133.11111111111111,170.55555555555554,90.10861791777779,170.55555555555554,-15.666666666666664,-1.7777777777777777,29.33333333333333,0,0,0,0,1
2011-12-05 11:25:34.538,27.0,-4.575,9.095,-93.3,47.5,5.005,47.5,133.5,144.0,84.087406665,144.0,-10.5,-1.5,28.0,0,0,0,0,1
2011-12-05 11:25:34.788,27.0,,11.0,-93.6,54.0,3.83,54.0,134.0,122.0,108.5220486,122.0,-11.0,0.0,48.0,0,0,0,0,1
2011-12-05 11:25:35.038,28.0,,14.025,-93.725,-16.5,4.8875,-16.5,134.5,61.75,95.7934505675,61.75,-11.25,-0.25,54.75,0,0,0,0,1
2011-12-05 11:25:35.288,28.0,-5.700999999999999,23.84,-93.75,-45.2,7.107000000000001,-45.2,135.2,24.7,50.846455072,24.7,-18.2,-2.1,44.4,0,0,0,0,1
2011-12-05 11:25:35.538,28.0,7.059999999999999,29.560588235294123,-93.25294117647059,8.058823529411764,6.3594117647058805,8.058823529411764,-92.41176470588236,-3.7647058823529416,-29.575035978705888,-3.7647058823529416,-9.764705882352944,4.0,-8.294117647058824,0,0,0,0,1
2011-12-05 11:25:35.788,28.0,3.88,2.8966666666666665,-93.36666666666667,14.666666666666664,4.53,14.666666666666664,-50.66666666666666,75.66666666666667,105.08925940333334,75.66666666666667,,1.0,11.333333333333336,0,0,0,0,1
2011-12-05 11:25:36.038,29.0,6.832727272727272,7.357272727272727,-92.85454545454546,43.54545454545455,4.743636363636363,43.54545454545455,-143.8181818181818,147.0,99.68552894181818,147.0,-9.272727272727273,8.818181818181818,-11.0,0,0,0,0,1
2011-12-05 11:25:36.288,29.0,4.1850000000000005,18.945,-93.1,40.25,5.01,40.25,-146.75,113.5,84.1314450375,113.5,,1.0,-3.5,0,0,0,0,1
2011-12-05 11:25:36.538,29.0,-6.335000000000001,46.63333333333333,-93.63333333333333,85.33333333333333,7.4300000000000015,85.33333333333333,87.5,162.16666666666666,89.26540886,162.16666666666666,-13.0,-3.5,18.83333333333333,0,0,0,0,1
2011-12-05 11:25:36.788,29.0,-5.063846153846153,10.630769230769227,-93.47692307692309,47.07692307692307,5.922307692307693,47.07692307692307,91.76923076923076,101.69230769230771,106.41287243230771,101.69230769230771,-10.769230769230768,2.3076923076923075,31.615384615384613,0,0,0,0,1
2011-12-05 11:25:37.038,30.0,-3.84,22.25714285714286,-93.04285714285713,-51.42857142857143,6.704285714285714,-51.42857142857143,144.14285714285714,-20.0,-69.1551786257143,-20.0,-11.142857142857142,,27.0,0,0,0,0,1
2011-12-05 11:25:37.288,30.0,-0.12285714285714305,27.837142857142855,-92.87142857142858,-43.57142857142857,6.499999999999999,-43.57142857142857,8.857142857142858,-9.142857142857142,-21.114224942857145,-9.142857142857142,-13.142857142857142,4.0,14.714285714285715,0,0,0,0,1
2011-12-05 11:25:37.538,30.0,7.772857142857142,32.028571428571425,-92.07142857142857,-47.714285714285715,4.432857142857143,-47.714285714285715,-153.57142857142858,-46.0,-133.05258460571432,-46.0,,2.0,-6.2857142857142865,0,0,0,0,1
2011-12-05 11:25:37.788,30.0,5.023999999999999,7.419999999999999,-92.0,-3.2,3.5480000000000005,-3.2,-88.6,55.8,76.220522874,55.8,-14.2,6.0,4.4,0,0,0,0,1
2011-12-05 11:25:38.038,31.0,5.93,13.935,-91.95,45.0,5.23,45.0,-146.0,146.0,105.445295745,146.0,-14.5,8.0,-2.5,0,0,0,0,1
2011-12-05 11:25:38.288,31.0,2.92,25.9,-92.1,57.0,6.38,57.0,-146.0,171.0,88.33889011,171.0,-14.0,,-7.0,0,0,0,0,1
2011-12-05 11:25:38.538,31.0,-1.9731578947368416,35.33052631578948,-92.62105263157896,83.15789473684211,7.582105263157895,83.15789473684211,22.78947368421053,159.94736842105263,88.68487235631578,159.94736842105263,-16.684210526315788,2.1052631578947367,11.73684210526316,0,0,0,0,1
2011-12-05 11:25:38.788,31.0,-4.74875,14.4,-92.8375,54.125,4.795,54.125,103.875,125.125,107.8551411325,125.125,,0.25,34.25,0,0,0,0,1
2011-12-05 11:25:39.038,847.0,-3.0333333333333328,29.98333333333333,-92.51666666666668,-2.5,4.998333333333333,-2.5,148.16666666666666,25.83333333333333,57.46135219416666,25.83333333333333,-14.833333333333336,-1.0,27.0,0,0,0,0,1
2011-12-05 11:25:39.288,847.0,0.08714285714285706,32.17142857142857,-92.27142857142857,-14.0,4.967142857142857,-14.0,19.142857142857142,9.857142857142858,-25.37639787,9.857142857142858,-17.142857142857142,1.2857142857142858,12.285714285714285,0,0,0,0,1
2011-12-05 11:25:39.538,847.0,6.935,21.9,-91.6,-25.75,4.855,-25.75,-143.25,-24.75,-139.086316525,-24.75,-13.0,5.25,-7.5,0,0,0,0,1
2011-12-05 11:25:39.788,847.0,8.474545454545455,11.69090909090909,-91.19090909090907,8.909090909090908,3.723636363636363,8.909090909090908,-144.9090909090909,52.0,28.02691610727273,52.0,-11.181818181818182,9.727272727272727,-8.181818181818182,0,0,0,0,1
2011-12-05 11:25:40.038,,,,,,,,,,,,,,,0,0,0,0,1
2011-12-05 11:25:40.288,32.0,3.8960000000000012,41.38,-91.48,58.0,5.186,58.0,-90.0,141.4,94.338237672,141.4,-9.0,5.4,-5.2,0,0,0,0,1
2011-12-05 11:25:40.538,32.0,-1.364285714285714,35.285714285714285,-91.98571428571431,90.0,5.912857142857143,90.0,100.42857142857143,159.14285714285714,78.64790549428571,159.14285714285714,-11.142857142857142,3.1428571428571432,2.2857142857142856,0,0,0,0,1
2011-12-05 11:25:40.788,32.0,-7.115,8.305,-92.4875,66.0,5.2525,66.0,138.375,127.5,103.992714315,127.5,-13.5,-1.75,31.875,0,0,0,0,1
2011-12-05 11:25:41.038,33.0,-5.52,32.8,-92.3,-48.0,4.8,-48.0,150.0,-4.0,-17.82391371,-4.0,-11.0,-4.0,36.0,0,0,0,0,1
2011-12-05 11:25:41.288,33.0,-0.29,37.6,-91.62857142857143,-100.0,4.651428571428572,-100.0,-67.85714285714286,-29.857142857142854,-57.22982810857143,-29.857142857142854,-9.857142857142858,-2.571428571428572,14.0,0,0,0,0,1
2011-12-05 11:25:41.538,33.0,9.3,10.345,-90.8,-57.25,2.9325,-57.25,-147.25,-21.5,-66.78986639225,-21.5,-9.75,9.25,,0,0,0,0,1
2011-12-05 11:25:41.788,33.0,8.3975,19.725,-91.175,-8.75,3.74,-8.75,-149.75,44.75,93.3361852725,44.75,-12.5,0.5,,0,0,0,0,1
2011-12-05 11:25:42.038,34.0,6.88,44.22,-91.6,36.6,5.802000000000001,36.6,-167.4,144.6,111.52733082,144.6,-14.0,,-8.6,0,0,0,0,1
2011-12-05 11:25:42.288,34.0,0.5618181818181817,37.11818181818182,-92.14545454545454,64.45454545454545,6.579090909090909,64.45454545454545,149.36363636363637,145.63636363636363,80.10025072363636,145.63636363636363,-11.454545454545455,0.4545454545454545,0.3636363636363637,0,0,0,0,1
2011-12-05 11:25:42.538,34.0,-1.7233333333333334,23.8,-92.13333333333333,60.0,6.656666666666666,60.0,43.66666666666666,136.33333333333334,98.43870239,136.33333333333334,-17.333333333333332,1.0,8.666666666666666,0,0,0,0,1
2011-12-05 11:25:42.788,34.0,,23.766666666666666,-92.63333333333333,65.0,5.873333333333334,65.0,145.33333333333334,137.33333333333334,113.56448586666666,137.33333333333334,-13.666666666666664,1.6666666666666667,21.0,0,0,0,0,1
2011-12-05 11:25:43.038,35.0,-5.730000000000001,39.628571428571426,-92.28571428571428,-34.57142857142857,3.997142857142857,-34.57142857142857,-20.714285714285715,20.0,33.93400848571429,20.0,-16.571428571428573,-0.14285714285714285,41.57142857142857,0,0,0,0,1
2011-12-05 11:25:43.288,35.0,0.3812500000000001,18.725,-92.2625,-61.0,5.23625,-61.0,-109.125,-27.25,-81.008019575,-27.25,-13.0,-1.5,13.0,0,0,0,0,1
2011-12-05 11:25:43.538,35.0,4.011666666666667,19.516666666666666,-91.78333333333332,-51.16666666666666,4.763333333333334,-51.16666666666666,-97.5,-26.33333333333333,-68.10389909333334,-26.33333333333333,-12.166666666666664,4.666666666666667,-0.3333333333333333,0,0,0,0,1
2011-12-05 11:25:43.788,35.0,3.91125,36.925,-91.55,-36.375,3.6725,-36.375,-75.625,-10.125,-59.51021726249999,-10.125,-7.25,6.5,7.0,0,0,0,0,1
2011-12-05 11:25:44.038,846.0,7.57,52.8,-91.1,-27.0,4.69,-27.0,-175.0,-8.0,-61.18300867,-8.0,-18.0,,-6.0,0,0,0,0,1
2011-12-05 11:25:44.288,846.0,5.16,39.46666666666667,-91.26666666666668,1.3333333333333333,6.286666666666666,1.3333333333333333,143.66666666666666,58.33333333333334,97.27461307666664,58.33333333333334,-9.666666666666666,6.0,-1.3333333333333333,0,0,0,0,1
2011-12-05 11:25:44.538,846.0,-1.95,8.502727272727274,-91.8181818181818,86.45454545454545,6.637272727272728,86.45454545454545,143.8181818181818,120.0909090909091,90.73828110454544,120.0909090909091,-12.454545454545455,2.9090909090909087,10.090909090909092,0,0,0,0,1
2011-12-05 11:25:44.788,846.0,-6.816666666666666,33.01666666666667,-92.05,,4.47,,158.5,145.66666666666666,91.08090084833331,145.66666666666666,-10.666666666666666,-1.0,33.5,0,0,0,0,1
2011-12-05 11:25:45.038,36.0,-5.0975,26.9,-92.2,78.5,4.43,78.5,-152.5,71.125,81.19660536250002,71.125,-20.0,-1.875,35.625,0,0,0,0,1
2011-12-05 11:25:45.288,36.0,3.7258333333333336,30.883333333333336,-91.98333333333332,4.416666666666667,5.299166666666667,4.416666666666667,-159.58333333333334,6.916666666666668,-18.93383190358333,6.916666666666668,-13.166666666666664,0.9166666666666666,-1.9166666666666667,0,0,0,0,1
2011-12-05 11:25:45.538,36.0,3.5,41.03333333333333,-91.93333333333334,28.66666666666667,4.36,28.66666666666667,-167.66666666666666,6.333333333333332,-53.13706620666667,6.333333333333332,-15.666666666666664,4.666666666666667,7.666666666666668,0,0,0,0,1
2011-12-05 11:25:45.788,36.0,2.886,44.22000000000001,-91.88,29.8,4.4700000000000015,29.8,-100.8,21.8,-38.677636354,21.8,-16.2,3.2,8.2,0,0,0,0,1
2011-12-05 11:25:46.038,37.0,8.31,24.58857142857143,-91.22857142857143,18.142857142857142,5.24,18.142857142857142,143.0,18.285714285714285,32.03985544571428,18.285714285714285,-8.571428571428571,,-13.714285714285715,0,0,0,0,1
2011-12-05 11:25:46.288,37.0,0.9533333333333334,13.29,-91.22222222222223,64.1111111111111,5.725555555555554,64.1111111111111,144.44444444444446,73.33333333333333,75.58469382444444,73.33333333333333,-9.555555555555557,0.5555555555555556,4.0,0,0,0,0,1
2011-12-05 11:25:46.538,37.0,-0.99,32.166666666666664,-91.75,61.66666666666666,4.973333333333334,61.66666666666666,148.16666666666666,79.16666666666667,22.142464361666665,79.16666666666667,-12.166666666666664,1.3333333333333333,5.166666666666667,0,0,0,0,1
2011-12-05 11:25:46.788,37.0,-4.611666666666667,45.2,-92.40000000000002,73.5,3.671666666666667,73.5,-62.83333333333334,76.66666666666667,37.72164569333333,76.66666666666667,-15.0,0.3333333333333333,33.5,0,0,0,0,1
2011-12-05 11:25:47.038,38.0,,32.333333333333336,-93.09999999999998,45.33333333333334,3.14,45.33333333333334,-152.0,73.0,92.95595947,73.0,-19.0,-3.0,,0,0,0,0,1
2011-12-05 11:25:47.288,38.0,,37.5625,-92.95,-10.375,5.78875,-10.375,-157.375,7.25,-0.19812032512499653,7.25,-17.125,-3.0,44.5,0,0,0,0,1
2011-12-05 11:25:47.538,38.0,-4.756666666666667,43.86666666666667,-92.43333333333332,-5.0,6.06,-5.0,-49.33333333333334,25.33333333333333,32.83361679333333,25.33333333333333,-19.666666666666668,,34.666666666666664,0,0,0,0,1
2011-12-05 11:25:47.788,38.0,6.44,38.675,-91.525,-33.0,6.125,-33.0,136.25,-51.25,-135.582841575,-51.25,-10.0,0.75,-2.5,0,0,0,0,1
2011-12-05 11:25:48.038,39.0,,20.5,-91.35,-25.5,5.355,-25.5,126.5,-41.5,-141.5238871,-41.5,-9.5,9.5,,0,0,0,0,1
2011-12-05 11:25:48.288,39.0,,3.883333333333333,-91.3,1.3333333333333333,6.153333333333332,1.3333333333333333,142.33333333333334,-23.66666666666667,-86.49357456,-23.66666666666667,-12.0,3.6666666666666665,,0,0,0,0,1
2011-12-05 11:25:48.538,39.0,5.646000000000001,5.318666666666667,-91.45333333333332,128.46666666666667,6.1080000000000005,128.46666666666667,152.66666666666666,62.73333333333333,65.02671754266667,62.73333333333333,-11.866666666666667,4.533333333333333,-13.266666666666667,0,0,0,0,1
2011-12-05 11:25:48.788,39.0,-3.97,36.275,-91.8,,3.5125,,168.25,116.25,83.3532042325,116.25,-12.75,2.5,1.75,0,0,0,0,1
2011-12-05 11:25:49.038,845.0,,34.790000000000006,-92.85,,,,-162.5,105.3,80.688492585,105.3,-18.3,-1.6,33.6,0,0,0,0,1
2011-12-05 11:25:49.288,845.0,-5.2650000000000015,36.15000000000001,-93.11666666666667,68.5,5.27,68.5,-160.5,51.5,71.33252551833333,51.5,-17.833333333333332,-4.166666666666667,33.666666666666664,0,0,0,0,1
2011-12-05 11:25:49.538,845.0,-3.0516666666666663,43.21666666666667,-92.43333333333332,95.66666666666669,4.923333333333333,95.66666666666669,0.16666666666666666,64.66666666666667,32.16606802333333,64.66666666666667,-16.166666666666668,0.5,13.5,0,0,0,0,1
2011-12-05 11:25:49.788,845.0,4.215,38.675,-92.7,-29.25,7.6400000000000015,-29.25,148.75,-8.25,-43.2431639175,-8.25,-16.0,-3.5,-7.0,0,0,0,0,1
2011-12-05 11:25:50.038,844.0,,0.995,-92.0,-19.5,6.28,-19.5,146.0,-27.5,-133.0159458,-27.5,-13.5,,,0,0,0,0,1
2011-12-05 11:25:50.288,844.0,,-1.2962499999999997,-91.7375,1.5,6.3587500000000015,1.5,148.25,-1.625,-24.941780898124996,-1.625,-10.125,,,0,0,0,0,1
2011-12-05 11:25:50.538,844.0,1.3983333333333332,26.89333333333333,-92.41666666666669,71.83333333333333,6.716666666666668,71.83333333333333,164.16666666666666,73.66666666666667,86.62334271166668,73.66666666666667,-16.5,0.3333333333333333,-3.5,0,0,0,0,1
2011-12-05 11:25:50.788,844.0,-2.66625,33.7625,-92.85,85.125,5.2475000000000005,85.125,-130.0,96.0,70.92743525,96.0,-13.875,3.0,4.375,0,0,0,0,1
2011-12-05 11:25:51.038,40.0,-6.896666666666667,34.833333333333336,-93.28333333333336,68.16666666666667,3.3833333333333333,68.16666666666667,-158.33333333333334,77.33333333333333,91.30605365333334,77.33333333333333,-17.666666666666668,-1.8333333333333333,43.16666666666666,0,0,0,0,1
2011-12-05 11:25:51.288,40.0,-3.555,41.04166666666667,-92.925,24.83333333333333,4.621666666666666,24.83333333333333,1.75,49.08333333333334,61.3454102975,49.08333333333334,-14.25,-2.583333333333333,26.83333333333333,0,0,0,0,1
2011-12-05 11:25:51.538,40.0,-2.4775,31.35,-92.9,37.0,4.26,37.0,-4.5,63.75,87.06879985,63.75,-8.0,,17.75,0,0,0,0,1
2011-12-05 11:25:51.788,40.0,5.172000000000001,22.640000000000004,-92.32,-44.4,5.722,-44.4,140.6,-18.2,-97.13523415600001,-18.2,,0.6,,0,0,0,0,1
2011-12-05 11:25:52.038,41.0,,0.5866666666666668,-91.5,-9.333333333333334,4.956666666666666,-9.333333333333334,147.33333333333334,-16.333333333333332,-88.34044032333333,-16.333333333333332,,4.0,,0,0,0,0,1
2011-12-05 11:25:52.288,41.0,,6.681666666666668,-91.66666666666669,-18.166666666666668,5.340000000000002,-18.166666666666668,145.0,-20.0,-84.22839669000003,-20.0,-8.0,4.166666666666667,,0,0,0,0,1
2011-12-05 11:25:52.538,41.0,,23.98333333333333,-91.38333333333333,27.16666666666667,6.16,27.16666666666667,149.16666666666666,31.16666666666667,59.129338155,31.16666666666667,-13.333333333333336,,,0,0,0,0,1
2011-12-05 11:25:52.788,41.0,4.437777777777779,36.98888888888889,-92.18888888888887,79.66666666666667,5.9911111111111115,79.66666666666667,-21.0,85.0,83.38999631222222,85.0,-10.555555555555557,-1.1111111111111112,,0,0,0,0,1
2011-12-05 11:25:53.038,42.0,-6.104,36.04,-92.91,101.2,3.375,101.2,-161.0,136.9,94.587254736,136.9,-9.0,-1.4,22.7,0,0,0,0,1
2011-12-05 11:25:53.288,42.0,-5.152222222222221,45.944444444444436,-92.8,64.8888888888889,3.5844444444444443,64.8888888888889,-57.555555555555564,93.66666666666669,88.39298066999999,93.66666666666669,-12.333333333333336,1.2222222222222223,28.555555555555557,0,0,0,0,1
2011-12-05 11:25:53.538,42.0,-3.57,38.1,-93.1,-6.0,5.51,-6.0,140.0,35.0,78.8478265,35.0,-20.0,2.0,31.0,0,0,0,0,1
2011-12-05 11:25:53.788,42.0,-4.99,30.975,-93.075,48.75,4.44,48.75,-10.0,76.5,77.804880975,76.5,-17.0,2.25,24.0,0,0,0,0,1
2011-12-05 11:25:54.038,43.0,-2.7550000000000003,19.3,-93.2,-9.75,5.637499999999998,-9.75,138.5,15.5,54.34346881249999,15.5,-17.25,3.5,31.75,0,0,0,0,1
2011-12-05 11:25:54.288,43.0,-2.106666666666667,8.066666666666666,-93.2,-8.0,5.626666666666668,-8.0,142.0,11.333333333333336,42.015888673333336,11.333333333333336,-14.666666666666664,2.6666666666666665,34.0,0,0,0,0,1
2011-12-05 11:25:54.538,43.0,-0.93,8.449333333333334,-93.1133333333333,0.4666666666666667,6.2893333333333326,0.4666666666666667,139.86666666666667,-3.466666666666667,-16.774046929933334,-3.466666666666667,-15.333333333333336,3.6,32.266666666666666,0,0,0,0,1
2011-12-05 11:25:54.788,43.0,0.4918181818181818,9.802727272727275,-93.1818181818182,4.909090909090909,6.976363636363637,4.909090909090909,140.0909090909091,-1.6363636363636365,-8.76166841309091,-1.6363636363636365,-16.0,3.8181818181818175,28.818181818181817,0,0,0,0,1
2011-12-05 11:25:55.038,44.0,0.914,18.56,-93.3,4.0,7.575999999999999,4.0,141.0,-10.2,-55.993369948,-10.2,-15.6,2.0,28.2,0,0,0,0,1
2011-12-05 11:25:55.288,44.0,1.4,24.7,-93.33333333333331,-31.66666666666667,8.12,-31.66666666666667,142.33333333333334,-22.33333333333333,-124.40379726666669,-22.33333333333333,-17.0,2.6666666666666665,27.66666666666667,0,0,0,0,1
2011-12-05 11:25:55.538,44.0,2.34,34.01666666666667,-93.2,-96.0,8.871666666666668,-96.0,145.83333333333334,-36.833333333333336,-89.71386864166668,-36.833333333333336,-20.5,4.5,23.33333333333333,0,0,0,0,1
2011-12-05 11:25:55.788,44.0,2.147142857142857,34.31428571428572,-93.14285714285715,-127.57142857142857,8.227142857142857,-127.57142857142857,146.42857142857142,-39.285714285714285,-75.96943008999997,-39.285714285714285,-19.714285714285715,4.0,22.57142857142857,0,0,0,0,1
2011-12-05 11:25:56.038,45.0,1.9075,38.925,-93.2,,7.5275,,150.25,-33.5,-55.04051084,-33.5,-15.0,4.0,21.75,0,0,0,0,1
2011-12-05 11:25:56.288,45.0,1.5422222222222222,41.43333333333333,-93.11111111111113,-159.55555555555554,7.74888888888889,-159.55555555555554,151.33333333333334,-32.77777777777778,-57.21115898666666,-32.77777777777778,-18.88888888888889,3.7777777777777777,23.33333333333333,0,0,0,0,1
2011-12-05 11:25:56.538,45.0,0.9233333333333332,42.06666666666667,-93.09999999999998,-162.0,8.299999999999999,-162.0,147.33333333333334,-30.33333333333333,-56.65381986666667,-30.33333333333333,-21.33333333333333,3.333333333333333,27.33333333333333,0,0,0,0,1
2011-12-05 11:25:56.788,45.0,2.04,38.7,-93.2,,7.67,,149.0,-37.0,-60.81262429,-37.0,-16.0,2.0,22.0,0,0,0,0,1
