,acc_x,acc_y,acc_z,grav_x,grav_y,grav_z,gyr_x,gyr_y,gyr_z,magn_x,magn_y,magn_z,orient_yaw,orient_qx,orient_qz,orient_roll,orient_qw,orient_qy,orient_pitch,textwalking
2022-06-19 19:10:10.998231300,-0.8278521474384343,-0.7084474321547609,1.0279747494391525,1.9784962006375768,-5.744604941659593,-7.6967470623953975,-0.009117108232413356,0.1164832563103678,0.39797998448977095,-7.328851993267352,-14.980135404146635,-12.649162879356973,1.0136114494286426,0.16729671165817925,0.3707546688170341,0.2515570928996975,0.636879421464694,0.19732982319122466,0.6258852482524163,0.0
2022-06-19 19:10:11.248231300,-0.4793552841256261,-0.9317170901958944,0.6900695450674295,1.6026608043074904,-5.979642658404349,-7.6045178605710255,0.06318924695253372,0.06305574908852578,0.2744817192852497,-8.39775779724121,-14.958591003417967,-12.48063720703125,2.6472959995305256,-0.016804368415476785,0.9210902122235888,0.2076282050155999,0.19801862883424615,0.3346283707642971,0.6557868484805716,0.0
2022-06-19 19:10:11.498231300,-0.17762994789153336,-0.21825039645159244,0.9769740715988872,1.4346815700043145,-6.328370685736298,-7.347280274933099,0.2566239307448268,0.6052267038822174,0.7372676253318786,-7.222163619995118,-14.79997802734375,-13.41655517578125,2.7925018224159084,-0.029987877577083176,0.9256805802200267,0.19285887145575994,0.1297892023981047,0.3525313531385772,0.7017909944572662,0.0
2022-06-19 19:10:11.748231300,-0.6005291736113428,0.2767344535536766,-0.5588769036307335,2.3116231431437733,-6.804632948901772,-6.608135745002746,-1.2011315808445215,,1.9671275758743283,7.191682319641114,-12.665106811523435,-14.5403271484375,-0.2941327703245218,-0.1651485165768823,0.9000803155024422,0.33339850711057506,-0.09730679131180647,0.3528833224931269,0.7676504937218029,0.0
2022-06-19 19:10:11.998231300,-0.934994022200808,0.334385192868948,-0.5836898110861778,0.9098668177933532,-6.474027905855179,-7.1746308159452665,-0.025775377452373502,-0.3795456558465958,1.9419619321823116,20.328097305297845,-9.593565063476564,-14.23835205078125,-2.168350098337123,-0.2190281204891368,0.8099483404116719,0.12445641442047005,-0.45294902272252396,0.28898584613277306,0.7212552786007427,0.0
2022-06-19 19:10:12.248231300,-0.4852971858656555,0.030196845057845118,-0.7623431983543634,-0.5891427003519908,-6.610498499385238,-7.218853591078398,0.25342004023492337,0.7955878388881683,0.8877664589881897,14.3591455078125,-17.352656860351562,-30.7469580078125,-1.5679403434512724,-0.2282688418808757,0.6649326179946753,-0.08148736057799404,-0.6458381344204547,0.2804319459286181,0.7397676947080156,0.0
2022-06-19 19:10:12.498231300,1.3970940330958814,0.27496894025719165,0.14219741167294978,-1.0212941374779492,-6.4474420032230615,-7.313818734836099,0.07441860765218734,0.20697848681360484,0.6804662466049194,13.838230667114258,-21.424872436523444,-33.8218896484375,-0.9805442777587259,-0.2784647060145853,0.460421303184802,-0.13873579231445887,-0.8110669428110309,0.22220140190503565,0.7175551955932624,0.0
2022-06-19 19:10:12.748231300,1.012941170621246,0.2734011590255499,-0.6740727007036209,-1.3467706585296688,-6.561424519899965,-7.162610123283862,0.13390015995129942,0.6483041226863862,0.7445279669761657,12.499493370056152,-26.30510009765625,-31.27906982421875,-0.5637677413691508,-0.3180798025509229,0.2900156092271185,-0.1858625308704272,-0.8821356937005355,0.18217233929558435,0.7329704613235866,0.0
2022-06-19 19:10:12.998231300,0.6315364056622683,0.31878442053759104,-0.08908534454584123,-1.434659364017725,-6.545366581308246,-7.1597850822292575,0.007626956403255459,0.38877869009971616,0.5255014145374298,11.766778144836426,-29.81049530029297,-28.363388671875,-0.21842987474516626,-0.3431759734422233,0.1362019281446969,-0.1977367155502614,-0.9192409390602916,0.13041474552799634,0.7307994117122351,0.0
2022-06-19 19:10:13.248231300,1.3225304948478342,-0.2979836245712042,0.4139537494817972,-1.4959424743312002,-6.188423285863756,-7.456599592878461,-0.21772788567468526,0.3901044738292694,0.5923307067155839,10.580256843566897,-30.431065368652344,-27.95594970703125,0.02001803250348641,-0.3339657346243369,0.023613486244448336,-0.19802380410372197,-0.9372987599054586,0.09003288156743787,0.6830386027408549,0.0
2022-06-19 19:10:13.498231300,0.40188244599257394,3.0870408686744564,,-0.9757845372334244,-4.079299696324935,-8.6445559988482,-2.6142906033992768,1.3752815079689027,1.0169978356361389,10.462792892456054,-25.50871734619141,-30.796201171875,0.3183528457031291,-0.2198670280920048,-0.13789663427117085,-0.11829460814169715,-0.9585470650202615,0.02574035531196504,0.4359657137261312,0.0
2022-06-19 19:10:13.748231300,2.613336204418182,,,2.6783820954860595,6.44983545084998,-5.398429336508656,,2.29699857711792,0.6847082683350891,24.443243713378905,19.924014587402343,-26.0395947265625,0.9339278583091624,0.42554719312564,-0.24683752591463876,0.6096137450352129,-0.8398835053755775,-0.044387937907715856,-0.7712564676723811,0.0
2022-06-19 19:10:13.998231300,0.5864661030151844,-1.2608286330525875,,5.6697981962181325,7.921365573041081,0.7295574002678302,-0.5745782645046711,0.3737845981121064,1.038879497051239,38.45798309326172,27.06624206542969,2.88218017578125,1.6562875767603271,0.6955728788355658,-0.2028443659332689,1.6949281987546714,-0.6480510156125949,-0.2289212164984252,-0.945278752082658,0.0
2022-06-19 19:10:14.248231300,-0.406809652803421,2.1290549789716007,1.156711358265385,6.747906478979348,7.001412359969138,1.1904919888619632,-1.6658359575271606,-1.1020469999313354,-0.3043401363492012,39.957748107910156,23.171724243164068,-0.827431640625,2.027707509461786,0.7287667185249902,-0.3440111023290893,1.7462324603367865,-0.5646275493580403,-0.16065952013471774,-0.7952613773800371,0.0
2022-06-19 19:10:14.498231300,0.8659798412499424,-0.8037471517457959,-1.5049081984074708,6.907944854816318,6.6505670306866165,1.9397548148211088,0.0900670738518238,-0.6382582136988639,0.19901544257998466,38.814754638671864,24.41595947265625,-0.8827490234375,2.3742437173228947,0.7694318175452578,-0.4126177564626331,1.8443963374122867,-0.4796933745798912,-0.07344989228739766,-0.7458406732542611,0.0
2022-06-19 19:10:14.748231300,,-0.011917816808819818,-1.448229556876263,5.3076717547585455,7.2575834917141835,-2.211981024663535,2.3464442935700602,,-0.9078250252283536,26.40505062616789,26.46930811955379,-20.136969933143032,2.17902681479676,0.6002888731778507,-0.5409946806892625,1.192182982836249,-0.5577839422803647,0.08043698584138878,-0.8385237787161611,0.0
2022-06-19 19:10:14.998231300,-2.000679768114507,2.5239742027393426,-0.7220646132667063,1.1145139003343507,2.0613708257044,-9.346971674984337,3.0521465039253237,-0.011235249042510987,-1.1533444814383984,1.6003316116333008,-5.162339172363281,-42.0693115234375,1.4730962470480753,0.1157551610740466,-0.656540480508592,0.12029265800874628,-0.7364669647107897,0.0322160844131902,-0.21618642099573115,0.0
2022-06-19 19:10:15.248231300,-1.6464037249631138,2.3075691448161,1.7894776184418202,0.03475885263848582,-2.9626526144068985,-9.2568189233253,1.7593289494514466,-0.7758361113071441,-0.5905565983057022,2.9225592041015624,-27.393962097167968,-34.57373291015625,1.2701023557069528,-0.1232850385451422,-0.5837666647599848,0.001972219289049921,-0.7941813446283719,-0.09116188828492716,0.3093864463330959,0.0
2022-06-19 19:10:15.498231300,-0.6057366776652559,0.4037826828168034,0.2120610110660792,0.04151313093797767,-4.86383912011826,-8.511896137325763,0.08074560284614563,0.3750583827495575,-0.09361545875668524,10.913078765869141,-37.112176208496095,-33.91126953125,1.1869485438051404,-0.2113939658869947,-0.5409995673390073,0.004934582741704323,-0.8007808934998838,-0.14546963756084386,0.5189606410595685,0.0
2022-06-19 19:10:15.748231300,-0.4896936833332852,0.9361270857352614,-0.2546003631569147,0.6923928018445298,-5.216863815885604,-8.258145154617191,0.24057695478200916,0.531760706603527,0.13102501144632694,12.494458351135256,-38.17849609375,-31.56182373046875,1.2171661420288422,-0.20375376753307767,-0.5585391425999304,0.08469648826370069,-0.7803725520294578,-0.19138941421552946,0.561309390171917,0.0
2022-06-19 19:10:15.998231300,-0.906986217465058,0.6329371948352456,0.13584749319565306,0.9588206600265649,-5.035436942393482,-8.35328023057866,-0.4869193260371685,-0.3444976678490639,-0.2282138202339411,13.005060348510742,-37.83155944824219,-31.74406982421875,1.2506311656491882,-0.18322663833183708,-0.5755372168023456,0.11463987063538016,-0.7709254187065038,-0.20045029483403826,0.5394341942565467,0.0
2022-06-19 19:10:16.248231300,0.4582043200920895,-0.2415695582179427,-0.25750277152884,0.8118118981652185,-4.426082061079325,-8.707531335103631,-0.04695411175489427,-0.4347995346784592,-0.3808229875564575,14.358904914855955,-34.506046447753896,-34.724072265625,1.1286021717050865,-0.17158042868288606,-0.5285288309952265,0.09280920169982584,-0.815000550122778,-0.1618675279492037,0.4683928597198156,0.0
2022-06-19 19:10:16.498231300,-0.16282811724933052,-0.044629847867548485,-0.8293579783424139,-0.2732577518771449,-4.353835775107265,-8.776071319748878,0.2169097903370857,-0.7583334815502166,-0.7004666972160339,12.109032363891602,-32.585799865722656,-37.28080078125,0.9544361261258556,-0.20913639718802574,-0.44351080216202016,-0.031376680654956426,-0.8655626760396588,-0.09053742850724586,0.4601529790719756,0.0
2022-06-19 19:10:16.748231300,0.11529992672492564,0.7521397374862431,0.6934505833435058,-0.6095409419381693,-4.693977257712781,-8.585990038538933,-0.19507054695859552,-0.19998205244541167,-0.2587901000678539,12.950377349853516,-31.546500549316413,-37.39276123046875,0.7199682061115154,-0.2430270700061422,-0.3327812671784649,-0.07090436579394434,-0.9091670332692072,-0.0549659291215088,0.4992469513139888,0.0
2022-06-19 19:10:16.998231300,0.6439269852367713,-0.055123208212077605,-0.13315502170562746,-0.6011126492068469,-4.1472093563105465,-8.865373919390679,-0.09822545878589152,0.5265531349182129,0.9488470625877379,10.955976791381836,-30.311003112792967,-38.5476513671875,0.791840505884251,-0.21225314270253812,-0.369315379025425,-0.06771657920414313,-0.9025077550706152,-0.05282051922028035,0.436657494829268,0.0
2022-06-19 19:10:17.248231300,-0.3734818907700106,1.0891933663051128,-0.8716383404743673,-0.2929800346317701,-4.047468972665488,-8.927062863252162,0.07155034281313419,0.7787371873855591,1.5440685510635377,6.927188453674316,-32.178862915039055,-37.21301513671875,1.1328801769507937,-0.18629644033399065,-0.5206515549690023,-0.03281694040717272,-0.8250837655300087,-0.0993766921658622,0.4254564942416719,0.0
2022-06-19 19:10:17.498231300,0.5198912020526081,1.076032633840501,-0.3630511984785795,-0.6782376975461878,-4.608754913121938,-8.624458452857732,0.4572193067893386,0.35434595417231324,1.3275183153152466,-0.7199322128295899,-34.83767395019531,-34.362509765625,1.5141783472799353,-0.20200236354099352,-0.6578768046021279,-0.07872493199499564,-0.7104279751658293,-0.13904338874615024,0.4893570902578482,0.0
2022-06-19 19:10:17.748231300,-0.3027982583113164,0.10865853932994607,-0.16686987020874022,-1.159927277875453,-5.063740076813995,-8.31557096990931,0.29755812883377075,0.12643243469297885,0.5157260036468506,-6.561385498046875,-36.2339486694336,-31.6813671875,1.7582036053029182,-0.22183375135248315,-0.7281510851630402,-0.13869332548342125,-0.6272628697461861,-0.16345757496719834,0.5426593395213903,0.0
2022-06-19 19:10:17.998231300,-0.4165130990340561,0.0529786324701309,0.12776671187949176,-1.1924263033123612,-5.515930267257452,-8.015936725664258,0.14596474547870458,0.27284387245774266,-0.0709209993109107,-7.482550735473633,-37.306773071289065,-29.60818115234375,1.8218742334602167,-0.2355919902403339,-0.7397125039468619,-0.14745467126252718,-0.6012613359857599,-0.18873508151590326,0.5974650448787577,0.0
2022-06-19 19:10:18.248231300,0.5598327240538821,0.08206060723733903,-0.16718495088815685,-0.5551759959796593,-5.4295698702378274,-8.145884218571544,-0.21980230882763865,-0.26192172154784205,-0.3669377253670245,-4.225708236694336,-37.4242984008789,-30.58737060546875,1.7277515902342893,-0.2123410731181374,-0.7209162512265459,-0.06800755568113125,-0.6287415387171817,-0.19863113558741735,0.5868091895014625,0.0
2022-06-19 19:10:18.498231300,0.02621391548690601,0.30138816422430365,0.0276075533717871,-0.6517738899025923,-5.117301602605902,-8.339498528137115,-0.07977256263033129,-0.0005513395612629559,-0.16586774892102069,-3.004500755896935,-36.458004291240975,-32.24161940354567,1.6196816470350033,-0.21397543344266454,-0.6892077354887777,-0.0780183240024502,-0.6709297258193226,-0.17029219993961248,0.5489881812511029,0.0
2022-06-19 19:10:18.748231300,-0.00011995412089675459,0.18729781135213372,-0.11398424686169625,-0.5910443341835364,-4.997793487198472,-8.416741631856679,-0.030150185413658617,-0.006067838575690984,0.0568847038783133,-2.6083273315429687,-35.99199310302734,-32.3200830078125,1.593378844634619,-0.208756475202903,-0.6827398374546303,-0.07010506726745208,-0.6804406481667808,-0.16517332256164938,0.5347609123093332,0.0
2022-06-19 19:10:18.998231300,-0.035888916297003616,0.12985186512613298,-0.15430835451412198,-0.7315724200208633,-4.8415209754688755,-8.495858329667925,-0.09680194430053234,-0.24499146722257134,-0.12766591630876065,-3.193463973999024,-35.59993316650391,-32.993740234375,1.5897074771354298,-0.20820862874993534,-0.6817533559395319,-0.08585418644159193,-0.6843130642181237,-0.1529855021815462,0.5163537143935801,0.0
2022-06-19 19:10:19.248231300,-0.25204988372433185,0.12691346189624073,-0.04388754013895986,-0.9981064551428556,-4.744364739717245,-8.523816806601403,-0.0006729159504175186,0.03329263255000115,0.07653218232095242,-3.884979782104492,-35.52500457763672,-33.15548828125,1.5647134462167798,-0.21664173170512666,-0.6710984298341574,-0.11657836972209268,-0.695849039670038,-0.13581124866745228,0.505003066645169,0.0
2022-06-19 19:10:19.498231300,-0.034355446500286456,0.1225155776504278,0.017996797699809088,-1.0224391720207036,-4.870426915623784,-8.448938547154903,0.14277117855846885,-0.01473848268389702,0.02220041221007705,-3.9662236785888667,-36.044183349609376,-32.69098876953125,1.5709818254490566,-0.2224918850493334,-0.6712118288096365,-0.12048295806178436,-0.6929986731921827,-0.14026067169436154,0.5197718038056928,0.0
2022-06-19 19:10:19.748231300,0.048409191049695016,0.09022605070400236,-0.058824318984508524,-1.1589476396466047,-5.1328575340149385,-8.274972534443616,0.10131637535989284,-0.029286593310534955,0.042573033105582,-4.743978500366211,-36.90179656982422,-31.4038671875,1.5785764365945325,-0.2385805868505844,-0.6681132915689203,-0.13916959667491766,-0.6895863976476408,-0.14546217417453175,0.5508551039644187,0.0
2022-06-19 19:10:19.998231300,0.06793768452228606,0.07459549113714696,-0.07270727500557901,-1.2493624500044431,-5.2349677798286685,-8.197266241190432,0.08698223263025284,-0.07748435724526644,0.05263331534340978,-5.2017778778076185,-37.04800384521484,-30.7013525390625,1.586269630845859,-0.24611177367312065,-0.6677871670315789,-0.1512840110275072,-0.6870240311478261,-0.14650056413292412,0.5631222443497867,0.0
2022-06-19 19:10:20.248231300,-0.020952894407302143,0.0363817880769968,0.009530372221708295,-1.4822226583695408,-5.440507817931652,-8.023228519333719,0.05333284832537175,-0.020981671940535303,0.03777046534232795,-6.165195922851563,-37.963775634765625,-29.87969970703125,1.6039787365630354,-0.26341880633797154,-0.6666370548536859,-0.18268936545201536,-0.6816635862121444,-0.1467475634401827,0.5881002958114299,0.0
2022-06-19 19:10:20.498231300,-0.021915268782138817,0.04788068973791599,0.006087725338459015,-1.491124388989329,-5.4484213558447365,-8.016146545641782,0.04489756464958191,-0.01727634735405445,0.0186239682789892,-6.362743225097656,-38.08751434326172,-29.9945849609375,1.6028435695405236,-0.2642255304508457,-0.6659540251442531,-0.18392523728592716,-0.6820657543939735,-0.14652008580111991,0.5890719710893645,0.0
2022-06-19 19:10:20.748231300,-0.011935802547365428,0.030433529661417005,0.03234659966373444,-1.678376514110565,-5.689434297248006,-7.807989228944661,0.1835906808078289,-0.04993319470435381,0.06960289642214773,-7.06226692199707,-38.62289306640625,-28.29943359375,1.6214066785290222,-0.2816190991196476,-0.6642456110372162,-0.21180676615095406,-0.6759170168167222,-0.15016577502489098,0.6189790028327444,0.0
2022-06-19 19:10:20.998231300,-0.11839386830705405,0.03009123364281653,-0.0196429983881712,-1.6081606876719294,-5.929290259403706,-7.642927331702468,0.10406378144398333,0.2869859012961388,0.1194544991850853,-7.464941558837889,-39.16110687255859,-26.80462646484375,1.6567664953476042,-0.2867149727903615,-0.672252890538158,-0.2073408424924168,-0.6615877741522854,-0.16743937131393166,0.6493003137636421,0.0
2022-06-19 19:10:21.248231300,-0.07788182517665622,0.026475357852339752,0.02291805115520954,-1.052330987253025,-5.99052732108271,-7.687936592728615,-0.10346464212983847,0.23762747639790174,-0.1687296403478831,-5.997204666137695,-39.43674865722656,-27.32964111328125,1.6704478312824105,-0.26378122169229384,-0.6852675862378035,-0.13621466903915996,-0.6498869316281113,-0.19557666685648453,0.6571929622836014,0.0
2022-06-19 19:10:21.498231300,0.10911950498259068,0.015075637865662572,0.01931075614607335,-0.5844703392398283,-5.718632428205131,-7.943543525960445,-0.1375726158171892,-0.1087893668562174,-0.1646518574282527,-3.5556492614746094,-38.7302865600586,-28.9487109375,1.6097778777696516,-0.23734570273151034,-0.6777812811011082,-0.07347050201970302,-0.6675058713725381,-0.19643211592041065,0.6226647529878182,0.0
2022-06-19 19:10:21.748231300,-0.08156422978731244,0.0412960740314722,-0.05017353530240059,-0.5663187119205743,-5.4259153458600045,-8.148895745489838,-0.05928688853979111,0.051350304363295435,0.006413472974672914,-3.077422790527344,-37.76684722900391,-30.29240966796875,1.578808369229426,-0.22697068939888526,-0.6721651047088134,-0.0694001795709867,-0.6809321354680313,-0.1816444645547723,0.5863203022984296,0.0
2022-06-19 19:10:21.998231300,-0.011743594214379791,-0.013254314419150351,-0.00022714520633220685,-0.5712804230585694,-5.392595493869067,-8.170710149174688,-0.06988324414938689,0.021648573223501444,0.007945649861358105,-3.0427480316162114,-37.57113616943359,-30.4527587890625,1.5882456168292527,-0.22490090273590332,-0.6757952514795404,-0.06981111393550478,-0.6781519396850554,-0.18116558017319295,0.5822453795157121,0.0
2022-06-19 19:10:22.248231300,0.05049548310234856,-0.07002714996676034,0.08147781013685924,-0.5263718282798592,-5.142132463426373,-8.332581498429063,-0.20748094354684535,-0.09149763808370782,-0.16352376183315825,-2.7736493624173684,-37.12168180025541,-31.49270395132212,1.5738403682539153,-0.21374404082604093,-0.6749178337102452,-0.06308753852166434,-0.6850256701252382,-0.17150163187401402,0.5520165905593375,0.0
2022-06-19 19:10:22.498231300,-0.12431389869927616,0.07177216857689621,-0.043758056849956505,-0.4964068149450048,-4.809119068343937,-8.531942946816205,-0.023245368078351026,0.1276584373600781,0.09292304880917072,-2.163895034790039,-35.973114013671875,-33.19030517578125,1.5481735344843075,-0.2008168384622009,-0.6706712321662286,-0.05811935811799701,-0.6965528129457275,-0.1570122960369073,0.5125439158222609,0.0
2022-06-19 19:10:22.748231300,-0.03138706168136747,0.02211760687947273,-0.01996030025076866,0.6152850014675121,-5.0501924025488485,-8.36231315129137,0.1685839656740427,0.8385115800797941,0.16728632673621174,0.5238247680664062,-36.67076019287109,-32.6773779296875,1.5995830405857012,-0.16022109434045026,-0.6971586959958422,0.07397583685432084,-0.6633243266771082,-0.2160020582148004,0.5410376367991914,0.0
2022-06-19 19:10:22.998231300,0.03403944812150299,-0.02540710902762413,0.09699128367435934,1.6058330221384765,-5.308066053216695,-8.078026534637686,0.09771259684115648,0.6204564595222473,0.2389264473505318,3.3430520248413087,-37.64770050048829,-31.6867822265625,1.6576966717502426,-0.12003208828277293,-0.7222181942389766,0.19660356777240373,-0.6243810686768473,-0.27027170376734405,0.5719967216012011,0.0
2022-06-19 19:10:23.248231300,0.21428515485025945,0.007568740140795709,0.040591912201404574,0.2117390722552628,-5.083790919505477,-8.332119228842974,-0.3253273115307093,-1.391587076857686,-0.1987191440910101,-0.7093403244018555,-36.5612158203125,-32.42498291015625,1.6465413743668718,-0.1729402905762413,-0.7078465638904118,0.027075548774715776,-0.6504861048880004,-0.2055172054643035,0.5451897365894526,
2022-06-19 19:10:23.498231300,0.10980653447607157,0.10877346802389624,-0.10302572399735453,-0.543588017566666,-4.571583272305847,-8.658507227025988,-0.022757152318954463,-0.06510388748720289,0.0545435513369739,-3.5470011138916018,-35.24372497558593,-34.12093505859375,1.6512806372152442,-0.18510180928075648,-0.7080224276285942,-0.0626926681253353,-0.6634488369784968,-0.15576297404535852,0.4849689935161238,0.0
2022-06-19 19:10:23.748231300,-0.18591397623656689,0.07313375386673211,0.027899276556491853,-0.7651706710200308,-4.6807807641989605,-8.583339395435331,0.028849166193977,-0.035042866840958586,0.06693667128682136,-4.428672561645508,-35.61928894042969,-33.370380859375,1.6647058472044023,-0.19744065293863425,-0.7086703580509743,-0.08891285164897605,-0.6598586757652773,-0.15292314173964433,0.4975875973696282,0.0
2022-06-19 19:10:23.998231300,-0.21772309925490613,0.07773447889870405,-0.09262102393305302,-0.9165059923049064,-4.800309177803457,-8.500749211365937,0.13721012154594064,-0.054913878943771116,-0.0023911068029701713,-5.134410934448242,-36.02033721923828,-32.77207763671875,1.666968415737088,-0.2083011468402668,-0.7059808189722174,-0.10746809533404203,-0.6595446066219331,-0.15208067005706674,0.511564459467715,0.0
2022-06-19 19:10:24.248231300,0.07870563279232383,-0.00038875381839276364,0.06349163275015357,-0.7976425220342874,-5.131486713279247,-8.316831386150481,0.1336361947655678,0.1423949758708477,-0.025512742456048728,-4.738517761230469,-37.162206420898436,-31.55087890625,1.665496361365006,-0.21674993814155388,-0.7023382002440645,-0.09557024432451933,-0.6563206227589312,-0.169989615856809,0.5507429251625697,0.0
2022-06-19 19:10:24.498231300,0.04887633436806129,-0.062160162028074235,0.2798027024761438,-0.3287584649665113,-5.324416276134134,-8.226959976567386,-0.048923354893922806,0.2424749897234142,0.055897385124117134,-3.3650312042236328,-37.84776702880859,-30.7432568359375,1.6668263056829786,-0.2044309152323459,-0.7059620576888763,-0.03996854414442365,-0.6488799726406222,-0.1965664955824235,0.5739487926106601,0.0
2022-06-19 19:10:24.748231300,-0.13781693448901178,-0.07745393177253009,-0.08984487228929995,-0.5526528948217371,-4.966877469788432,-8.433782292030216,-0.10119697324931623,-0.31152523413300515,0.03988210655748845,-4.3494580841064465,-36.52206146240234,-32.20422607421875,1.6796448603009662,-0.19859727920023207,-0.7122675375563549,-0.06534391138390169,-0.6501342511849164,-0.17424725345547945,0.5311129408638766,0.0
2022-06-19 19:10:24.998231300,-0.3012344196798205,-0.13449551744568347,0.2376388238663673,-0.7881452615163249,-5.059641023539067,-8.361135012351392,0.1806805930286646,0.2804642844945192,0.1273793689906597,-5.573167572021483,-36.62339935302735,-31.90149658203125,1.7079449660008077,-0.20975029859773686,-0.7172843361337087,-0.09383943702364338,-0.641680672387347,-0.17194241135969002,0.542177525738123,0.0
2022-06-19 19:10:25.248231300,-0.017286102376319473,-0.5015398187614679,0.8940983836576939,0.1969170385272584,-5.7772180284498935,-7.903698235259175,0.12669645808637142,0.7184481848776341,0.2500393183529377,-3.3980469512939453,-38.69336730957031,-29.60312744140625,1.7726425457240635,-0.18600769259379368,-0.7387384878134615,0.02608294997826717,-0.5972525305198463,-0.24764909932070836,0.6304663094421538,0.0
2022-06-19 19:10:25.498231300,-0.6480386641845182,-0.6277897898607254,-0.10558522844791407,0.8209060212423874,-5.496996925205112,-8.066585079788089,-0.014049328714609146,0.5104255518317222,0.23080875515937804,-2.4225745391845703,-37.073849792480466,-31.3314306640625,1.8701541323911983,-0.13434196523404413,-0.7768869516857176,0.10225834442749353,-0.5543699894917901,-0.2644556092246586,0.5954016048065689,0.0
2022-06-19 19:10:25.748231300,-0.07944047033116221,-0.07325663205838204,-0.10139238279056548,1.1064631824402809,-4.5418363337464935,-8.605277437190294,-0.7590825724601745,-0.13209346540272235,0.06617684029042721,-1.4131886291503906,-33.23661926269532,-35.26398193359375,1.9444021294300695,-0.08304974951012575,-0.8090509864127721,0.1282882039533841,-0.5330251801747892,-0.2317398713378079,0.4822338435685397,0.0
2022-06-19 19:10:25.998231300,0.7303720304682992,-0.08751770854540743,0.28046659704286314,0.7773246336606117,-3.663689759738801,-9.059744961785812,-0.29734047846152234,-0.07206687273887487,-0.10011058813856484,-1.858645292428824,-29.689452831561752,-38.18292940579928,1.9476168377461027,-0.07209583138407531,-0.8156493114195632,0.08558558846031004,-0.5445943525499042,-0.1809078308038462,0.3830074629876416,0.0
2022-06-19 19:10:26.248231300,0.5440941199996322,-0.9330108943274019,0.5515351684110165,0.8234618797376602,-3.4395554521886704,-9.146198249225618,0.0762450998649001,-0.015141537934541706,0.09141522571444513,-1.1189904022216797,-28.901618041992194,-38.54560791015625,1.9411114611109832,-0.06411699418414572,-0.8156564963216152,0.08977927802064865,-0.5486302214886771,-0.17187974238550446,0.3583711181282201,0.0
2022-06-19 19:10:26.498231300,0.3164130970641971,-0.2791885336362124,-1.407144749626398,0.6153144180795997,-3.754113475512445,-9.035387184656024,0.21096254236996173,-0.2182268314063549,-0.2668229927122593,-0.8284308624267578,-30.20038726806641,-37.3248046875,1.8787786565954303,-0.088324167941184,-0.7949201995165969,0.0678779678092917,-0.5731547033331433,-0.17693285848349916,0.39292820756280794,0.0
2022-06-19 19:10:26.748231300,-0.8576901846897639,0.6387940223368405,1.3819589639670846,0.4501671355693994,-3.937405347926677,-8.958553722869395,-0.12757327288389206,0.262341620028019,0.06523359701037408,-0.5239103698730468,-30.97840362548828,-36.3936767578125,1.837853532597795,-0.10500542697927127,-0.7805280885324208,0.0498325008539017,-0.5895112188994317,-0.17791629249889399,0.4132780900290665,0.0
2022-06-19 19:10:26.998231300,-0.8384348521786182,-0.16764702713239188,1.395446970237732,2.1322674060633777,-3.6283836003001926,-8.7285274315238,-0.6852942455559969,2.5271238390356303,0.35647367596626284,6.928493461608888,-29.158423767089843,-36.482353515625,1.7780691882907766,-0.025760771556738192,-0.7678588789541807,0.2401922038296318,-0.5949025419714477,-0.21716725690409008,0.3791427108705845,0.0
2022-06-19 19:10:27.248231300,-0.43106894788670536,-0.06599747516863043,-0.477418447463274,7.121904790454982,-1.320185404716849,-6.5644312303578864,-1.4513915467262268,1.1932799038290978,-0.03945783615112305,26.07906890869141,-19.046698913574215,-33.52037841796875,2.132312154082979,0.31940913925114944,-0.8117507108251893,0.8256608609536729,-0.4183743366084133,-0.2466474184904597,0.1353423496368113,0.0
2022-06-19 19:10:27.498231300,-1.9072549681309456,4.167699858831793,2.1842809578223226,,2.991795056319627,-4.032215406336605,-2.6160538065433503,0.4072130817174912,,33.244645614624034,-4.022783203125,-23.89851318359375,2.2247542682275507,0.5151454223432388,-0.7067048997272256,1.1094962194287203,-0.4492817029007037,-0.1057140268434478,-0.3259322812323898,0.0
2022-06-19 19:10:27.748231300,,1.8633460578716992,,3.4600131688771243,8.709334491609809,2.0994332102950306,-2.339559113830328,0.9797997242212296,0.17017710447311402,20.160996589660645,22.29116943359375,-9.42779052734375,-1.4029893960062887,0.6899010031561669,-0.4696116897288476,2.0885003629052328,-0.4085059025964693,0.35248858902400243,-1.1032429756754976,0.0
2022-06-19 19:10:27.998231300,-2.9560396347757565,1.064898883004069,-0.9025547115201504,5.5257481774871335,7.604439604780437,2.4856966815792765,1.1933973162993792,-0.7587654926627875,0.8086998003721237,30.02534309387207,21.435985107421875,-11.4747021484375,-0.1417136798282111,0.7561849483624166,-0.4858766880438051,1.9910639125535536,-0.3668532321860791,0.22988860101162145,-0.8884431604333666,0.0
2022-06-19 19:10:28.248231300,0.7406087105022671,-1.3133778523616788,-0.2368838320127725,6.489209786419512,7.302377537176131,-0.3835675396072966,1.060832456946373,-0.3198444816470146,-0.05629486709833145,26.68972381591797,20.07518798828125,-27.40781494140625,2.6329550769365584,0.6798938095702144,-0.5714439040001503,1.5099340318147367,-0.43811601391496224,0.1318333278268056,-0.8401450574817343,0.0
2022-06-19 19:10:28.498231300,-1.4484794021025895,1.36930168020606,1.5085418261277377,5.678309442834735,7.737307719761731,-1.5273063757939935,-1.562894981354475,-1.6703307668864726,-1.0145492577552797,11.304421501159668,28.657647094726567,-35.5793798828125,2.7235724822588776,0.5980073306538867,-0.6382422968861605,1.305845300057931,-0.4111294254324276,0.2303262081114773,-0.9210142603343304,0.0
2022-06-19 19:10:28.748231300,0.2694772811157406,-0.33133431593704216,-0.4190345803356916,2.9459713738207216,9.26493849351406,0.6179688892535874,-0.7738591611385346,2.075934853553772,-0.4749089686339721,4.2037351608276365,36.918753662109374,-30.71709228515625,-0.06607222779299322,0.6211016685291118,-0.5169003789924621,1.8014812529505704,-0.4430307197382661,0.3788384169201598,-1.2380183709566803,0.0
2022-06-19 19:10:28.998231300,1.7265348575913009,1.3306834879982472,-1.5701449271045032,2.2905105281301137,9.336269289612057,1.7762379612743795,1.0684772504121065,0.2155986386537552,0.15953559845685958,15.774471015930176,36.258740234375,-24.22655517578125,-1.7103678113165044,0.6943231313163473,-0.4028965966329118,2.214609293207537,-0.4961123122770584,0.3282516365797921,-1.260237797618749,0.0
2022-06-19 19:10:29.248231300,-0.8200438441485762,0.08285712352597703,2.1951691276320218,3.0860180138196944,8.708250180123567,-2.8895594358577914,1.275156758353114,-1.7041809219121933,0.914015149474144,15.48223648071289,25.131290283203125,-38.229248046875,2.1337623558909327,0.5391387977439078,-0.5572545752822331,0.8888341371144403,-0.5740772284457497,0.239767218640146,-1.1079144103786844,0.0
2022-06-19 19:10:29.498231300,0.9551892914834024,1.6313730280629395,-1.1807160852978826,2.85326710228014,8.722854623203515,-3.4147144526112068,-0.7440882480144501,-0.3790841017663479,-0.07343890652060509,7.713793067932129,27.519609985351558,-39.73871826171875,2.251394301198644,0.4735620454981653,-0.6454500645341121,0.6993251494977666,-0.5069045516629855,0.317088703909167,-1.0987426334406096,0.0
2022-06-19 19:10:29.748231300,-1.2082587216686012,-1.2073489250377414,2.1832776756830365,1.7233053858412206,9.487084892026543,-1.4826565204728137,-1.094201918244362,1.0042951369285584,-0.7740430975705386,3.358379936218262,35.586971435546864,-32.402177734375,2.5065561705989245,0.496960024857844,-0.5846789279910218,0.909672192510838,-0.4809602199958482,0.4189037143556478,-1.3322926759680591,0.0
2022-06-19 19:10:29.998231300,1.5195699687527706,-0.08153043958854217,-1.203911739556083,0.563702058821064,9.675793084555863,1.3009173433071637,-0.8876387280626938,0.3802856979175256,-0.24246573100726196,4.5370850196251515,42.08412639911358,-21.42517559344952,-1.5905298037802698,0.5948806911227098,-0.4324730750606498,2.5957359496127066,-0.4956734644630653,0.4602722427229453,-1.4132906079265142,0.0
2022-06-19 19:10:30.248231300,-0.022362404646873533,3.186267796601176,-0.33208475436511625,1.2883083865584135,9.569397872434973,0.044630965765662486,2.0416358268260955,-0.1956516548991203,0.8995939695835113,8.067052803039553,38.692228393554686,-26.29484375,0.04110635417446677,0.5812135389666649,-0.4712466714880265,1.7194144479632991,-0.5214511555089982,0.4002462568262071,-1.3598180873146757,0.0
2022-06-19 19:10:30.498231300,-1.311790489646733,-3.0289624346925024,1.818846149220228,2.161546475766569,8.586455107535242,-4.178265997996807,-0.019271605014801026,-1.1016118413209914,0.16634652107954026,5.801351661682129,25.918832397460942,-41.5267822265625,2.0561083495650894,0.43010985447561856,-0.6523599076896224,0.4807781705913671,-0.5353776307368326,0.31735778821693056,-1.0685099560134568,0.0
2022-06-19 19:10:30.748231300,-0.03952696008014677,1.8487806374731062,0.5522304805796742,1.5679194009260535,9.081180687011123,-3.3205500804615022,-0.5505297461152077,-0.07360870739445091,-0.039483301043510464,1.1893060302734375,30.106234741210933,-37.38718505859375,2.1562089513856484,0.4186265471194326,-0.6536004179104394,0.4459247892202937,-0.4918114673518886,0.39356833062879504,-1.1856372104908324,0.0
2022-06-19 19:10:30.998231300,0.19884854256901147,-0.542474190647602,0.7023520487364866,1.6112577067618068,9.601654432346821,-0.8088821372741285,-0.9590127635002136,1.4621696186065674,-0.21780686676502228,6.733843421936035,36.43219482421875,-27.56026611328125,2.195464303750178,0.5327912202465495,-0.5432756719611791,1.194715471826938,-0.4934550452923425,0.4157766128192412,-1.3709158889302175,0.0
2022-06-19 19:10:31.248231300,2.0232719658518734,0.9812030874707698,-1.4569418002248704,0.9810321849606632,9.646705825710773,1.423075882039368,-0.31180407673120497,0.5476764059066772,0.0036024576891213658,9.618882293701171,39.6265673828125,-17.4762158203125,-2.4902036276652875,0.6300009493687446,-0.4152227892454109,2.525106042968588,-0.5044708484287592,0.4188188414939078,-1.3903444490439396,0.0
2022-06-19 19:10:31.498231300,-0.4308515525054932,1.3760972147911783,0.6769108365098611,1.6405817554244098,9.381547547611833,-1.5042032927732991,2.1662444686889653,-0.8310317194461823,0.6385364791750908,13.344938430786133,33.122040405273445,-25.78038330078125,1.0604620606182684,0.5589946579837264,-0.4886392582996669,1.0733993743818888,-0.5776318693557554,0.3256479741324748,-1.2979025095923635,0.0
2022-06-19 19:10:31.748231300,-0.8692049086275846,-1.1454959877148865,0.10550253029096128,1.6099529048509449,8.792611792850971,-3.9921177775355585,-0.4818545196764171,-0.9865439879894256,0.009384047463536264,11.375788650512696,27.54082397460937,-35.3178173828125,1.9234563679580918,0.42827160033229456,-0.6257216629614164,0.3802442372562648,-0.5581394720166013,0.3341927961657823,-1.1153363867811148,0.0
2022-06-19 19:10:31.998231300,-0.07969373782074468,0.5990353811604977,1.2280114874224366,1.0796080636388212,9.360005367461444,-2.6401893212321697,-0.7689149550721049,-0.07527286052703858,-0.05808735571801661,10.051630668640136,31.601896362304693,-34.1732958984375,2.048360340728936,0.4387379533637868,-0.6100079208781509,0.4026612828399601,-0.5119943836147747,0.4146839868797398,-1.2727133874303391,0.0
2022-06-19 19:10:32.248231300,0.47377963503384596,-0.4657383673974275,0.6117851777489921,0.960335267301902,9.7302336062721,-0.44940438916528813,-0.8141184949874878,0.7289233803749084,0.008991404874250293,11.286559829711914,37.339879150390615,-28.50426513671875,1.2666417192178587,0.5164854572668183,-0.530805403267463,1.2221136184394377,-0.4903712250586704,0.4577462417101282,-1.4485299492140544,0.0
2022-06-19 19:10:32.498231300,1.9239057726623263,0.8533561090453862,-1.1560602885585576,0.7084351132435277,9.709855396251083,1.1466629140637143,-0.11710974514484405,0.3192084100842476,0.08200567707419396,11.272837715148926,40.3924169921875,-22.424189453125,-2.3024183363526247,0.5862477311518399,-0.4487828719172943,2.5745791203753523,-0.4897308844973897,0.4632161563273241,-1.4305762206327963,0.0
2022-06-19 19:10:32.748231300,-0.5481302874870598,0.9918850379577872,0.9867438742157444,1.1835991956796201,9.376629894811273,-2.0503138653352466,2.0120517897605894,-0.8438488951325417,0.3004730959795415,9.503232803344726,32.14987670898437,-34.10902587890625,1.4225043833798068,0.5051209613641257,-0.5333056497696724,0.7734331719952314,-0.5629123469722236,0.3687087505984871,-1.2970343960361106,0.0
2022-06-19 19:10:32.998231300,-0.29153749671347434,-0.4427163882502316,0.2274164244890213,1.1437415744890869,8.981229290963887,-3.7355860839124917,-0.6347920288145542,-1.5474166107177734,0.6124402010440826,0.42918380737304695,27.897251586914066,-38.930205078125,2.048513352720889,0.3859335395198729,-0.6620064237432705,0.2989568552295113,-0.49939887562517404,0.3982950757553707,-1.1603857062915477,0.0
2022-06-19 19:10:33.248231300,0.15979851727953542,0.10545611925292013,2.03270050266996,0.706202217705354,9.394365013751507,-2.692811757753164,-0.6617765003256499,-1.0142561005055903,0.14033732652664185,-8.626978073120117,32.836920776367194,-31.777099609375,2.3492090804162693,0.32381557288153795,-0.7023083094830007,0.26022711306235424,-0.3786650719143421,0.5070773976247159,-1.2824485265283678,0.0
2022-06-19 19:10:33.498231300,0.7711391275895089,0.2655861247413159,0.4856719491526186,0.621304629092507,9.682022427857754,-1.422116047412142,-0.3301604839414358,-1.1288173818588256,0.208770652115345,-13.508222885131836,36.934362182617186,-21.46424560546875,2.789357273747468,0.2649696204813564,-0.7090913728959484,0.4147763506341303,-0.262051319983388,0.5971547308725027,-1.4115174888519797,0.0
2022-06-19 19:10:33.748231300,0.5162014312296532,0.053488339154995394,0.1958903459666297,0.7379803556679534,9.735331607456503,-0.9102200073705986,-0.2546672342488399,-0.8810646946613605,0.049532288694396034,-15.516988754272461,38.77134293776293,-13.864497258112982,-2.4884342583542054,0.19776425385586044,-0.7204844618706774,0.6876502782974561,-0.1634268794378761,0.6433381031256886,-1.4507964524701793,0.0
2022-06-19 19:10:33.998231300,1.0859198069915026,-0.13928873722636706,-0.6254671439089998,0.5171657796023562,9.779697204668166,-0.4860708590388446,-0.14749471701681613,-0.03472670629620552,-0.14136131823062895,-17.641011199951173,39.024248046875,-9.16437744140625,-2.7091257207839363,0.15108383702402747,-0.7141751094550615,0.8202812296026886,-0.12123648320252745,0.6725673045033261,-1.498301157718291,0.0
2022-06-19 19:10:34.248231300,0.6967836031463444,0.8667899885890483,-0.4537317777879164,0.629675909020014,9.690621750232696,-1.1079042364036291,0.9907955144345759,-0.3303413071669638,0.2528970209136605,-17.727216033935548,38.99802978515625,-11.3766748046875,-2.181976723018772,0.15381425536266488,-0.734932800714057,0.6024319776885422,-0.12413293726436415,0.6472496333892711,-1.4381631757950872,0.0
2022-06-19 19:10:34.498231300,0.16234105305963753,-0.2856799297916889,0.9814452081279158,0.789006959302187,9.170568299516557,-3.3772328865987657,0.1493654203414917,-1.5715238285064697,0.6603269562870264,-17.50414794921875,39.127923583984376,-14.67463134765625,-0.7751804955021885,0.06476426989269979,-0.8174974376299342,0.2291663667331049,-0.02186491602231531,0.5677468530545396,-1.2091588032381808,0.0
2022-06-19 19:10:34.748231300,-0.012825066385544849,-0.7396273683921099,-0.7121479188376664,0.95465012995366,9.209403092155814,-3.222411193270684,-0.3053560170531273,-1.174966459274292,0.26981341517530383,-14.428023223876956,42.56783752441406,-5.611953125,-2.5770906904230553,-0.04587504017681989,-0.8008815701337498,0.2858742582254063,0.14737352995573758,0.5765066457847631,-1.220499140312056,0.0
2022-06-19 19:10:34.998231300,0.16776197190069408,0.07134720947265624,0.6436221146934626,0.6836281138430833,9.369875627471565,-2.805065404810845,-0.3957889692485333,-0.8292069211602211,0.2847865852713585,-11.314025802612305,43.83041320800781,2.48972412109375,-2.2769013974693633,-0.15958877343645578,-0.7545294769605865,0.24073158280522056,0.2693645687627637,0.5753450309074107,-1.2716328152790473,0.0
2022-06-19 19:10:35.248231300,1.2036844382149614,0.4843386956387759,1.1209105820241272,-0.046189693346888064,9.714451655535816,-1.1858114590563922,-0.7661259749531746,-1.6433398985862733,-0.09718414857983587,-8.483219299316406,41.73417236328125,14.18121337890625,-2.3297883465882787,-0.3042429737724716,-0.6660914485449889,-0.13599342177249804,0.3382966001511813,0.5863089981180777,-1.4465489921935617,0.0
2022-06-19 19:10:35.498231300,0.7934933496605792,-0.07228153264200685,0.8431255358600653,-0.33170571799481074,9.764338728350518,0.2234315276084952,-0.6330390821397305,-1.516024627685547,-0.4586019191890955,-0.9362899017333984,38.72587951660157,22.7381494140625,0.31664745490856383,-0.4566588799972437,-0.5519486542488182,-0.913745667051564,0.4270972219077883,0.5455582365962184,-1.4968072980463152,0.0
2022-06-19 19:10:35.748231300,1.2978508437701908,-0.3476792313957214,0.33092935259599604,-0.9809543134932144,9.731171740524172,0.3453966472956733,0.8444461596012115,0.6230910076946021,0.2670615720935166,-0.73999267578125,38.00962646484375,23.60965087890625,1.5894713910503795,-0.5218112451910394,-0.5260277149439638,-1.820219589793726,0.4527976681642305,0.4945636148072278,-1.4490725064339958,0.0
2022-06-19 19:10:35.998231300,1.2888592399872545,1.6332504656108615,-0.7323539374778122,0.19575525756936196,9.763951424146413,-0.7646745171496271,0.32829919949173925,-0.4530905777215958,0.5597212944924831,2.409733505249024,40.61917724609375,18.873251953125,-1.4450120355024465,-0.4633791555505122,-0.5255553242062638,0.1725609301558179,0.5115474136672129,0.4961174862170232,-1.4842088685612536,0.0
2022-06-19 19:10:36.248231300,-1.4668171251171682,0.26540532043039794,0.4517393896264732,2.15109184876506,9.06926934670484,-2.8985116158312265,0.5088823011517525,-0.02531735867261886,1.2443699884414672,14.12628776550293,42.96401611328125,7.76575439453125,-0.8479562356795745,-0.3845420421103604,-0.4744134244636697,0.6124924163599696,0.648897450535608,0.451007885495868,-1.1887345832064518,0.0
2022-06-19 19:10:36.498231300,-0.3117422177150249,-2.0174881743603943,-0.2646710674134492,6.119387088895918,7.096780940735102,-2.15878768442294,0.0821407526731491,1.0482128289341928,1.8374652884155511,27.86930015563965,35.46481994628906,9.959921875,-0.41360373754173935,-0.220182082703736,-0.3686539301521124,1.200592474400619,0.6874650229122955,0.576192382296447,-0.8236252889382376,0.0
2022-06-19 19:10:36.748231300,1.612876417385697,0.6846644243917466,-0.6877218742723017,,6.021177147224188,-1.473757331792593,-0.9738697242736816,-0.4770567088574171,0.016198352063074708,34.38541290283203,28.81639465332031,12.3472705078125,-0.1785929929322065,-0.19591695455736446,-0.27087122152793275,1.3792148996301536,0.7078020551279995,0.6211219217051791,-0.6611246489489854,0.0
2022-06-19 19:10:36.998231300,-0.8468368662670849,1.81865379475677,-0.9582686492443832,7.003687927066563,6.719506056735514,-1.3193232963043602,-1.6323410630226136,-1.3411696326732636,-0.2098248174972832,37.882438049316406,25.28241577148437,11.6603173828125,0.2378289457443246,-0.3507002945930969,-0.14910482518695492,1.3850019840762904,0.7365597898932044,0.5522630539067265,-0.7555813339123384,0.0
2022-06-19 19:10:37.248231300,2.759929781842589,0.4334062638765574,,6.509215702758553,5.82671249544695,-3.531879515620887,,0.013142004013061542,0.001985264718532553,40.39839965820313,24.83350341796875,-1.0168701171875,0.08004055265475066,-0.2933697628552076,-0.15493086421252086,1.1032877270779125,0.8039484891417016,0.452615697171605,-0.6528216388373046,0.0
2022-06-19 19:10:37.498231300,-1.5535576108678026,2.008254044239638,0.4758655202817458,3.9314833152097575,-0.9020983344056146,-8.735780628763253,2.5692030970866857,-1.8595889106106298,-0.5252170839275305,30.19954116527851,12.66497039794922,-38.936974158653854,-0.924849026223424,0.13013887700317628,-0.4289136572557739,0.4222859928886245,0.8718438270808279,0.16444593054002773,0.09300551587546296,0.0
2022-06-19 19:10:37.748231300,-1.056617504004501,1.3672663749861718,1.1362249795460702,1.5185068649009688,-4.5248770857817515,-8.475392698553085,1.3104795898497104,-1.2007184517383576,-0.2688987067341804,19.21018413543701,-2.462613525390625,-48.73785888671875,-1.1252871740769217,0.2449295995078537,-0.4989304474332045,0.17289299325493454,0.826243001231149,-0.05587202220392342,0.4823961362704693,0.0
2022-06-19 19:10:37.998231300,-0.6210794391118958,0.360488631133318,1.4750054496932028,0.5450994260459617,-6.427551144172789,-7.378633842048884,0.4869893670082092,-0.24941416770219804,-0.5459632004797459,11.049401779174804,-12.066264038085938,-49.6489111328125,-1.289042024628819,0.30026760909972866,-0.5515028032144325,0.07432610909572501,0.755938681761347,-0.1827473813898457,0.7151387004504581,0.0
2022-06-19 19:10:38.248231300,0.2474701430281997,-0.6846856542267801,-0.7448328163902758,0.9603746348511726,-6.654308391636372,-7.1224838879815335,-0.6228716479241848,0.3498298650979996,0.12314663648605348,13.256874656677244,-13.148367919921874,-48.5990380859375,-1.322115400975708,0.3252732025318876,-0.5510192313834767,0.13347717418267854,0.7478752856188623,-0.1744353801491699,0.7468645061708773,0.0
2022-06-19 19:10:38.498231300,0.8245677220877111,0.9452566045354605,0.0468982019648552,1.2084326958412381,-5.732983305689333,-7.862697648733377,-0.00820515163242817,-0.04648098662495613,0.15682876130566,15.209439392089847,-7.2293533325195325,-49.56072998046875,-1.297115692647241,0.28787702011540217,-0.5544915086546405,0.1525008358396671,0.7703276490499313,-0.12723802973983814,0.624418553112119,0.0
2022-06-19 19:10:38.748231300,0.7754327097493261,-0.4150605767512321,0.6260762288697956,0.40833838897747865,-5.783114404702543,-7.90251579423809,0.07988779112696648,-0.5138036739826203,0.038836898654699324,11.759046974182127,-7.774164428710938,-50.365986328125,-1.2534300181314673,0.2654511904181544,-0.5507728288416389,0.05162438996848511,0.7742792275047679,-0.1619222819099161,0.6307170237111235,0.0
2022-06-19 19:10:38.998231300,0.013609091441400352,0.21954950804185866,-0.7090678625730276,-0.3180737226568181,-5.758768366570831,-7.922513761079432,0.03905810222029685,-0.10612866155803204,0.2020323404576629,7.849146156311035,-7.529159851074219,-51.18810791015625,-1.2246134416571437,0.24173411892858784,-0.5516863014318955,-0.040567241227076715,0.7742736011225021,-0.19318389595515995,0.6279576903725272,0.0
2022-06-19 19:10:39.248231300,-0.040623999530538926,0.03360236311066152,1.2267554258693456,0.30036493396176256,-6.325839612430452,-7.451817362109304,0.4890987569093704,0.8377599215507507,-0.21306038970127705,10.88283473968506,-10.5525634765625,-50.521416015625,-1.2344422833753523,0.2917972092365844,-0.5360528217248777,0.0432587532061783,0.7697418393197759,-0.18294040755227,0.7019150180637019,0.0
2022-06-19 19:10:39.498231300,0.5415198066869974,-0.8417456338461636,-0.900134343737602,2.1502152208288314,-6.646562845314382,-6.858677024491548,-0.16910317964851854,0.9912425255775452,-0.0006864681467413946,21.624796829223637,-12.372249450683595,-46.9825732421875,-1.2759808168604498,0.3725184850105504,-0.5043481892300081,0.3022482270305702,0.7715161128258653,-0.10151379063933068,0.7450364769609581,0.0
2022-06-19 19:10:39.748231300,0.5601843972648978,1.2555586772186755,0.6250190625801085,3.097982124762177,-6.6849136538289775,-6.468062041640282,-0.13450291231274605,0.17183883905410766,0.4961798299849034,29.32866500854492,-12.935033264160154,-43.1218212890625,-1.210469009416698,0.41094254746103737,-0.4494249405372971,0.4465532290086127,0.7920323200158311,-0.03376869770583667,0.7500711710226898,0.0
2022-06-19 19:10:39.998231300,0.44330917235682893,-0.15406692359280588,-0.4676508061161042,1.1654327448852433,-5.958599239091992,-7.627827167298317,-0.929275499433279,-1.1552912974357603,-0.03910817697644234,18.75606201171875,-8.701884765625,-49.1902392578125,-1.1612119214269547,0.3080304623954113,-0.4942928692602551,0.15696406700866128,0.8024552207801176,-0.11445771060194453,0.6556789917868049,0.0
2022-06-19 19:10:40.248231300,-1.230598476092249,0.8212074869456886,-0.17085135275077826,-0.6295166522865755,-4.80886995680499,-8.500276520204187,-0.2661239016056061,-0.6863172245025635,0.24280772553756835,9.65805606842041,-2.5200668334960943,-52.854873046875,-1.0670371738660267,0.20023422510908284,-0.4991827649895002,-0.07350717929990487,0.8271453581782877,-0.15956389191872752,0.5127109826385504,0.0
2022-06-19 19:10:40.498231300,-0.1401730355510935,-0.41494812643009416,0.17817919973039625,-0.7671934784312657,-4.440241437502027,-8.704865003432513,0.09883432172238826,0.4836746279895306,-0.05398125752806664,7.728678016662598,-0.3126220703125,-53.96721435546875,-1.0987220056147688,0.17603536036253534,-0.5158926203049683,-0.08779785801192105,0.8231866177505884,-0.15783010100125586,0.4698977256386141,0.0
2022-06-19 19:10:40.748231300,0.5279233708751611,0.9136952866496444,-0.4869396310008763,0.28147840033101656,-4.612210080464066,-8.644156372922659,0.08081855081021785,0.5405206578969955,0.3931490609049797,15.488469734191895,-3.0643853759765625,-53.39894287109375,-1.0245174354860067,0.21894212066908694,-0.4717704971915809,0.032796403585345864,0.8471960000008819,-0.10469452556480988,0.4898012865780882,0.0
2022-06-19 19:10:40.998231300,0.2436667628446445,0.12346124054443836,0.5509704968847037,0.6549190012053921,-4.741894141046107,-8.558581269371391,-0.007301131635904306,0.06874897822737694,0.15357854420319197,19.038779830932622,-5.893717956542969,-52.39978759765625,-0.9545988622810332,0.23859455208311786,-0.4360297294229294,0.07637724155468087,0.8638323069160988,-0.081761564456309,0.5047030136779352,0.0
2022-06-19 19:10:41.248231300,0.6610831344584146,-1.1039703400134466,-0.11535494529742454,0.0429848051834847,-5.014371681746266,-8.420963883461402,0.10708148949421367,-0.44066662799853545,0.11055522374450588,15.26211166381836,-8.499218280498798,-51.812615027794465,-0.9186528701971932,0.2387860364922244,-0.4269305582980877,0.00482419706402375,0.8643333147928799,-0.11543690489761442,0.5367874617045161,0.0
2022-06-19 19:10:41.498231300,0.04856954147838802,1.1531569887907505,-0.6461655681729316,-0.5195868093559444,-5.147283674537658,-8.32850508323729,-0.029812748283147818,-0.052526386231184,-0.14072989881038667,9.483225517272947,-9.125743103027343,-51.19953369140625,-0.921981583059999,0.23090582568765397,-0.4353246666643429,-0.06231296946974425,0.8573331018250839,-0.14811221775493902,0.5527032718842717,0.0
2022-06-19 19:10:41.748231300,-0.3662557257570177,0.0476636099985242,0.5514823510130643,-0.6885516907729954,-4.790349626229465,-8.526765532487866,-0.12608083952218296,-0.0181486240029335,0.1402646454423666,5.675983772277832,-6.460435180664063,-50.861220703125,-0.9542184741632088,0.20619472629315105,-0.4529134652480278,-0.08046245199622523,0.8541580475312514,-0.15045972959597434,0.5104433479816041,0.0
2022-06-19 19:10:41.998231300,-0.7282614366932659,-0.6299083660690188,-0.805655498811245,-0.00014446915161331117,-5.116708293104052,-8.340595848382831,0.465174230337143,0.9812943696975708,0.2179428756982088,7.7445399475097645,-9.060132446289062,-49.0872314453125,-0.9181000651849353,0.2430719001748081,-0.42546863081812003,0.001516046321296216,0.8624969967194089,-0.11936159088136584,0.5493814020636004,0.0
2022-06-19 19:10:42.248231300,0.4736874910031557,0.8750932623172999,0.7563262469263076,1.6327969379992633,-6.390842888929964,-7.236304679141997,0.14739470392465592,0.407498871088028,0.09419978588819504,18.218991088867188,-17.480907897949223,-43.3099658203125,-0.8371585889588619,0.3579367204602482,-0.34275204320872715,0.22340132669347465,0.8666965777180213,-0.04499006604068795,0.7104941409336015,0.0
2022-06-19 19:10:42.498231300,-0.27457743334069845,-0.5920579433633089,0.6577236702108382,1.057331709381938,-5.357736548980832,-8.13802349805641,-0.2749543012678623,-0.54262032777071,-0.19555716610513627,15.292481231689456,-12.275066833496096,-45.1407275390625,-0.8981211458229893,0.283042741088862,-0.3983822494035198,0.12961560762908308,0.8694739076848624,-0.06748358103806999,0.5781980980445658,0.0
2022-06-19 19:10:42.748231300,-0.3745870017370469,-0.2457455696448684,-1.2644006229395863,0.17046333104605224,-4.993054931904911,-8.422611003198028,-0.3351068796217442,-0.9876091158390046,-0.5971911764144897,11.202105674743652,-10.094654541015622,-46.35060546875,-1.0083276757419442,0.2355109177459825,-0.462793206404642,0.02113193272809412,0.8451122912668242,-0.11802303847437585,0.5344820873451515,0.0
2022-06-19 19:10:42.998231300,-0.15320237334012238,0.5509970458689332,1.00819008902359,0.4018222616551837,-4.555790075368403,-8.654641526579857,0.009215588122606278,0.3560945319570601,-0.7082331717014313,10.710079765319824,-6.5971221923828125,-47.72642333984375,-1.1994399309679398,0.2107316366957753,-0.5428021877877539,0.04645016262385342,0.8038352071724583,-0.11683451403384812,0.4831573800970713,0.0
2022-06-19 19:10:43.248231300,0.7493948811444642,-0.9196128109042644,-1.127594560606599,1.0625249145691245,-4.813261083977759,-8.47458439830315,-0.0625808528251946,0.08131255777552722,-0.014262599125504491,13.54066135406494,-7.3085720825195315,-47.57919677734375,-1.2951762057752298,0.2382952980892853,-0.569648965386382,0.12477029116718134,0.7794069402571344,-0.10479961152292068,0.5131782901563853,0.0
2022-06-19 19:10:43.498231300,0.7259312431026398,1.1512034815641043,0.6771270847668647,1.7979642917581795,-4.5378974277789,-8.499384796990157,-0.21491887187585235,0.32949904186651113,0.1539959178119898,18.878966064453124,-6.431178894042969,-46.31342529296875,-1.2185071352690644,0.2520044093855631,-0.5322766118412616,0.20847177510451328,0.8061307751551106,-0.05277528865841513,0.4812575154333459,0.0
2022-06-19 19:10:43.748231300,0.6867729818948507,0.28140412878775606,0.770736067597866,1.2720071904144734,-4.835504830681026,-8.428937119943976,0.3044110769033432,-0.035860194638371465,0.4920367614924908,18.35948471069336,-8.262660522460937,-46.5720361328125,-1.101796916925808,0.2547887350490829,-0.4884406653052535,0.14952252890569195,0.8310950840509486,-0.07138397838322275,0.5159321065586611,0.0
2022-06-19 19:10:43.998231300,-1.6017853687959165,0.4449648569128513,-1.5201977362134458,0.8516700147380529,-4.61023521480757,-8.601044259522558,-0.012513570487499216,-0.4562546522915363,-0.42464176926761865,17.210631103515624,-7.122647399902344,-46.93949951171875,-1.079976412783225,0.23198896970103744,-0.4880115138537535,0.09813366935968863,0.8367649265976916,-0.08353959504289833,0.489700234269086,0.0
2022-06-19 19:10:44.248231300,0.16994404326055942,0.3428585741575361,0.7906062813349963,1.0477409326681493,-4.662465215022265,-8.559646946299791,0.07733840337023139,0.23190993268042806,-0.39803137615323053,16.194453926086425,-5.480000915527344,-47.8925439453125,-1.2035954099919155,0.235288299921276,-0.5354296072517815,0.12178067900046108,0.8059613840960266,-0.08998274682509523,0.4954869893297012,0.0
2022-06-19 19:10:44.498231300,0.21651383452430367,-0.5885105033956767,-0.5332472554292679,5.11503793412599,-4.6468720882372265,-6.446197474286853,-0.9496584909409284,,0.5042966470122338,36.24937835693359,-7.309373779296875,-30.7961865234375,-0.9834980706801708,0.33963367114966003,-0.3634769874641969,0.6582288184702102,0.8288496616744925,0.16677072280319624,0.49555380286983297,0.0
2022-06-19 19:10:44.748231300,1.9205692486507595,0.3449474566538334,0.3372104677323102,5.829018492753953,-4.334944214679599,-6.234482137775897,0.2699190461635589,-2.813345648050308,1.1679361081123352,43.231108016967774,-7.923636474609375,-23.4323779296875,-0.7495059609463638,0.3288868557414241,-0.2561433388205314,0.7411494108235659,0.8667958179373042,0.24907047622797296,0.4591056598387638,0.0
2022-06-19 19:10:44.998231300,1.1815991371296792,0.9365116894482374,-0.22503162194085125,-1.8488451175440623,-6.56364556279552,-6.867335710909604,0.7746196967363358,-2.021316615343094,0.814341105222702,12.275007057189944,-23.392201538085942,-43.0237939453125,-0.4310978629837941,0.3227791370884265,-0.2469710537299479,-0.2707457207314331,0.8881691003450329,-0.1971974497771905,0.7342607424346201,0.0
2022-06-19 19:10:45.248231300,0.9129219007914456,0.3997412562060815,-0.7947343736574054,-3.724635440403223,-6.85503246126599,-5.934946199321518,0.3905048748621574,0.3269570062939937,0.43960906106692094,2.7666799105130706,-28.050282698411213,-41.916759784405045,-0.20397821555963985,0.33496213118775303,-0.19467486097691072,-0.5607774558012728,0.8741337893077006,-0.29152391213667384,0.7741005402814968,0.0
2022-06-19 19:10:45.498231300,0.9877748963026106,0.9605205987348556,-0.3630474107767344,-3.1064458088326155,-7.472892719697714,-5.515705156187296,0.8256215596199036,1.654432337284088,0.4510845232009888,7.685581398010254,-33.99362030029297,-36.43550537109375,0.05455679084723146,0.4111041467841492,-0.08163065290964826,-0.5105533519949377,0.8790264104140288,-0.217103134689904,0.8672540752966885,0.0
2022-06-19 19:10:45.748231300,2.4079283968570824,1.816109908731103,-0.057967877511739714,-1.2118750161000482,-7.895215115835905,-5.615044978671789,-0.2407719296216965,,1.1111216735839844,16.243410110473633,-40.72874664306641,-24.81979736328125,0.4246937784606498,0.4538246038158312,0.13836935580504747,-0.21618125669949606,0.87199347264587,-0.0003508096521764026,0.9368465207697501,0.0
2022-06-19 19:10:45.998231300,1.4315190610819155,3.9848822850145096,2.08882918790102,1.9584550626955848,-3.3190368438899958,-8.446673618355867,,2.6982340478897093,1.4459609958529471,17.790822830200195,-32.94324279785156,-32.28336669921875,1.0580055479798247,0.10159947483498158,0.4942622563846077,0.2143952695610044,0.822824574909287,0.16284267371402755,0.3611422280241373,0.0
2022-06-19 19:10:46.248231300,,,,2.9582666281041496,7.827959173806606,-3.104260271257945,,1.2089686077833175,-1.0566541597247123,23.560728759765624,22.28155517578125,-32.4711865234375,2.01039188603931,-0.5361347854872937,0.46833903891997203,1.0565824055058657,0.6530359540386214,-0.14536365411423813,-1.008842979561989,0.0
2022-06-19 19:10:46.498231300,0.2929234770243762,0.7986252436161041,-3.4447898632464704,5.378221901864232,7.905566554265617,1.6001474193161596,0.7032909017801284,0.09817272901535028,,39.69312042236328,24.85524353027344,-11.827890625,2.46055962660904,-0.7573029472834886,0.3707405855545008,1.884103131244521,0.5287145552240957,-0.011506032314614324,-0.9475378894776709,0.0
2022-06-19 19:10:46.748231300,0.9515546642307045,-0.4689241987432242,0.09030663800628108,6.368184014780642,7.358712283908961,-1.008183646131061,-0.5484771303087473,-1.4475918322801593,-0.01795624017715447,36.10800476074219,20.806416015625,-26.06668212890625,2.3467581345095163,-0.665466319284547,0.5344076893510804,1.4124154669075701,0.5140234350231374,-0.06072831290880296,-0.8507175147849227,0.0
2022-06-19 19:10:46.998231300,1.1202373823185559,0.5556628983298539,0.2569097682265341,4.43028801171744,8.46775369888115,-1.965789013545036,-0.6152552020549774,-1.8855508160591128,-0.2500001558661461,20.48957756042481,29.08016723632813,-31.108095703125,2.5533436069192232,-0.5683804196712134,0.6167850532765398,1.1392826894499055,0.466008511523105,-0.2678028484221726,-1.0486618155595433,0.0
2022-06-19 19:10:47.248231300,-1.3728402354409692,-0.15658296299564836,1.0640822445493787,4.235646863555609,8.755304051958085,-0.9699422683340544,-0.8113647717237472,0.5164481793344021,-0.6336533093452453,16.332621879577633,33.88017883300781,-25.96740478515625,3.0109899173830508,-0.5574844118582489,0.6386304761807235,1.3588515080328698,0.3745021000044012,-0.3722669298135605,-1.106759188662987,0.0
2022-06-19 19:10:47.498231300,0.8790626394110024,-0.10008812740767,-0.9232249384481236,2.306979315467656,9.362081261881348,1.412180840809529,-0.9814398324489594,0.2042451771721244,-0.9904912477731704,11.566123008728027,39.08529357910156,-15.62135498046875,-2.557384603611132,-0.5904265759791957,0.5171618247337078,2.1565074484106037,0.3988718415737584,-0.4706768969769179,-1.270393142692554,0.0
2022-06-19 19:10:47.748231300,0.7441862095080762,2.147346305561185,-0.5869072621435969,0.4863376161976623,9.581506336903336,1.2573553827951514,1.7681950917840004,0.1808283925801516,-0.637636536359787,5.4436423873901365,39.06082580566406,-15.977509765625,-1.1412502807208087,-0.5415490810113986,0.4775367584172182,1.8105536450777624,0.4519408574072366,-0.5172813964198698,-1.3747219153706205,0.0
2022-06-19 19:10:47.998231300,-0.2337423892592788,-2.135185397788882,2.079241953389883,0.90271825722862,9.048257000576138,-3.586924468042373,0.5897485861182212,-1.45094948887825,1.0446526559814808,4.211866874694824,27.44103881835937,-34.3329052734375,1.9721591902332227,-0.3894945214033537,0.649585326585579,0.2386090528234155,0.5063302890058149,-0.4044368725469553,-1.1824062981721344,0.0
2022-06-19 19:10:48.248231300,-0.15731072489701195,1.3748269785822629,-0.4293863431750536,0.7008662927309721,9.336040975361943,-2.897835622111022,-0.7170451305061579,-0.3316424798965454,0.033269629329442975,-2.069612121582032,28.65811645507813,-31.30259521484375,2.2557551847008983,-0.3370544110114262,0.6942442945415829,0.23739231343435754,0.4067012415882,-0.4879079078543873,-1.2613946321657763,0.0
2022-06-19 19:10:48.498231300,-0.09750703364111464,-0.3222417272298337,1.1070075038370042,0.34101526350915123,9.746465732386946,-0.4486379900930216,-1.1496810030937197,1.4490682339668275,-0.3602504429221153,0.3129315567016602,32.49845092773437,-23.8415966796875,0.41187673150819903,-0.4279933443226804,0.5824684000800744,1.334047820440355,0.424531869529638,-0.5397972835249193,-1.474107230462074,0.0
2022-06-19 19:10:48.748231300,2.2348205696857533,1.093953735955596,-1.8132918351774217,-0.357203795935798,9.634248378293394,1.7327388297205717,-0.4775438080728054,0.4320038828998804,-0.08353476747870445,2.9971168518066404,34.59998840332031,-16.63341064453125,-1.388226829538089,-0.5331862162123887,0.4443093384965652,,0.4621507120510484,-0.5511857902579539,-1.3886454813990858,0.0
2022-06-19 19:10:48.998231300,-0.26133648266565906,1.5131857630644854,0.20775431088616067,0.6824857234939046,9.575138932228887,-0.7327347727142333,2.0949880801714382,-0.7429211851782523,1.0456072983260338,5.9462176102858315,27.912671602689304,-24.678631122295677,0.7972156276780196,-0.4975521319497235,0.5327357085002721,0.6803553912610217,0.4982677831920367,-0.4588142589962461,-1.3843218937821726,0.0
2022-06-19 19:10:49.248231300,-0.952774657860592,-1.0613302365822792,-0.4983516843994259,1.3199793753637818,8.936290359611512,-3.7759925039374234,-0.2846056443452835,-1.0619458387047052,0.01787803031504154,-2.8801061248779303,20.60849060058593,-33.7953515625,2.20866760930354,-0.3649163580566816,0.6983724277986941,0.3325415441515163,0.4519901570727689,-0.41591334647441736,-1.149476730188287,0.0
2022-06-19 19:10:49.498231300,-1.104011615801871,0.09987547834420203,2.0464189216243027,0.9143012049631029,9.432237426170706,-2.373053824776128,-1.0050375808030367,1.1668159133195877,-0.1983111494779587,-11.063579483032226,24.54010986328125,-32.89572509765625,2.2883245951044127,-0.3901139113208791,0.6546426550544902,0.41089310182647215,0.4370476537790504,-0.4744939496007923,-1.3050985478561967,0.0
2022-06-19 19:10:49.748231300,1.122064881238833,-0.4507976138030291,-0.7976142437785799,0.31849033780241426,9.71848848061037,0.8827280503263576,-1.0707964694499972,1.1308497619628906,-0.4291074126958847,-4.0294330596923835,32.324857788085936,-28.89176025390625,-0.9821533669523936,-0.5333575012165971,0.4817390975112258,0.7261471473604655,0.4695640854757226,-0.5094677447492074,-1.4455343865525268,0.0
2022-06-19 19:10:49.998231300,0.8776570133193878,2.6048234614255428,-1.769427374885276,-0.05540435018060592,9.645103090070128,1.377089547374167,1.2652098371833562,0.4382599022984505,0.4614508303999901,4.114032402038574,34.63307861328125,-26.0966943359375,-1.1326856126562037,-0.5744205856546732,0.4202414327107893,-0.7759078755456841,0.5015405971956755,-0.4883046840445134,-1.4019064730772572,0.0
2022-06-19 19:10:50.248231300,-0.09409673712185028,-0.6445080745216607,2.9480335787379746,1.7945364537370054,8.807819696329831,-3.624389451168805,1.2867506919056175,-2.016887407004833,1.1229129540920255,10.150960273742676,22.885725708007808,-40.09472900390625,2.088114996296544,-0.4390477148421747,0.6323317638427247,0.5065735735524592,0.5272055340401376,-0.3421131970949831,-1.1361239133036678,0.0
2022-06-19 19:10:50.498231300,0.3965786025021077,1.081974263777852,-0.6378174031635521,1.016550973229289,9.006964059581994,-3.6850633903045047,-0.7482234181463718,-0.04647913724184037,-0.07677119879983366,-0.6937570190429687,25.923818359375,-40.36533447265625,2.1622704050275927,-0.35466868667227225,0.6946338885270886,0.2660751648512449,0.4528030887308317,-0.4301989573191055,-1.1686715830913892,0.0
2022-06-19 19:10:50.748231300,-0.5525188486087322,-0.7769446954439878,1.3879974966282944,0.9327180254797934,9.586379378993273,-1.5630614730195456,-1.3438222217559814,0.9395357000827791,-0.3894473735243082,2.0151519012451167,33.863043212890624,-33.25599365234375,2.1753510762567374,-0.4354490508809719,0.6105110539871262,0.6525653732524843,0.4523827681063228,-0.4786939668119779,-1.3793586005761955,0.0
2022-06-19 19:10:50.998231300,2.1945901455485446,0.4620505954145193,-1.6971369370522795,0.021249472091966527,9.689861053445457,1.341544002250714,-0.7581230998598039,0.472157975062728,-0.31305890798568725,3.94886775970459,41.362721557617185,-21.49527587890625,-1.7700383579454397,-0.539914280328308,0.4593190584232933,-0.5527906176859594,0.4684897985582948,-0.5257861501290286,-1.4258346376372597,0.0
2022-06-19 19:10:51.248231300,-0.40261097069500384,2.7890399773266306,-0.02570059600713101,0.7816969049862279,9.60297648057604,-0.4615313785023055,2.114193984270096,-0.3257471007108688,0.8865594672411681,6.853683738708496,36.90239624023437,-28.92558837890625,0.5433657541665408,-0.5209409561158518,0.5115263726573068,0.802159459356633,0.508013417874095,-0.4475684265974724,-1.3864818831309529,0.0
2022-06-19 19:10:51.498231300,-1.0445857244241536,-2.1423669973917003,1.2257169525896905,1.2407126366286725,8.94110925159359,-3.774093006533384,-0.3336133056879044,-1.1953453946113586,0.09269619594793768,2.5259634399414064,26.9741259765625,-40.1664306640625,2.0373972554832567,-0.3931405729384292,0.6601452764781487,0.31326548011861605,0.505896929835323,-0.3887710341054953,-1.151731448374813,0.0
2022-06-19 19:10:51.748231300,-0.6135871880442797,1.2948183003673557,0.9728976042497756,1.0063260370269418,9.290982754782318,-2.909531367363512,-0.5011752417683601,-0.2812647414207459,0.2663136935327202,-2.41019157409668,30.82561828613281,-35.32388916015625,2.2490092694256005,-0.3727759626077905,0.6762413195535802,0.34476977858757635,0.4363966011697811,-0.4604197244749992,-1.2484317752404237,0.0
2022-06-19 19:10:51.998231300,0.5603904328285101,-1.0338695151091817,-0.3308458426842689,0.47350366087243495,9.728729818496939,0.09230559144452397,-1.4670984315872193,1.25163497120142,-0.42990097910165787,-0.5191371154785156,38.06577941894531,-23.97496826171875,0.015952053349178773,-0.4761778880375889,0.5441128496531943,1.0577982051870831,0.4417167166005844,-0.5250368258968604,-1.4538218436037769,0.0
2022-06-19 19:10:52.248231300,1.1936724637952931,1.7795475267710683,-1.5792482359431683,-0.2776329121951754,9.573110381384252,2.042388479528785,0.2629570163786411,1.2551232752203942,0.34810814797878264,4.177488250732422,40.51365173339844,-15.13485595703125,-1.6563804409296694,-0.59360977983048,0.38960871119681534,-0.7666403275579199,0.4926528617967125,-0.4996698908907396,-1.3560515091676115,0.0
2022-06-19 19:10:52.498231300,-0.6680039124130832,0.7867460052520037,1.1423035593089126,1.0008817051615941,9.40040237668395,-1.9495146079115973,2.075791335105896,-0.07940567150712012,1.075341840237379,11.881478614807131,31.75911010742188,-27.138427734375,1.2017106860538975,-0.5362428585103527,0.4710283916783357,0.7380317764132691,0.6116091215244939,-0.3291916605821407,-1.3255547218609758,0.0
2022-06-19 19:10:52.748231300,-0.3775682220384192,0.5587797255176763,-0.6916330642352311,2.8981157162327325,8.642338419919287,-3.5454188258274244,-0.394360911889145,0.03657269836045229,0.7348750795309359,20.08235696645884,25.695973322941708,-32.33825448843149,2.037298312034548,-0.4996134096833986,0.5952813460732346,0.6869332359035698,0.5708786565675658,-0.2619144807586756,-1.0789185898687077,0.0
2022-06-19 19:10:52.998231300,-1.138206485371232,-1.2800966957198379,1.5682252520048316,5.151307137441815,7.998052600403904,-2.2918067404918068,-0.02152339302003383,1.1775474697351456,0.34283112943172456,35.189483642578125,21.390353393554687,-28.6437548828125,2.2929365696699877,-0.5985348028977272,0.576255835039058,1.1480873218876138,0.5333806188962972,-0.15334675622986949,-0.9545977427459722,0.0
2022-06-19 19:10:53.248231300,-0.5619595785534381,-1.1636565918290611,0.15603036476896698,4.204647522550195,8.724431499595761,-0.4003526727488199,-1.2190159629285335,-0.4754770638421178,-1.7803116270527244,34.97297149658203,27.17200927734375,-22.81058837890625,2.3164115106484098,-0.659511771817592,0.4850980216161311,1.5278352359940717,0.5327482706600161,-0.19800706540330607,-1.115730790055368,0.0
2022-06-19 19:10:53.498231300,1.1331003564099522,3.0196665258911843,-0.9050278528615084,-0.4462696712448037,9.657206013270972,1.4877885810170768,0.07661331295967104,-0.4336930130422115,-0.7382151435315609,11.247669067382812,40.4668310546875,-19.2077490234375,-1.6308089108312516,-0.600051980277313,0.3737561307508897,-1.898952388554609,0.5325487690049721,-0.4637866063140872,-1.4010074868276754,0.0
2022-06-19 19:10:53.748231300,0.5764022362034544,0.18328581676745406,1.3760546089906394,-0.05780012844014582,9.54327210543442,-1.8726180294056556,1.6696487164497376,-0.9237591149657964,0.6207079531252384,7.924030685424805,32.3731591796875,-31.7761181640625,0.991421771455026,-0.4904498826517738,0.486474108306285,-0.37962511778761454,0.5963715032997016,-0.4020435145712388,-1.3632836733253797,0.0
2022-06-19 19:10:53.998231300,-0.08646938989378512,-0.1757317598165273,0.8903944554897546,0.2292775444005733,9.287823717919943,-3.1167025839422937,-0.3853873141109944,-2.29667736530304,0.5303817635774613,-2.8126807403564453,28.577496337890626,-35.74493408203125,1.9233655221273704,-0.35423957392847755,0.6519192679332347,0.06826116458389166,0.4792466666341994,-0.4605346776392686,-1.2457988111216711,0.0
2022-06-19 19:10:54.248231300,0.2606225058700032,0.19177791444694992,1.8819988177265523,-0.20732755335138645,9.564689548613547,-2.1084543466811176,-0.5463511967658996,-1.4217711567878724,0.2297759398072958,-14.947875137329099,32.21210815429688,-26.75526123046875,2.224596896652701,-0.2387322113696939,0.7122239556980251,-0.1070328495951789,0.3142280776404361,-0.5780944691568503,-1.3526003967594042,0.0
2022-06-19 19:10:54.498231300,1.0018112893197235,-0.06941583224475384,0.04621941057675704,-0.11626791228157445,9.768506229138731,-0.7989085226514601,-0.433157696723938,-1.052369282245636,0.18662809986621146,-19.59006607055664,35.685421752929685,-14.97586669921875,2.5396732738985155,-0.15587165972984185,0.7126882162574242,-0.12386696796562233,0.1783664324988536,-0.6590632492301479,-1.4882329313697538,0.0
2022-06-19 19:10:54.748231300,1.528296877362162,-0.13796060996949672,-0.2650457488673478,-0.1883938695364036,9.791800805914402,0.3967387782064193,-0.3951525339484215,-0.3955546438694,-0.17792102813720706,-21.56065383911133,36.59155151367187,-6.16399658203125,0.4569793192366146,-0.10462658301750738,0.6831219115635082,,0.11391451353041294,-0.7134386736037434,-1.5230386531652274,0.0
2022-06-19 19:10:54.998231300,1.1354260842533408,1.2463440637217758,-0.7717579989080429,-0.4098392955163792,9.759531620329737,0.0589383805881844,1.1032521914690734,-0.6485289239883423,0.03839586388319731,-23.71084365844727,36.43625671386719,-3.979013671875,1.1650648829926342,-0.05632229756707744,0.6990426498886382,-1.7777714661090167,0.08379709215758044,-0.7060539993757681,-1.4796039304895878,0.0
2022-06-19 19:10:55.248231300,0.21931681353083626,-0.14966664280724526,1.4210247304310502,0.15924237431575228,9.350218343368413,-2.90499274778232,0.5996417760848999,-0.9652763384580612,0.7270115494728089,-22.40481201171875,37.99194458007813,-11.38469482421875,-0.3416734957556352,-0.007771304866681671,0.8038439482697565,0.03980469172715048,-0.0044680581894461025,-0.5927274577864415,-1.2678378156669148,0.0
2022-06-19 19:10:55.498231300,0.5866194216455445,-0.4369095607510805,-0.9992394923738241,0.5622981453223823,9.294498069426893,-3.072130206266939,-0.24018464338034395,-1.3843775963783265,0.4659241151809692,-18.615689239501954,42.006824951171865,-4.30545654296875,-2.6126052818992567,0.08142974083575867,0.7931270741867212,0.18058340067802134,-0.16017628022836253,-0.5792348155046791,-1.2465829918074218,0.0
2022-06-19 19:10:55.748231300,-0.5548300408540293,0.5825737717517616,2.1054002607240383,0.5585470725414307,9.454416290944216,-2.4982348485470114,-0.6163069622963667,-0.4581854634732008,0.023945822715759287,-14.643702087402346,43.873792724609366,4.8809765625,-2.2906724795645634,0.17069481636025655,0.7459794447225869,0.2177152637863034,-0.26562861363307066,-0.5856472941783194,-1.3062744292296642,0.0
2022-06-19 19:10:55.998231300,0.20707976155326885,-0.5273331097111701,0.15938679394283514,0.3324775348086767,9.767401342481971,-0.5342050178807292,-0.8986661458015441,0.5296006083488465,-0.11031493015587328,-16.23607177734375,41.640322265625,13.95785400390625,-1.55605754504354,0.1948053092173176,0.6882768064245514,0.9747096655394608,-0.2299306613244736,-0.6589713059780833,-1.491131013500006,0.0
2022-06-19 19:10:56.248231300,1.2903793695331438,1.3389597801960706,-0.9799060421653836,-0.1469804304678044,9.725508144268868,1.2266885857912602,-0.14574702478945256,0.5905646124482155,-0.0466242605727166,-20.619664611816408,37.624845581054686,19.6162060546875,0.5997031533151379,0.18993582527635405,0.6419936124221589,-1.7834627787065915,-0.15793955115750427,-0.7254534789077961,-1.4438671979472664,0.0
2022-06-19 19:10:56.498231300,-0.10923498144099644,0.529384884060117,0.9577069506863272,0.1145068323131409,9.486285647369577,-1.929125405018977,1.8986791154512992,-0.306504362477706,0.40491044227606976,-21.06127020028921,43.21942432110127,5.5273578350360575,-1.9773731311771323,0.13739442987157996,0.7507870400566024,-0.4980163612938154,-0.17809536779810842,-0.6156949438996977,-1.3489616904278512,0.0
2022-06-19 19:10:56.748231300,0.2396462020916715,-0.7365589324226379,0.7106113510749341,0.16439924452629742,9.213457148935676,-3.3152873142468327,-0.4870640674233437,-2.3022516202926635,0.4727309542894363,-12.898731231689453,47.36360229492188,4.05158447265625,-2.2733382213760467,0.22600597259718735,0.7443213349392903,0.039716075734652884,-0.33262016181995896,-0.5250081576333334,-1.2240250212705035,0.0
2022-06-19 19:10:56.998231300,-0.13066518641909958,0.9222593857355118,2.3302383416219947,-0.3979445541704595,9.501202638800264,-2.3776075454803407,-0.305263169631362,-2.214485936164856,0.4966959881782532,2.0574500656127928,47.495462646484384,13.2826416015625,-1.8120033977325205,0.4288399921044265,0.5850308005172206,-0.16993315835050635,-0.5240289055466728,-0.4380132379680552,-1.322127749468779,0.0
2022-06-19 19:10:57.248231300,1.1500470283862354,0.10800980186545846,0.8440015405498295,-0.1548013281972868,9.703745575985193,-1.3955716867507248,-0.23480144798755645,-1.4532546520233154,0.3834103977680206,15.954600524902347,45.120966796875,14.04480224609375,-1.221256231263839,0.5573798595231937,0.4050354821269924,-0.10272382091450487,-0.6360395670641408,-0.34189094614301685,-1.4266925215269577,0.0
2022-06-19 19:10:57.498231300,1.3455568111474512,-0.034317186619997025,0.7972482620196938,-0.09540644992990137,9.763215253897666,-0.8995824147884846,-0.15737957157194615,-0.9057670044898988,-0.07842524326406419,22.350966720581056,43.44655578613281,11.36558349609375,-0.8973881402026364,0.6245580099190371,0.28276118431173897,-0.12125344811491763,-0.6821705435270069,-0.2514083219156432,-1.4773893774462743,0.0
2022-06-19 19:10:57.748231300,1.9707524548678248,0.4651685754593611,-0.1369687026261836,-0.6910456308644936,9.725774288775682,-1.018401224664122,0.4010800024867058,-1.036966199874878,-0.0645944944024086,22.866661529541016,44.341954345703115,6.2939697265625,-1.1219696028283626,0.6515340478389091,0.21696278078917075,-0.5953448761975817,-0.7100284888914993,-0.15012367235594976,-1.4446249345119475,0.0
2022-06-19 19:10:57.998231300,0.016866358668640252,0.05689715031421185,0.07341804777821899,-0.7694955777079164,9.431000484328626,-2.534184318389177,0.7563833302259445,-1.4345157504081727,0.5020534056425094,25.178206481933593,43.13237670898437,-8.70076416015625,-0.4620668016536413,0.6073755927855516,0.0881865368341875,-0.3073076081222177,-0.7865635421324509,-0.02010555901732197,-1.2961470657115182,0.0
2022-06-19 19:10:58.248231300,0.20341016454786806,-0.9325329190877676,-0.2578012868579029,0.11418069672297546,9.26967578624034,-3.1818285048246984,0.0342677503824234,-1.231103744506836,0.8826973533630371,29.150977935791012,37.43926574707032,-19.35026611328125,0.22058058212515694,0.5786933573779632,-0.08010575822791344,0.03349306787846459,-0.8080042008127087,0.04993772219222637,-1.2384482258944125,0.0
2022-06-19 19:10:58.498231300,0.3027439547664597,1.4721775327908992,-1.2412927424554825,0.8178082174318729,9.296079458328126,-3.009869588306904,-0.16339236594736575,-1.0305016326904295,0.534610394090414,29.19709983825684,32.796296997070314,-26.13865478515625,0.7796229931574062,0.5758711615907793,-0.2339415421321948,0.2655084856750901,-0.7728117131436175,0.12059873315401085,-1.2467097825411642,0.0
2022-06-19 19:10:58.748231300,-1.5856540317905097,-0.6739085435761213,1.9418706993061008,1.0127455369899867,9.54246806050384,-1.859923164905712,-0.9469411158561708,1.0826681387424468,-0.1685155026614666,29.66760559082031,34.076670532226565,-21.5621630859375,1.0938286202136769,0.6220256982488084,-0.2376580729864069,0.5645368542285131,-0.7327383825480593,0.12928659271497905,-1.3480580124436472,0.0
2022-06-19 19:10:58.998231300,0.242263537676692,-0.24001909052467346,-0.3174680363254845,0.8769957656251566,9.716909336273194,0.7189099154747169,-0.7272957170009613,2.049949297904968,-0.06638643428683283,30.933519973754887,36.08434509277344,0.23056640625,2.225561050520556,0.7304949107417572,-0.05997417245122276,2.147166859156585,-0.6753171985466225,-0.004767125007384293,-1.438305735684693,0.0
2022-06-19 19:10:59.248231300,0.6295241580042971,1.31958823377347,-1.3333494397301378,0.18908333246757647,9.623002551229836,1.8484259846617577,0.4357642757147551,1.508485345840454,0.040365207511931664,25.54377677917481,35.08072326660156,15.47581298828125,2.7018201814716836,0.7575400311599536,0.10218539702370906,2.5425910384538817,-0.6273608536776366,-0.13804132503489988,-1.379354458551282,0.0
2022-06-19 19:10:59.498231300,-1.21326970288733,0.008884989912867491,1.0523861515063642,0.3986366419245776,9.497741193693043,-2.0200266106327556,1.8094177639484408,0.6739500594139101,0.26838138412684204,20.1377326965332,39.781369018554685,6.05822509765625,-0.2877798275513079,0.5886933350069077,0.23994319804769146,-0.12674495548420134,-0.7371903224438492,-0.2167036634756344,-1.3500335650183972,0.0
2022-06-19 19:10:59.748231300,0.3705059305474013,0.09204704681825636,-0.8516109604915378,0.5881204285578131,9.2872557263093,-3.0639801123451003,-0.4520254448056221,0.13780926823616027,0.1615365082025528,18.924402465820307,40.34136047363281,1.67382568359375,-0.49961331958106303,0.5438626275589704,0.253555512880046,0.1903022955788196,-0.7692743853339704,-0.21829218685016816,-1.245701109625022,0.0
2022-06-19 19:10:59.998231300,-1.8382220269500316,-0.4031761010710001,1.0467731485432237,0.994104374049425,9.631704164935467,-1.347921781963883,-0.8510584700107574,1.492222668528557,-0.29329143315553663,16.445464744567868,38.12437316894531,10.31840576171875,-0.11650243682778708,0.5790929460489413,0.2784791097000756,0.7413698372784603,-0.6989541645588708,-0.3062336583242981,-1.3919993603550356,0.0
2022-06-19 19:11:00.248231300,0.9620382157358842,0.1658530727992837,-0.9520561682187232,0.690104806462833,9.714354937846156,0.9838196660788666,-0.5955983972750031,1.4637545851560738,0.20950231798745408,6.805975327124963,34.7381591796875,21.892106276292072,1.1241904713078292,0.5747823382242727,0.3825747819241022,2.418616204248472,-0.5493268564681411,-0.4669329211396958,-1.4396536705890428,0.0
2022-06-19 19:11:00.498231300,0.16814200026857853,1.5825166777676345,-0.9846082986495944,1.8583640609015224,9.529601471144558,0.29992649788337195,1.7281168591976166,1.0357491809129715,0.7852401065826417,5.087096290588379,36.189970703125,18.5689892578125,0.15344648816342524,0.4372265335102472,0.4610145611087873,1.7946337206464642,-0.5192434621043283,-0.5651161570454404,-1.3357707481592431,0.0
2022-06-19 19:11:00.748231300,-0.33783095525386925,-2.138715559289456,-0.21556352468127016,2.7737514799696203,8.738864934951662,-3.4089943330891725,0.5053192370384931,-1.088729783296585,0.11086098343133928,9.579110984802249,41.73789489746094,3.11931396484375,-0.9555016107128564,0.3048774135816158,0.5262797479876102,0.6905718318461329,-0.6292691215784755,-0.4812101885197819,-1.1013327705948406,0.0
2022-06-19 19:11:00.998231300,-0.4794289221932888,1.3810551762212513,1.1339891950084566,2.2166436961354314,8.83113066309929,-3.575895177112847,-0.6230135044455528,0.1227836075425148,0.029572505354881286,10.012628746032712,41.967741088867186,3.649990234375,-0.9266961678176092,0.35273615440241396,0.4976939697003725,0.5665896141468364,-0.6589011939242342,-0.43856874062867307,-1.124240402641555,0.0
2022-06-19 19:11:01.248231300,0.5924241229463221,-0.6994991690962314,0.3831896814595908,2.119140873974532,9.491582226826667,-0.9352984362690532,-0.9951899385452272,0.9463865375518798,-0.3272094130516052,5.946723709106445,39.81463073730469,15.3523486328125,-0.4428831540633438,0.39441061529310095,0.4880763887478695,1.2108033760791488,-0.555023862155153,-0.5437001895956602,-1.3206520025794932,0.0
2022-06-19 19:11:01.498231300,2.824551482452512,1.3032880459297898,-1.46970211765939,1.4470514443521796,9.630989014093874,1.062538110150784,0.2200462329387665,0.06887658206745982,0.10952009622007608,0.4291252136230469,35.60676513671875,24.08391845703125,0.42818952396614784,0.4278130134090429,0.4831030568177162,2.203975396792178,-0.4605931794672421,-0.6090071367085229,-1.3812904719006722,0.0
2022-06-19 19:11:01.748231300,-1.0710537699076534,0.14521038820552826,1.7623622792629003,2.888665777145653,9.003488936662553,-2.2699270369440465,1.2215898403525352,-0.996773113012314,1.0744166994094848,9.194302558898926,41.716585083007814,10.537958984375,-0.7445170354098319,0.32263461477900424,0.5093822441665644,0.9481890126048874,-0.5942361144777645,-0.5274519509683454,-1.1799269849769982,0.0
2022-06-19 19:11:01.998231300,0.1906781832732559,0.12984590300285825,-1.41383010183531,3.1904732445504664,8.587933036062003,-3.4819351947323085,-0.4357233500480652,-0.7720033751055598,-0.02263330027461051,17.448623275756837,41.600377807617186,5.0875244140625,-0.6776311279924685,0.34380311995878304,0.4400096356643511,0.7401101805147191,-0.6954753624592753,-0.4510431416169948,-1.0678301283278169,0.0
2022-06-19 19:11:02.248231300,-0.9760996268519164,0.2856775917041302,2.371167134246692,3.0094291043012737,8.993535487497091,-2.3332668138298693,-0.8875984871387481,0.7906126514077186,-0.3019144201278687,17.075622749328613,39.97598693847656,10.272587890625,-0.4610582248099826,0.3926372091206013,0.4147234350210245,0.9350507767889138,-0.667668189525799,-0.4751016758257912,-1.166748264145813,0.0
2022-06-19 19:11:02.498231300,0.8621955354769527,-0.7014427043794393,-0.5689834880328141,2.22583955817011,9.499600698109386,0.572951798191405,-0.8330147969722748,0.8153557252883911,-0.3888250970840454,7.846589889526367,35.608167724609366,23.30234375,0.22267635935095165,0.4408725480682239,0.43481365910650815,1.836277935810667,-0.5294839606369693,-0.5780360213089165,-1.3202401945420446,0.0
2022-06-19 19:11:02.748231300,0.9511651622242928,2.4493162992774247,-0.4321920438616351,1.9525285499556064,9.509086249192594,0.517365700153687,1.514598383903503,0.1618667277507484,0.4263342890702188,3.5155690765380867,35.178178100585946,23.6979931640625,0.14210946083814455,0.42077273055390174,0.4679090215474322,1.847564206016083,-0.5025762828938288,-0.5889403181501801,-1.3253843213805292,0.0
2022-06-19 19:11:02.998231300,-1.1993431028087138,-1.7047730550312994,1.9026875666919052,3.5282607639827126,8.542445145131706,-3.2063123673727807,0.2382053062319756,-1.1315218776464462,0.6629366080462933,11.931203384399414,43.56317810058594,14.41337158203125,-0.7778885087247613,0.2931394117701063,0.4894027862053313,0.8402690921688222,-0.6494261447612838,-0.4994681005148014,-1.0608547976519254,0.0
2022-06-19 19:11:03.248231300,0.7073560083860159,1.7104980027041432,-0.5737204863061904,3.1482543273595582,8.66781538740611,-3.3255600760301944,-0.3700703709758818,-0.2948540896177292,0.21903409093618392,36.65736602783203,41.788847045898436,30.99971435546875,-0.6289782072118508,0.35798725544128124,0.4275404209708315,0.7577810019670209,-0.6974196242718588,-0.4495461804438068,-1.084119395128115,0.0
2022-06-19 19:11:03.498231300,-0.5024001882213354,-0.6556349163093566,1.218852338476997,2.8669616318248523,9.187354599144578,-1.644331892239686,-0.8637317645549775,0.9299301183223724,-0.4966521430015564,50.44335205078125,31.016927490234377,28.11392333984375,-0.3646725003522333,0.4055042543556929,0.4208960389229228,1.082994135441105,-0.6363518772059231,-0.5003208216357379,-1.2181668088166937,0.0
2022-06-19 19:11:03.748231300,0.8618347627214193,0.05103710794222354,-0.9563639189081266,2.1373517235903443,9.49347168214464,0.972040032731797,-0.665043115336448,0.6552984821796417,-0.4427785015106201,32.73228271484375,19.02958251953125,32.53881103515625,0.3603727517205748,0.4433522027239269,0.4354273753386505,2.0079927879344006,-0.5096155578915547,-0.5937379590336379,-1.3175884325596685,0.0
2022-06-19 19:11:03.998231300,0.2363547052625716,3.6335222491368055,0.30574982789677385,2.595991879277736,9.296776676038144,0.09855899951261464,1.6742885722965002,0.1708431381173432,1.4175540450215343,15.955445251464846,26.638333129882806,16.3940966796875,0.017628027399130056,0.3784520546637979,0.4710798169370238,1.760685842655294,-0.5199039827743338,-0.5967003392437175,-1.2649571814061848,0.0
2022-06-19 19:11:04.248231300,-1.340540759482349,-0.9269785393986564,2.6258114390614797,5.456213531726028,7.096364103787334,-3.8244544739415143,0.047971376002981146,-1.5307305180109465,1.0103708746341558,24.412448662977948,32.89655714768629,-1.7910344050480769,-0.5822301625645948,0.2097527911830772,0.4096797845544218,0.9701251518660456,-0.7227109149693269,-0.5078719437833893,-0.8123160504445989,0.0
2022-06-19 19:11:04.498231300,,-2.4200976516019703,,,5.276595651865602,-2.7818284735839365,1.859194889217615,1.1148302488029005,1.4509928029775616,32.02447738647461,29.057723388671874,0.405849609375,-0.5629761187161046,0.07398005569656015,0.3701348690091696,1.2078920661004136,-0.7093206911099774,-0.5773733896706149,-0.5775880404870577,0.0
2022-06-19 19:11:04.748231300,0.15139779206183554,,-0.005302221442222643,4.456757892599672,-0.1208829093744642,-8.158302760211944,,-2.245895095467568,-0.4139184045791626,21.373062057495122,16.11786926269531,-36.50227783203125,-1.331132497171146,-0.14182535838466198,0.5989024125947696,0.5038024906927615,-0.7417192801326877,-0.1872043314380826,0.0124965539230621,0.0
2022-06-19 19:11:04.998231300,-2.961684234069645,3.1002064643611904,1.7768413307070732,2.2991008547131715,-5.26756343257916,-7.886011795301912,0.8169714748859406,-0.31543243288993833,1.0849111473560331,16.93845615386963,-8.328710021972656,-45.7601025390625,-1.3242408336240985,-0.3031500645889127,0.5532149164335536,0.2807997601575854,-0.7713920249811757,0.06436952939354923,0.5693570965673461,0.0
2022-06-19 19:11:05.248231300,0.015485026768065974,0.5643710586806535,-1.0693644198133945,0.6562980081701503,-5.878588807311415,-7.810124884882571,-0.13373749017715453,-0.2825769799947739,0.3271146450005472,10.830914840698242,-12.275317687988279,-46.45142333984375,-1.1961062362514538,-0.28343006215553723,0.5226571628949269,0.08367215862706151,-0.7905426465128711,0.145046887962531,0.6428837206147948,0.0
2022-06-19 19:11:05.498231300,-0.1620912634752989,0.09025420127820967,0.6473561457387208,0.09862693910548677,-6.169317673520088,-7.621144726008415,0.10085227467119694,0.25529327576979993,0.4969037163257599,10.535139770507813,-14.383941955566408,-46.537666015625,-1.0548871783063969,-0.2913941503892729,0.4725347174884078,0.012849592564074934,-0.8154103633530145,0.16266338725707447,0.6804348180042308,0.0
2022-06-19 19:11:05.748231300,0.2982820697576404,-0.1916276689404249,-0.6141767426674365,0.5019798276603995,-5.351194463087081,-8.177983986331702,-0.4155612005293369,0.6773840147256851,0.100386595800519,14.647648162841794,-10.427954406738284,-46.37890380859375,-0.9747211238612492,-0.2652107775844172,0.441053989195147,0.06048040561434869,-0.8499005466966948,0.10762214968386616,0.5778650213057025,0.0
2022-06-19 19:11:05.998231300,-0.14088608065257965,0.9152455672959088,0.06790598882281781,0.9028587096645384,-5.069149441118597,-8.341273239110349,-0.2081311209499836,-0.2350747889280319,0.10909989848732947,18.789465713500977,-9.307000122070313,-45.764501953125,-0.9054172203440186,-0.2637286852571612,0.4075115141669456,0.10810724145534577,-0.8712807779840794,0.07054431832603321,0.5433200716784923,0.0
2022-06-19 19:11:06.248231300,0.08121367045582271,0.2774910119259357,-0.14784571683561798,0.27054841993312645,-5.087466147648633,-8.369353016026377,0.10875665590167044,-0.8647890296578408,-0.8918956255912781,14.175495986938474,-7.9304046630859375,-47.39136474609375,-1.033074855386089,-0.2409338937294585,0.4714146635568245,0.03178680779045715,-0.8383767110892769,0.11954140081239485,0.5455833153049201,0.0
2022-06-19 19:11:06.498231300,-1.2472330338377058,1.1521386113736631,-0.9366321243383884,-0.3233453047173921,-4.5602127784136535,-8.669186067856549,-0.2478104115277529,-1.0565990567207335,-1.3983763694763185,4.858193283081055,-2.5093075561523444,-49.3612255859375,-1.3610602379596473,-0.17391752704743574,0.6131584672736179,-0.037303972044767264,-0.7503216914065071,0.16398435541143586,0.4837837959656525,0.0
2022-06-19 19:11:06.748231300,-0.7651953276146426,0.7739132947814464,-0.44135010340440267,-0.5703501915424466,-4.500338517830014,-8.693786139201519,-0.20648572959005831,-0.5325965714454651,-1.1439846777915954,-4.633497314453125,-1.9000698852539064,-49.06022705078125,-1.7315420706159557,-0.1287576289296586,0.7440109746415027,-0.06552938344950791,-0.6228695403527,0.2001145713751198,0.4767852365526484,0.0
2022-06-19 19:11:06.998231300,0.09258120703257994,0.5794784010136127,-0.1233668051879406,-0.05876909755762201,-4.774185491700828,-8.555554264313459,0.13709484428167346,0.06288576832041144,-0.7071192634105682,-7.52071907043457,-4.984067687988281,-49.1228857421875,-1.9932390859290132,-0.1339668415199404,0.8125226945729459,-0.006506960251043296,-0.5248887817729312,0.21341623264710285,0.5085940218787133,0.0
2022-06-19 19:11:07.248231300,-0.6150162695380225,0.5978713291980625,-0.5134692091037035,0.49367812574804204,-4.696325551023722,-8.592092587352512,-0.018369105532765384,-0.4404125177115202,-0.6982999992370605,-7.058766098022461,-6.038982238769531,-48.918984375,-2.1421933003687483,-0.14279005160640462,0.8462590855207439,0.0575165456955484,-0.4701037322441581,0.20323030512456544,0.4994745326375016,0.0
2022-06-19 19:11:07.498231300,0.03035576486921311,0.6843036925527454,-0.21252727248704434,-0.4422063201102386,-5.414491882594168,-8.147432242963314,0.2811975307390094,-1.3647898054122924,-1.179039626121521,-16.050625305175778,-12.825301818847654,-44.51684814453125,-2.422593272145709,-0.07595378707530061,0.8969740859796121,-0.05497203697399312,-0.328526538627116,0.2778662202827061,0.5853134774186021,0.0
2022-06-19 19:11:07.748231300,0.24290342255716024,0.6564206072525978,-0.1747816545561552,-1.075199736909449,-5.163349469103574,-8.264617471978188,-0.32888252526521683,-0.9226831007003784,-1.011462516784668,-22.25832885742188,-17.621575317382813,-40.02315185546875,-2.7771666270781,0.011345823117559004,0.946070468269806,-0.12919091879807815,-0.1563833470455598,0.279181533789632,0.5545621816787468,0.0
2022-06-19 19:11:07.998231300,-0.6942927315699511,-0.5940754053780666,-0.0941276956492891,-1.280083340069107,-4.804993186863168,-8.445120487041311,-0.22446465592544806,-0.08764828874084812,-0.8866837987532983,-23.81409028860239,-20.597677964430584,-37.12033081054688,-1.8472868019025337,0.06158617799939808,0.9638008799457652,-0.15062531047039746,-0.022230019933628102,0.25590052509842,0.5120834662264199,0.0
2022-06-19 19:11:08.248231300,-0.34975832022775705,-0.7933204035158158,0.6340625514485836,-0.09883128054314136,-4.706687487466574,-8.600463198002458,-0.08744960434734822,-0.007651929836720228,-0.5399649798870086,-18.27954849243164,-23.954775390625,-38.150966796875,2.9877213115709687,0.024532744615073772,0.9655524616473928,-0.011566614398929677,0.07592727123414131,0.2466601078787403,0.5006151003666188,0.0
2022-06-19 19:11:08.498231300,-0.0054489919661134464,-0.19136659808361534,0.2635501414760352,0.5037122842347287,-4.664050333173155,-8.606899906289936,0.1128569769114256,0.2772625654935837,-0.2280645935237408,-14.901016540527346,-25.58126129150391,-38.54683349609375,2.878236549680295,0.0041210159458168714,0.9614423005099408,0.058573825801514275,0.12002638241638475,0.2469202637744801,0.4956716723593457,0.0
2022-06-19 19:11:08.748231300,0.07670608569903672,0.017946259937226774,0.10021920059621334,0.9304866482372284,-4.672196405584394,-8.571233783433794,-0.10390002273023127,-0.10882887348532676,-0.31072227388620377,-12.132733917236328,-26.571172485351568,-38.96992431640625,2.815092932456422,-0.011850069480793842,0.957100951137084,0.10811871691427964,0.14421400207893986,0.2506628443421124,0.496613723627349,0.0
2022-06-19 19:11:08.998231300,0.2052209885199368,-0.6676202804677486,0.4066793511837721,0.8149602981905042,-4.3339506911332615,-8.755685464181541,-0.10981630373746157,-0.6754342156648636,-0.7586441469192505,-11.045633850097657,-27.396128845214843,-38.47277099609375,2.6548228093916384,0.010460641695262174,0.9460890382882304,0.09294759389440152,0.22405133835862526,0.23042117168246734,0.4577930195028148,0.0
2022-06-19 19:11:09.248231300,-0.22719602685725315,0.11261330922162532,-0.921205025150895,-0.13823696205513364,-3.9749871828240746,-8.960778319658038,-0.049974174760282035,-0.7156461489200592,-0.8131656718254089,-11.70655174255371,-29.245591735839845,-36.6620361328125,2.3995555712020544,0.08187601404818327,0.9103584060813884,-0.015390251980252732,0.35585731259181025,0.18978466530437302,0.4173555210743707,0.0
2022-06-19 19:11:09.498231300,-0.2648080705765635,0.3374043068813681,0.5076150820932388,-0.585037766786851,-3.973280788071513,-8.946254049600482,-0.0569224476441741,-0.3967562711238861,-0.5543567270040513,-10.271731796264648,-31.438253784179693,-35.2401123046875,2.1771015559036204,0.12415810880344648,0.8627796232307946,-0.06529190166273917,0.4592646054821386,0.1684302236397163,0.4171616405424377,0.0
2022-06-19 19:11:09.748231300,-0.18419062450398507,-0.4848297758591771,0.4503706322530507,-0.633100017791532,-3.9119240279999383,-8.968628799349665,-0.025946473181247712,0.17823876582086087,-0.041955194752663384,-8.857673568725586,-31.72860931396484,-34.78409423828125,2.062146994880349,0.1342339554816591,0.8355936539711191,-0.07049154281511971,0.5089498409431795,0.15697559056011212,0.4103326092608469,0.0
2022-06-19 19:11:09.998231300,-0.11929159967545795,-0.29781257008540624,-0.5178571214060783,0.13480002672706473,-4.066026923069835,-8.918750961980821,0.10872103653848172,0.5804271268844604,0.4472874629497528,-6.532359161376952,-31.897386169433595,-35.42462646484375,2.0902391062884904,0.09990681101713862,0.845865985304624,0.015157440724790226,0.4888285566272881,0.1870065344510914,0.4275345573329158,0.0
2022-06-19 19:11:10.248231300,0.11331827769190073,0.7903447311702371,0.300194450024128,0.7852255834451688,-4.406522929891882,-8.723325046420339,0.08024518895894289,0.4653390669822693,0.38252113096416,-5.851851806640625,-31.853423767089843,-35.42484375,2.2038849729797243,0.06514049272979043,0.8716346875239193,0.08986225936859091,0.4298532272311261,0.2254128600243949,0.4660498297946845,0.0
2022-06-19 19:11:10.498231300,-0.11682448548543453,-0.03358923474901915,-0.3851151462485791,1.1889359740559606,-4.4801152645619515,-8.641414030025004,0.13919815868139268,-0.12300400307402015,-0.2684018260240555,-4.272640762329101,-32.09697174072266,-35.30064208984375,2.200454514957644,0.0471784444656468,0.8715167536705145,0.13672581971158948,0.42529830733422463,0.2390358974582689,0.4744702577357943,0.0
2022-06-19 19:11:10.748231300,0.2886894167285859,0.2390930675661564,-0.17653699717175958,0.8656330268771351,-4.971154790549278,-8.40432954333794,0.3343347588181496,-0.44472034454345705,-0.3510660481452942,-3.556202697753906,-34.646957397460945,-32.55746826171875,2.075623522199521,0.09086144269154696,0.8364817297324966,0.10239525376550257,0.4779199949151061,0.2508107041240287,0.5317667549151004,0.0
2022-06-19 19:11:10.998231300,0.20448753922058646,-0.0300504807766676,0.26071958253479,0.6180344453928098,-5.584561717887998,-8.035673878838418,0.12561066560447215,-0.14684117183089254,-0.14269434757530688,-3.115829467773437,-37.25075439453125,-29.3048486328125,1.9709914783163065,0.13421984618630511,0.8012582071307982,0.07675005359320787,0.5172994857438686,0.26867521626782154,0.6059415157862272,0.0
2022-06-19 19:11:11.248231300,-0.07923510148783029,-0.01798721154081818,-0.08067970934426784,0.2161714445255431,-5.431544852798701,-8.158414544178129,-0.042390734925866126,-0.3294200184941292,-0.07586833225097507,-4.2257833099365225,-37.111971435546884,-29.342900390625,1.9272626192991191,0.15455946226992784,0.7881764063164192,0.026576399394227776,0.5428371355452551,0.2447647345224096,0.5870211688669323,0.0
2022-06-19 19:11:11.498231300,-0.4222992958331108,0.1195776303476095,-0.10346900201761723,0.20428332003591335,-5.8836479377901565,-7.825899306976916,0.6816212816536427,0.3890471962466836,0.050793199017643925,-4.437759704589844,-38.558404541015626,-27.3358203125,1.9082526062156235,0.17265549629495308,0.7761352437766295,0.02708890124534296,0.5445592892926602,0.2655413688017411,0.6443338972921211,0.0
2022-06-19 19:11:11.748231300,0.44874700096652187,-0.2311716628877016,0.5908083776469414,0.9441258122057724,-6.522756069600811,-7.21936261702008,-0.6868367316201329,0.15071434914492646,0.08126908798630421,-2.7755462206327004,-40.394109579233024,-24.924842247596153,1.945175560566484,0.15039046662154762,0.7829450145120602,0.1311232520989601,0.5047590362008529,0.3283345888007148,0.730325228726595,0.0
2022-06-19 19:11:11.998231300,0.0056600770682003355,-0.1464677064806819,-0.03615466625154018,0.0762515469216514,-5.048488848572672,-8.399683015170693,-0.31071603894233696,-0.4086197224259376,0.10420032863039523,-5.9880885314941406,-35.57457824707031,-31.03769775390625,1.9805773824623991,0.14277064502385145,0.8064199880111996,0.00949759694231791,0.5271981739064394,0.2258633674562449,0.540899355451382,0.0
2022-06-19 19:11:12.248231300,-0.07571357483687252,-0.08614782978922128,0.09976561160981656,-0.4539077802515104,-4.670137240180969,-8.61096682255137,-0.07535891246050598,-3.6420822143554685e-05,0.08235272271558643,-8.420709075927734,-34.10907165527344,-32.1034375,1.999978119977644,0.15415042182652075,0.8119021011135049,-0.052651244385081966,0.529004924362182,0.19283476263116686,0.4963597460791858,0.0
2022-06-19 19:11:12.498231300,-0.25758565819410234,-0.0063495326928496255,0.24656942986750602,-0.2480457881766732,-4.677654542395472,-8.614393851009725,0.07995623047463596,0.3849343869090081,0.3579771208763123,-8.693717193603515,-33.748759765625,-32.76041259765625,2.0475354832666883,0.13975566502168366,0.8257492991030849,-0.028732027175300705,0.5070258714480331,0.20279422267687802,0.4972377347262713,0.0
