timestamps,rec
0.000000000E0,-3.013346111E-3
2.083333333E-5,-2.450911095E-3
4.166666667E-5,-2.121496713E-3
6.250000000E-5,-2.024979098E-3
8.333333333E-5,-1.794772339E-3
1.041666667E-4,-9.490182856E-4
1.250000000E-4,-3.600849304E-4
1.458333333E-4,-3.712556500E-4
1.666666667E-4,-5.575804971E-4
1.875000000E-4,-1.154978992E-3
2.083333333E-4,-1.771037932E-3
2.291666667E-4,-1.650597551E-3
2.500000000E-4,-9.485908668E-4
2.708333333E-4,-5.419063964E-4
2.916666667E-4,-4.987374414E-4
3.125000000E-4,-2.676692748E-5
3.333333333E-4,8.944672300E-4
3.541666667E-4,1.496821875E-3
3.750000000E-4,1.140219043E-3
3.958333333E-4,4.898062325E-4
4.166666667E-4,9.796402883E-4
4.375000000E-4,2.392430091E-3
4.583333333E-4,3.268497763E-3
4.791666667E-4,3.024187637E-3
5.000000000E-4,1.761484775E-3
5.208333333E-4,-2.399248187E-4
5.416666667E-4,-1.973081846E-3
5.625000000E-4,-2.562816720E-3
5.833333333E-4,-2.357875928E-3
6.041666667E-4,-2.058586804E-3
6.250000000E-4,-2.217194065E-3
6.458333333E-4,-2.930176910E-3
6.666666667E-4,-3.375651315E-3
6.875000000E-4,-3.005346982E-3
7.083333333E-4,-1.881816192E-3
7.291666667E-4,-5.033217603E-4
7.500000000E-4,1.297100971E-5
7.708333333E-4,-5.040686810E-4
7.916666667E-4,-8.458045777E-4
8.125000000E-4,3.913337423E-5
8.333333333E-4,1.683730166E-3
8.541666667E-4,2.502934309E-3
8.750000000E-4,2.137638861E-3
8.958333333E-4,1.527826418E-3
9.166666667E-4,1.386576798E-3
9.375000000E-4,1.905114739E-3
9.583333333E-4,2.377709141E-3
9.791666667E-4,2.328052651E-3
1.000000000E-3,2.430604538E-3
1.020833333E-3,3.033522749E-3
1.041666667E-3,3.809442511E-3
1.062500000E-3,4.075923003E-3
1.083333333E-3,3.432217054E-3
1.104166667E-3,2.592444420E-3
1.125000000E-3,2.494087443E-3
1.145833333E-3,2.986910054E-3
1.166666667E-3,2.866104012E-3
1.187500000E-3,1.546400250E-3
1.208333333E-3,-1.851224224E-4
1.229166667E-3,-1.303408062E-3
1.250000000E-3,-1.160493586E-3
1.270833333E-3,-2.874310012E-4
1.291666667E-3,-2.850568853E-4
1.312500000E-3,-1.610334963E-3
1.333333333E-3,-3.050648607E-3
1.354166667E-3,-3.529435955E-3
1.375000000E-3,-2.919122577E-3
1.395833333E-3,-1.798024634E-3
1.416666667E-3,-9.010724025E-4
1.437500000E-3,-3.120022884E-4
1.458333333E-3,6.988792848E-6
1.479166667E-3,-8.344308299E-5
1.500000000E-3,-2.024211863E-4
1.520833333E-3,-1.044064047E-4
1.541666667E-3,-2.976424294E-4
1.562500000E-3,-8.689907263E-4
1.583333333E-3,-1.368562924E-3
1.604166667E-3,-1.549058477E-3
1.625000000E-3,-1.450105105E-3
1.645833333E-3,-1.618251204E-3
1.666666667E-3,-1.990868477E-3
1.687500000E-3,-1.672110171E-3
1.708333333E-3,-7.294598036E-4
1.729166667E-3,2.787450794E-4
1.750000000E-3,9.028968634E-4
1.770833333E-3,7.068545092E-4
1.791666667E-3,4.567461438E-4
1.812500000E-3,9.400313720E-4
1.833333333E-3,1.399735920E-3
1.854166667E-3,1.035838271E-3
1.875000000E-3,4.108419816E-4
1.895833333E-3,5.717049935E-4
1.916666667E-3,1.674273866E-3
1.937500000E-3,2.959880279E-3
1.958333333E-3,3.729314543E-3
1.979166667E-3,3.797920188E-3
2.000000000E-3,3.178439336E-3
2.020833333E-3,2.495125169E-3
2.041666667E-3,2.709012013E-3
2.062500000E-3,3.418832785E-3
2.083333333E-3,3.542549908E-3
2.104166667E-3,2.835929859E-3
2.125000000E-3,1.848709304E-3
2.145833333E-3,1.487228204E-3
2.166666667E-3,1.423779759E-3
2.187500000E-3,7.442241767E-4
2.208333333E-3,-9.154452709E-5
2.229166667E-3,-5.171542871E-4
2.250000000E-3,-7.608528249E-4
2.270833333E-3,-1.248335000E-3
2.291666667E-3,-1.719691209E-3
2.312500000E-3,-1.379340189E-3
2.333333333E-3,-6.220226060E-4
2.354166667E-3,-1.707143820E-4
2.375000000E-3,1.815723081E-4
2.395833333E-3,4.357394646E-4
2.416666667E-3,5.857078941E-4
2.437500000E-3,1.131567173E-3
2.458333333E-3,1.950318576E-3
2.479166667E-3,2.589561511E-3
2.500000000E-3,2.951618517E-3
2.520833333E-3,2.766015008E-3
2.541666667E-3,2.420391189E-3
2.562500000E-3,2.691221423E-3
2.583333333E-3,3.162287408E-3
2.604166667E-3,3.095335560E-3
2.625000000E-3,2.522971248E-3
2.645833333E-3,1.825229381E-3
2.666666667E-3,9.708536090E-4
2.687500000E-3,-3.969074169E-4
2.708333333E-3,-1.597324735E-3
2.729166667E-3,-1.465918147E-3
2.750000000E-3,-3.742880654E-4
2.770833333E-3,4.259360139E-4
2.791666667E-3,2.718846663E-4
2.812500000E-3,-5.820743390E-4
2.833333333E-3,-1.352583058E-3
2.854166667E-3,-1.858405769E-3
2.875000000E-3,-2.494731452E-3
2.895833333E-3,-3.457600949E-3
2.916666667E-3,-4.381904379E-3
2.937500000E-3,-4.326898139E-3
2.958333333E-3,-2.903611166E-3
2.979166667E-3,-1.432135701E-3
3.000000000E-3,-1.272440073E-3
3.020833333E-3,-1.997251296E-3
3.041666667E-3,-2.272363286E-3
3.062500000E-3,-1.198893646E-3
3.083333333E-3,6.090910756E-4
3.104166667E-3,1.753224060E-3
3.125000000E-3,1.756081008E-3
3.145833333E-3,1.623710850E-3
3.166666667E-3,2.594399266E-3
3.187500000E-3,3.824076848E-3
3.208333333E-3,3.759049112E-3
3.229166667E-3,2.678618301E-3
3.250000000E-3,1.533955568E-3
3.270833333E-3,6.103356136E-4
3.291666667E-3,8.213020919E-5
3.312500000E-3,3.105687938E-5
3.333333333E-3,-5.398200301E-5
3.354166667E-3,-1.848352404E-4
3.375000000E-3,6.407323326E-6
3.395833333E-3,3.847719927E-4
3.416666667E-3,9.654221358E-4
3.437500000E-3,1.028277329E-3
3.458333333E-3,-1.794564159E-4
3.479166667E-3,-1.448088209E-3
3.500000000E-3,-1.777992351E-3
3.520833333E-3,-1.624333556E-3
3.541666667E-3,-1.362943673E-3
3.562500000E-3,-1.428277348E-3
3.583333333E-3,-2.254012274E-3
3.604166667E-3,-3.376968438E-3
3.625000000E-3,-4.072563257E-3
3.645833333E-3,-4.370748065E-3
3.666666667E-3,-4.411788192E-3
3.687500000E-3,-4.197968636E-3
3.708333333E-3,-4.095827229E-3
3.729166667E-3,-4.063141067E-3
3.750000000E-3,-3.814001102E-3
3.770833333E-3,-3.614337416E-3
3.791666667E-3,-3.540595993E-3
3.812500000E-3,-3.335398156E-3
3.833333333E-3,-3.050273517E-3
3.854166667E-3,-2.999861259E-3
3.875000000E-3,-3.207560629E-3
3.895833333E-3,-3.473344026E-3
3.916666667E-3,-3.754503326E-3
3.937500000E-3,-3.776127938E-3
3.958333333E-3,-3.750347067E-3
3.979166667E-3,-4.440783523E-3
4.000000000E-3,-5.405112635E-3
4.020833333E-3,-5.607697181E-3
4.041666667E-3,-5.042080767E-3
4.062500000E-3,-4.225262906E-3
4.083333333E-3,-3.461131826E-3
4.104166667E-3,-2.753116656E-3
4.125000000E-3,-1.940433984E-3
4.145833333E-3,-1.249755151E-3
4.166666667E-3,-9.307102882E-4
4.187500000E-3,-6.064027548E-4
4.208333333E-3,-2.479020040E-4
4.229166667E-3,-1.765358611E-4
4.250000000E-3,-2.690407273E-4
4.270833333E-3,-3.741245600E-4
4.291666667E-3,-5.112423096E-4
4.312500000E-3,-6.828803453E-4
4.333333333E-3,-9.817711543E-4
4.354166667E-3,-1.763885957E-3
4.375000000E-3,-2.903791610E-3
4.395833333E-3,-3.784104716E-3
4.416666667E-3,-4.251721781E-3
4.437500000E-3,-4.268683959E-3
4.458333333E-3,-3.947419580E-3
4.479166667E-3,-3.836391959E-3
4.500000000E-3,-4.176814109E-3
4.520833333E-3,-4.702316131E-3
4.541666667E-3,-5.155494902E-3
4.562500000E-3,-5.609936081E-3
4.583333333E-3,-5.871873349E-3
4.604166667E-3,-5.763381720E-3
4.625000000E-3,-5.405889824E-3
4.645833333E-3,-4.750996362E-3
4.666666667E-3,-4.279483110E-3
4.687500000E-3,-4.304986447E-3
4.708333333E-3,-4.322061781E-3
4.729166667E-3,-4.008498974E-3
4.750000000E-3,-3.132282756E-3
4.770833333E-3,-1.868280466E-3
4.791666667E-3,-9.192252182E-4
4.812500000E-3,-6.414460950E-4
4.833333333E-3,-6.377176032E-4
4.854166667E-3,-1.395058098E-5
4.875000000E-3,1.001850702E-3
4.895833333E-3,1.530627836E-3
4.916666667E-3,1.403923729E-3
4.937500000E-3,6.972252741E-4
4.958333333E-3,4.506146070E-5
4.979166667E-3,-1.180098989E-4
5.000000000E-3,-3.873714595E-4
5.020833333E-3,-9.878568817E-4
5.041666667E-3,-1.611880260E-3
5.062500000E-3,-2.046894981E-3
5.083333333E-3,-2.068105154E-3
5.104166667E-3,-1.796039287E-3
5.125000000E-3,-1.646894962E-3
5.145833333E-3,-1.569498330E-3
5.166666667E-3,-1.109172590E-3
5.187500000E-3,-3.049816296E-4
5.208333333E-3,4.020103952E-4
5.229166667E-3,4.738843127E-4
5.250000000E-3,-3.714071063E-4
5.270833333E-3,-1.139631728E-3
5.291666667E-3,-7.056054892E-4
5.312500000E-3,5.228024675E-4
5.333333333E-3,1.519174781E-3
5.354166667E-3,1.836027252E-3
5.375000000E-3,1.766195404E-3
5.395833333E-3,1.688173274E-3
5.416666667E-3,1.756850746E-3
5.437500000E-3,2.454092260E-3
5.458333333E-3,3.721359884E-3
5.479166667E-3,4.500553943E-3
5.500000000E-3,4.393100739E-3
5.520833333E-3,4.077266902E-3
5.541666667E-3,4.135786556E-3
5.562500000E-3,4.497172311E-3
5.583333333E-3,4.648557398E-3
5.604166667E-3,4.030746873E-3
5.625000000E-3,3.036866663E-3
5.645833333E-3,2.610719530E-3
5.666666667E-3,2.554742387E-3
5.687500000E-3,2.376379678E-3
5.708333333E-3,1.983402530E-3
5.729166667E-3,1.388192992E-3
5.750000000E-3,1.330506988E-3
5.770833333E-3,2.098589437E-3
5.791666667E-3,2.549658529E-3
5.812500000E-3,1.970726065E-3
5.833333333E-3,9.669070714E-4
5.854166667E-3,7.284102612E-4
5.875000000E-3,1.965836622E-3
5.895833333E-3,3.525695996E-3
5.916666667E-3,3.434289945E-3
5.937500000E-3,1.577525982E-3
5.958333333E-3,-5.716963788E-4
5.979166667E-3,-1.743750181E-3
6.000000000E-3,-1.547206426E-3
6.020833333E-3,-7.735557156E-4
6.041666667E-3,-2.304666268E-4
6.062500000E-3,1.491144067E-4
6.083333333E-3,6.869592471E-4
6.104166667E-3,1.493790885E-3
6.125000000E-3,1.704897964E-3
6.145833333E-3,6.886385381E-4
6.166666667E-3,-3.408795455E-4
6.187500000E-3,-2.193141554E-4
6.208333333E-3,9.631919092E-4
6.229166667E-3,2.420610050E-3
6.250000000E-3,3.496548394E-3
6.270833333E-3,4.170178901E-3
6.291666667E-3,4.285829607E-3
6.312500000E-3,4.142161459E-3
6.333333333E-3,4.273780156E-3
6.354166667E-3,3.993065562E-3
6.375000000E-3,3.207971575E-3
6.395833333E-3,3.099693917E-3
6.416666667E-3,3.970122430E-3
6.437500000E-3,5.374083295E-3
6.458333333E-3,6.593858823E-3
6.479166667E-3,6.910542957E-3
6.500000000E-3,6.693329196E-3
6.520833333E-3,6.522688549E-3
6.541666667E-3,6.507962011E-3
6.562500000E-3,6.640163250E-3
6.583333333E-3,6.703728344E-3
6.604166667E-3,6.646160036E-3
6.625000000E-3,6.260008551E-3
6.645833333E-3,5.158115178E-3
6.666666667E-3,3.571638837E-3
6.687500000E-3,2.374656498E-3
6.708333333E-3,2.066882327E-3
6.729166667E-3,2.092384268E-3
6.750000000E-3,1.826927648E-3
6.770833333E-3,1.446526498E-3
6.791666667E-3,1.254832139E-3
6.812500000E-3,1.293671783E-3
6.833333333E-3,1.838845434E-3
6.854166667E-3,2.762153745E-3
6.875000000E-3,3.490553237E-3
6.895833333E-3,3.813362215E-3
6.916666667E-3,3.816385055E-3
6.937500000E-3,4.233770538E-3
6.958333333E-3,5.506375339E-3
6.979166667E-3,6.528947502E-3
7.000000000E-3,6.352586206E-3
7.020833333E-3,5.367280450E-3
7.041666667E-3,4.426332656E-3
7.062500000E-3,3.996413201E-3
7.083333333E-3,3.974658437E-3
7.104166667E-3,3.938502166E-3
7.125000000E-3,3.551275469E-3
7.145833333E-3,3.294019960E-3
7.166666667E-3,3.703897353E-3
7.187500000E-3,4.312397446E-3
7.208333333E-3,4.438744858E-3
7.229166667E-3,3.644542303E-3
7.250000000E-3,2.231116174E-3
7.270833333E-3,1.304881531E-3
7.291666667E-3,1.586997299E-3
7.312500000E-3,2.599020489E-3
7.333333333E-3,3.173339181E-3
7.354166667E-3,3.217612393E-3
7.375000000E-3,3.329318017E-3
7.395833333E-3,3.501820611E-3
7.416666667E-3,3.605924081E-3
7.437500000E-3,3.651010571E-3
7.458333333E-3,3.721457440E-3
7.479166667E-3,3.879234660E-3
7.500000000E-3,3.978692461E-3
7.520833333E-3,4.106646404E-3
7.541666667E-3,4.419419914E-3
7.562500000E-3,4.949921742E-3
7.583333333E-3,6.039646454E-3
7.604166667E-3,7.092583925E-3
7.625000000E-3,6.940467283E-3
7.645833333E-3,6.117914803E-3
7.666666667E-3,5.843515042E-3
7.687500000E-3,6.342715118E-3
7.708333333E-3,6.915682927E-3
7.729166667E-3,6.743484642E-3
7.750000000E-3,6.246476434E-3
7.770833333E-3,6.270297803E-3
7.791666667E-3,6.829606369E-3
7.812500000E-3,7.525629364E-3
7.833333333E-3,7.689535152E-3
7.854166667E-3,7.458508015E-3
7.875000000E-3,7.585533429E-3
7.895833333E-3,7.685207762E-3
7.916666667E-3,7.566377986E-3
7.937500000E-3,7.576502860E-3
7.958333333E-3,7.418848109E-3
7.979166667E-3,7.213143166E-3
8.000000000E-3,7.326011080E-3
8.020833333E-3,7.453096099E-3
8.041666667E-3,6.957354490E-3
8.062500000E-3,5.553879775E-3
8.083333333E-3,4.093777854E-3
8.104166667E-3,3.309130436E-3
8.125000000E-3,2.824866911E-3
8.145833333E-3,2.403884660E-3
8.166666667E-3,2.085295739E-3
8.187500000E-3,1.817178912E-3
8.208333333E-3,1.383999595E-3
8.229166667E-3,8.068830357E-4
8.250000000E-3,6.178778131E-4
8.270833333E-3,9.665435646E-4
8.291666667E-3,1.402031048E-3
8.312500000E-3,1.446562004E-3
8.333333333E-3,1.196586061E-3
8.354166667E-3,1.131416415E-3
8.375000000E-3,1.376571250E-3
8.395833333E-3,1.800700789E-3
8.416666667E-3,2.006510738E-3
8.437500000E-3,1.819223398E-3
8.458333333E-3,1.698528649E-3
8.479166667E-3,2.045792527E-3
8.500000000E-3,2.786800265E-3
8.520833333E-3,3.520900849E-3
8.541666667E-3,4.266648088E-3
8.562500000E-3,5.291457288E-3
8.583333333E-3,6.490323693E-3
8.604166667E-3,7.317112759E-3
8.625000000E-3,6.819303613E-3
8.645833333E-3,5.050837528E-3
8.666666667E-3,3.575768089E-3
8.687500000E-3,3.417251166E-3
8.708333333E-3,3.866776824E-3
8.729166667E-3,3.960625734E-3
8.750000000E-3,3.924108576E-3
8.770833333E-3,4.133025184E-3
8.791666667E-3,4.291517660E-3
8.812500000E-3,4.016085062E-3
8.833333333E-3,3.197515151E-3
8.854166667E-3,2.244783333E-3
8.875000000E-3,1.606676960E-3
8.895833333E-3,1.517337863E-3
8.916666667E-3,2.306732116E-3
8.937500000E-3,3.123001428E-3
8.958333333E-3,2.652031835E-3
8.979166667E-3,1.540593104E-3
9.000000000E-3,9.349995526E-4
9.020833333E-3,8.431056631E-4
9.041666667E-3,7.429583347E-4
9.062500000E-3,2.005775605E-4
9.083333333E-3,-6.990010152E-4
9.104166667E-3,-1.291619614E-3
9.125000000E-3,-1.051018480E-3
9.145833333E-3,-6.157252355E-4
9.166666667E-3,-7.492442965E-4
9.187500000E-3,-9.744403069E-4
9.208333333E-3,-7.826224901E-4
9.229166667E-3,-3.738355299E-4
9.250000000E-3,3.014977847E-4
9.270833333E-3,1.398683875E-3
9.291666667E-3,2.036248799E-3
9.312500000E-3,1.390813151E-3
9.333333333E-3,2.227766381E-4
9.354166667E-3,-4.600466928E-4
9.375000000E-3,-4.123190301E-4
9.395833333E-3,-3.526521323E-5
9.416666667E-3,7.982713578E-5
9.437500000E-3,2.662161205E-5
9.458333333E-3,-9.255521582E-5
9.479166667E-3,-4.333403194E-4
9.500000000E-3,-7.185645518E-4
9.520833333E-3,-7.587606669E-4
9.541666667E-3,-8.018111112E-4
9.562500000E-3,-1.125770039E-3
9.583333333E-3,-1.326975063E-3
9.604166667E-3,-7.841005572E-4
9.625000000E-3,-9.179978224E-5
9.645833333E-3,-1.290549408E-4
9.666666667E-3,-6.345661823E-4
9.687500000E-3,-1.060662908E-3
9.708333333E-3,-1.441772212E-3
9.729166667E-3,-2.065778011E-3
9.750000000E-3,-2.836438129E-3
9.770833333E-3,-3.673973493E-3
9.791666667E-3,-4.315112717E-3
9.812500000E-3,-4.071873147E-3
9.833333333E-3,-3.533621784E-3
9.854166667E-3,-3.405820113E-3
9.875000000E-3,-3.292668844E-3
9.895833333E-3,-3.315840615E-3
9.916666667E-3,-3.415801097E-3
9.937500000E-3,-3.379591973E-3
9.958333333E-3,-3.574906383E-3
9.979166667E-3,-3.682429669E-3
1.000000000E-2,-3.182270098E-3
1.002083333E-2,-2.199030248E-3
1.004166667E-2,-1.351012266E-3
1.006250000E-2,-9.690818260E-4
1.008333333E-2,-7.131008897E-4
1.010416667E-2,-6.081920583E-4
1.012500000E-2,-5.852855975E-4
1.014583333E-2,-2.681433980E-4
1.016666667E-2,1.097216882E-4
1.018750000E-2,1.684930758E-4
1.020833333E-2,-4.019584594E-6
1.022916667E-2,-1.200851839E-4
1.025000000E-2,-3.455700062E-5
1.027083333E-2,4.276428081E-5
1.029166667E-2,-2.061973792E-4
1.031250000E-2,-5.330275744E-4
1.033333333E-2,-6.673804019E-4
1.035416667E-2,-9.476061678E-4
1.037500000E-2,-1.423022477E-3
1.039583333E-2,-1.601251890E-3
1.041666667E-2,-1.418772852E-3
1.043750000E-2,-1.567891566E-3
1.045833333E-2,-2.420455916E-3
1.047916667E-2,-3.410441568E-3
1.050000000E-2,-3.749673488E-3
1.052083333E-2,-3.363158321E-3
1.054166667E-2,-2.786835888E-3
1.056250000E-2,-2.436113777E-3
1.058333333E-2,-2.563451882E-3
1.060416667E-2,-2.924531698E-3
1.062500000E-2,-3.113599028E-3
1.064583333E-2,-2.986140316E-3
1.066666667E-2,-2.309950534E-3
1.068750000E-2,-1.299340976E-3
1.070833333E-2,-5.077202804E-4
1.072916667E-2,-3.592108260E-4
1.075000000E-2,-7.294455427E-4
1.077083333E-2,-9.843584849E-4
1.079166667E-2,-9.317543590E-4
1.081250000E-2,-6.591104902E-4
1.083333333E-2,-6.336452207E-4
1.085416667E-2,-1.436871942E-3
1.087500000E-2,-2.669090871E-3
1.089583333E-2,-3.190818941E-3
1.091666667E-2,-2.490113256E-3
1.093750000E-2,-1.666802214E-3
1.095833333E-2,-1.680116402E-3
1.097916667E-2,-1.921118703E-3
1.100000000E-2,-1.763457200E-3
1.102083333E-2,-1.326823374E-3
1.104166667E-2,-6.910695229E-4
1.106250000E-2,1.127501455E-4
1.108333333E-2,6.975978613E-4
1.110416667E-2,6.297059590E-4
1.112500000E-2,-2.630107629E-4
1.114583333E-2,-1.666099182E-3
1.116666667E-2,-2.483702498E-3
1.118750000E-2,-1.956090098E-3
1.120833333E-2,-6.379630067E-4
1.122916667E-2,4.743645259E-4
1.125000000E-2,7.979106740E-4
1.127083333E-2,4.869656404E-4
1.129166667E-2,4.688177069E-5
1.131250000E-2,-4.980731755E-4
1.133333333E-2,-1.162640634E-3
1.135416667E-2,-1.775503857E-3
1.137500000E-2,-2.317911014E-3
1.139583333E-2,-2.490134910E-3
1.141666667E-2,-2.054477576E-3
1.143750000E-2,-1.751865726E-3
1.145833333E-2,-2.448576037E-3
1.147916667E-2,-3.543028142E-3
1.150000000E-2,-3.766482696E-3
1.152083333E-2,-3.023271449E-3
1.154166667E-2,-2.346334746E-3
1.156250000E-2,-2.480851486E-3
1.158333333E-2,-3.115914762E-3
1.160416667E-2,-3.393044928E-3
1.162500000E-2,-3.053322900E-3
1.164583333E-2,-2.179087140E-3
1.166666667E-2,-8.748910041E-4
1.168750000E-2,2.104681189E-4
1.170833333E-2,4.840929760E-4
1.172916667E-2,-4.382260886E-5
1.175000000E-2,-5.138306296E-4
1.177083333E-2,-2.366956614E-4
1.179166667E-2,3.516025026E-4
1.181250000E-2,5.784835084E-4
1.183333333E-2,2.867573348E-4
1.185416667E-2,1.178038838E-5
1.187500000E-2,9.413307271E-5
1.189583333E-2,1.841013582E-4
1.191666667E-2,-6.910531374E-5
1.193750000E-2,-5.933948560E-4
1.195833333E-2,-1.210373710E-3
1.197916667E-2,-1.799389720E-3
1.200000000E-2,-1.777097816E-3
1.202083333E-2,-9.149441612E-4
1.204166667E-2,4.662872525E-4
1.206250000E-2,1.780022285E-3
1.208333333E-2,2.102409722E-3
1.210416667E-2,1.609823550E-3
1.212500000E-2,1.158788917E-3
1.214583333E-2,8.701412589E-4
1.216666667E-2,6.434065290E-4
1.218750000E-2,8.220724412E-4
1.220833333E-2,1.552297501E-3
1.222916667E-2,2.137375763E-3
1.225000000E-2,2.207103651E-3
1.227083333E-2,2.130222041E-3
1.229166667E-2,2.445555059E-3
1.231250000E-2,3.624396864E-3
1.233333333E-2,5.119839683E-3
1.235416667E-2,6.042593159E-3
1.237500000E-2,6.478523370E-3
1.239583333E-2,6.636712700E-3
1.241666667E-2,6.147955544E-3
1.243750000E-2,5.109501071E-3
1.245833333E-2,4.299837165E-3
1.247916667E-2,4.055136815E-3
1.250000000E-2,4.224264063E-3
1.252083333E-2,4.431339446E-3
1.254166667E-2,4.398694728E-3
1.256250000E-2,4.185494501E-3
1.258333333E-2,3.348631319E-3
1.260416667E-2,1.979976427E-3
1.262500000E-2,1.090459409E-3
1.264583333E-2,7.749565411E-4
1.266666667E-2,9.027805063E-4
1.268750000E-2,1.454517944E-3
1.270833333E-2,2.015903359E-3
1.272916667E-2,2.444454236E-3
1.275000000E-2,2.463172888E-3
1.277083333E-2,2.185735619E-3
1.279166667E-2,2.582233632E-3
1.281250000E-2,3.438915592E-3
1.283333333E-2,3.520937404E-3
1.285416667E-2,2.661981154E-3
1.287500000E-2,1.727331546E-3
1.289583333E-2,1.676373300E-3
1.291666667E-2,2.657757374E-3
1.293750000E-2,3.758220235E-3
1.295833333E-2,4.220784176E-3
1.297916667E-2,4.137246404E-3
1.300000000E-2,3.816043027E-3
1.302083333E-2,3.651634092E-3
1.304166667E-2,4.075002391E-3
1.306250000E-2,4.483116791E-3
1.308333333E-2,4.388710484E-3
1.310416667E-2,4.466402810E-3
1.312500000E-2,4.578648135E-3
1.314583333E-2,4.108605441E-3
1.316666667E-2,3.175861668E-3
1.318750000E-2,2.445662394E-3
1.320833333E-2,2.687460510E-3
1.322916667E-2,3.614387242E-3
1.325000000E-2,3.956436180E-3
1.327083333E-2,3.316429211E-3
1.329166667E-2,2.929665614E-3
1.331250000E-2,3.449583426E-3
1.333333333E-2,4.024099559E-3
1.335416667E-2,4.219060764E-3
1.337500000E-2,4.225083161E-3
1.339583333E-2,4.473815672E-3
1.341666667E-2,5.236256868E-3
1.343750000E-2,5.864502396E-3
1.345833333E-2,5.643424112E-3
1.347916667E-2,4.652529024E-3
1.350000000E-2,3.619537689E-3
1.352083333E-2,3.182288492E-3
1.354166667E-2,3.248610999E-3
1.356250000E-2,2.969937399E-3
1.358333333E-2,1.601683442E-3
1.360416667E-2,-2.623660257E-4
1.362500000E-2,-9.593455470E-4
1.364583333E-2,7.149192970E-5
1.366666667E-2,1.396474894E-3
1.368750000E-2,1.780528226E-3
1.370833333E-2,1.490669209E-3
1.372916667E-2,1.050416613E-3
1.375000000E-2,7.075116737E-4
1.377083333E-2,7.264210726E-4
1.379166667E-2,1.421505818E-3
1.381250000E-2,2.719584387E-3
1.383333333E-2,3.449173179E-3
1.385416667E-2,2.560253488E-3
1.387500000E-2,1.040174626E-3
1.389583333E-2,8.250247338E-4
1.391666667E-2,1.989403972E-3
1.393750000E-2,3.108192235E-3
1.395833333E-2,3.463799367E-3
1.397916667E-2,2.913407981E-3
1.400000000E-2,1.915722853E-3
1.402083333E-2,1.864928519E-3
1.404166667E-2,2.915643854E-3
1.406250000E-2,3.552608425E-3
1.408333333E-2,2.709287917E-3
1.410416667E-2,1.044914359E-3
1.412500000E-2,3.886292106E-4
1.414583333E-2,1.254272182E-3
1.416666667E-2,2.323569264E-3
1.418750000E-2,2.176402370E-3
1.420833333E-2,5.623275647E-4
1.422916667E-2,-1.065778313E-3
1.425000000E-2,-1.550468383E-3
1.427083333E-2,-1.440838096E-3
1.429166667E-2,-1.461692620E-3
1.431250000E-2,-1.656322042E-3
1.433333333E-2,-1.431873185E-3
1.435416667E-2,-4.186455626E-4
1.437500000E-2,8.271046099E-4
1.439583333E-2,1.615864341E-3
1.441666667E-2,1.578719355E-3
1.443750000E-2,8.992442163E-4
1.445833333E-2,5.965536693E-4
1.447916667E-2,1.418202883E-3
1.450000000E-2,2.927187830E-3
1.452083333E-2,3.987720236E-3
1.454166667E-2,3.830093890E-3
1.456250000E-2,3.000966972E-3
1.458333333E-2,2.856001258E-3
1.460416667E-2,3.568375949E-3
1.462500000E-2,3.776693251E-3
1.464583333E-2,2.922409680E-3
1.466666667E-2,1.743684988E-3
1.468750000E-2,1.098254928E-3
1.470833333E-2,1.706000650E-3
1.472916667E-2,3.056328278E-3
1.475000000E-2,3.861903446E-3
1.477083333E-2,3.542552469E-3
1.479166667E-2,2.009451156E-3
1.481250000E-2,1.956232591E-4
1.483333333E-2,-6.837853580E-4
1.485416667E-2,-9.452379309E-4
1.487500000E-2,-1.395189669E-3
1.489583333E-2,-2.166951774E-3
1.491666667E-2,-3.054873552E-3
1.493750000E-2,-3.338909475E-3
1.495833333E-2,-2.736556809E-3
1.497916667E-2,-2.070689108E-3
1.500000000E-2,-2.088524401E-3
1.502083333E-2,-2.763566794E-3
1.504166667E-2,-3.446809482E-3
1.506250000E-2,-3.848754568E-3
1.508333333E-2,-3.966130782E-3
1.510416667E-2,-3.295834642E-3
1.512500000E-2,-1.804415835E-3
1.514583333E-2,-6.051855744E-4
1.516666667E-2,-4.989999579E-4
1.518750000E-2,-1.133869751E-3
1.520833333E-2,-1.996737439E-3
1.522916667E-2,-2.578578191E-3
1.525000000E-2,-2.432089532E-3
1.527083333E-2,-1.850412926E-3
1.529166667E-2,-1.167931710E-3
1.531250000E-2,-9.181418573E-4
1.533333333E-2,-1.931773499E-3
1.535416667E-2,-3.457288258E-3
1.537500000E-2,-3.965057898E-3
1.539583333E-2,-3.136927262E-3
1.541666667E-2,-1.600869349E-3
1.543750000E-2,-2.876443032E-4
1.545833333E-2,2.253835701E-4
1.547916667E-2,-8.304341463E-7
1.550000000E-2,-3.381851711E-4
1.552083333E-2,-1.338766560E-5
1.554166667E-2,7.977128262E-4
1.556250000E-2,1.287167426E-3
1.558333333E-2,1.038344344E-3
1.560416667E-2,3.032340901E-4
1.562500000E-2,-6.742899859E-5
1.564583333E-2,1.047268888E-4
1.566666667E-2,1.427064126E-4
1.568750000E-2,5.255201177E-5
1.570833333E-2,1.617504604E-4
1.572916667E-2,3.217473277E-4
1.575000000E-2,2.391519811E-4
1.577083333E-2,-5.154657993E-5
1.579166667E-2,-3.878025454E-4
1.581250000E-2,-7.297072443E-4
1.583333333E-2,-7.482401561E-4
1.585416667E-2,-6.214795285E-4
1.587500000E-2,-7.994202897E-4
1.589583333E-2,-1.112300903E-3
1.591666667E-2,-1.377684996E-3
1.593750000E-2,-1.540366560E-3
1.595833333E-2,-1.856428455E-3
1.597916667E-2,-2.399918390E-3
1.600000000E-2,-3.049962223E-3
1.602083333E-2,-3.847059561E-3
1.604166667E-2,-4.139347468E-3
1.606250000E-2,-3.585050581E-3
1.608333333E-2,-2.740464872E-3
1.610416667E-2,-2.126534702E-3
1.612500000E-2,-1.945522614E-3
1.614583333E-2,-2.093237359E-3
1.616666667E-2,-2.361322986E-3
1.618750000E-2,-2.329592826E-3
1.620833333E-2,-1.946078031E-3
1.622916667E-2,-1.933834050E-3
1.625000000E-2,-2.434674650E-3
1.627083333E-2,-2.854569582E-3
1.629166667E-2,-3.014657414E-3
1.631250000E-2,-3.083237680E-3
1.633333333E-2,-3.135642270E-3
1.635416667E-2,-3.052856307E-3
1.637500000E-2,-2.770132618E-3
1.639583333E-2,-2.464564983E-3
1.641666667E-2,-2.332793083E-3
1.643750000E-2,-2.394770272E-3
1.645833333E-2,-2.542422386E-3
1.647916667E-2,-2.768276026E-3
1.650000000E-2,-2.802128205E-3
1.652083333E-2,-2.152441768E-3
1.654166667E-2,-1.187272486E-3
1.656250000E-2,-7.688492769E-4
1.658333333E-2,-1.152768731E-3
1.660416667E-2,-1.643994707E-3
1.662500000E-2,-1.358305104E-3
1.664583333E-2,-4.918525810E-4
1.666666667E-2,-6.770092295E-5
1.668750000E-2,-5.558171542E-4
1.670833333E-2,-1.025568810E-3
1.672916667E-2,-4.409959656E-4
1.675000000E-2,8.084513247E-4
1.677083333E-2,1.470939722E-3
1.679166667E-2,8.321475470E-4
1.681250000E-2,-3.484285844E-4
1.683333333E-2,-8.280728362E-4
1.685416667E-2,-2.492424392E-4
1.687500000E-2,9.233559249E-4
1.689583333E-2,1.630049548E-3
1.691666667E-2,1.086193370E-3
1.693750000E-2,-1.865705999E-4
1.695833333E-2,-9.209354175E-4
1.697916667E-2,-1.163236448E-3
1.700000000E-2,-1.535730902E-3
1.702083333E-2,-1.262569102E-3
1.704166667E-2,-2.205400087E-4
1.706250000E-2,7.399439928E-4
1.708333333E-2,1.223705127E-3
1.710416667E-2,7.071680157E-4
1.712500000E-2,-2.845277486E-4
1.714583333E-2,-5.521231797E-4
1.716666667E-2,-3.152173595E-4
1.718750000E-2,-2.207724465E-4
1.720833333E-2,-2.839402296E-4
1.722916667E-2,-4.256295797E-4
1.725000000E-2,-8.404944092E-4
1.727083333E-2,-1.299561467E-3
1.729166667E-2,-1.421478577E-3
1.731250000E-2,-1.651680563E-3
1.733333333E-2,-2.322621411E-3
1.735416667E-2,-3.160408232E-3
1.737500000E-2,-3.687470686E-3
1.739583333E-2,-3.292968264E-3
1.741666667E-2,-2.354354830E-3
1.743750000E-2,-1.897411072E-3
1.745833333E-2,-2.064217813E-3
1.747916667E-2,-2.350041410E-3
1.750000000E-2,-2.264163224E-3
1.752083333E-2,-1.793039846E-3
1.754166667E-2,-1.253636205E-3
1.756250000E-2,-9.813267970E-4
1.758333333E-2,-1.502830070E-3
1.760416667E-2,-2.622934058E-3
1.762500000E-2,-3.083683318E-3
1.764583333E-2,-2.356374869E-3
1.766666667E-2,-1.384657575E-3
1.768750000E-2,-1.136385370E-3
1.770833333E-2,-1.493328484E-3
1.772916667E-2,-1.906332211E-3
1.775000000E-2,-1.902064541E-3
1.777083333E-2,-1.335704466E-3
1.779166667E-2,-9.676087066E-4
1.781250000E-2,-1.236687182E-3
1.783333333E-2,-1.527248533E-3
1.785416667E-2,-1.664017909E-3
1.787500000E-2,-1.791928080E-3
1.789583333E-2,-1.614623470E-3
1.791666667E-2,-1.167642418E-3
1.793750000E-2,-1.093930216E-3
1.795833333E-2,-1.748966519E-3
1.797916667E-2,-2.401884412E-3
1.800000000E-2,-2.087129513E-3
1.802083333E-2,-9.955465794E-4
1.804166667E-2,-3.164274967E-4
1.806250000E-2,-6.873186212E-4
1.808333333E-2,-1.373560983E-3
1.810416667E-2,-1.346665900E-3
1.812500000E-2,-8.920066175E-4
1.814583333E-2,-1.302811666E-3
1.816666667E-2,-2.393595641E-3
1.818750000E-2,-2.608645940E-3
1.820833333E-2,-1.354701584E-3
1.822916667E-2,5.085464800E-4
1.825000000E-2,1.217867713E-3
1.827083333E-2,-2.947910980E-5
1.829166667E-2,-2.008615993E-3
1.831250000E-2,-2.808581106E-3
1.833333333E-2,-1.596940099E-3
1.835416667E-2,2.991896763E-4
1.837500000E-2,7.967813290E-4
1.839583333E-2,-4.204946163E-4
1.841666667E-2,-1.699890941E-3
1.843750000E-2,-1.752018579E-3
1.845833333E-2,-8.269282989E-4
1.847916667E-2,3.909682855E-4
1.850000000E-2,1.241850900E-3
1.852083333E-2,1.583478297E-3
1.854166667E-2,1.736504026E-3
1.856250000E-2,1.633462962E-3
1.858333333E-2,1.196402125E-3
1.860416667E-2,5.434828345E-4
1.862500000E-2,-2.848307777E-4
1.864583333E-2,-6.754078204E-4
1.866666667E-2,1.506698900E-4
1.868750000E-2,1.192642841E-3
1.870833333E-2,1.222223160E-3
1.872916667E-2,7.278359262E-4
1.875000000E-2,5.045353901E-4
1.877083333E-2,6.711997557E-4
1.879166667E-2,6.527915248E-4
1.881250000E-2,8.482416160E-5
1.883333333E-2,-6.094804266E-4
1.885416667E-2,-5.198788131E-4
1.887500000E-2,6.819187547E-4
1.889583333E-2,1.561702928E-3
1.891666667E-2,1.257263240E-3
1.893750000E-2,1.957943023E-4
1.895833333E-2,-1.391774276E-3
1.897916667E-2,-2.315789694E-3
1.900000000E-2,-1.584078069E-3
1.902083333E-2,-6.805152952E-5
1.904166667E-2,7.629212923E-4
1.906250000E-2,4.728201893E-4
1.908333333E-2,1.431635465E-4
1.910416667E-2,6.063992623E-4
1.912500000E-2,1.550501911E-3
1.914583333E-2,2.678783610E-3
1.916666667E-2,3.494831966E-3
1.918750000E-2,3.536172677E-3
1.920833333E-2,3.199206898E-3
1.922916667E-2,2.696589567E-3
1.925000000E-2,2.130580833E-3
1.927083333E-2,1.981937094E-3
1.929166667E-2,2.258784138E-3
1.931250000E-2,2.408260945E-3
1.933333333E-2,2.361231018E-3
1.935416667E-2,2.596460283E-3
1.937500000E-2,2.860875800E-3
1.939583333E-2,2.734724898E-3
1.941666667E-2,2.347952221E-3
1.943750000E-2,1.655058819E-3
1.945833333E-2,9.526464273E-4
1.947916667E-2,7.857157616E-4
1.950000000E-2,9.598259348E-4
1.952083333E-2,9.990078397E-4
1.954166667E-2,6.118136225E-4
1.956250000E-2,-2.018621890E-4
1.958333333E-2,-7.475424791E-4
1.960416667E-2,-7.524937391E-4
1.962500000E-2,-9.934975533E-4
1.964583333E-2,-1.554534421E-3
1.966666667E-2,-1.774313394E-3
1.968750000E-2,-1.523526502E-3
1.970833333E-2,-9.643511148E-4
1.972916667E-2,-2.761293435E-4
1.975000000E-2,3.360197297E-4
1.977083333E-2,1.066171099E-3
1.979166667E-2,2.166332677E-3
1.981250000E-2,3.267913824E-3
1.983333333E-2,3.813199466E-3
1.985416667E-2,3.672975814E-3
1.987500000E-2,2.951539354E-3
1.989583333E-2,1.850137487E-3
1.991666667E-2,1.232085750E-3
1.993750000E-2,1.865120023E-3
1.995833333E-2,2.891005017E-3
1.997916667E-2,3.200288163E-3
2.000000000E-2,3.056274727E-3
2.002083333E-2,2.792785177E-3
2.004166667E-2,2.139034914E-3
2.006250000E-2,1.337041380E-3
2.008333333E-2,7.554325275E-4
2.010416667E-2,3.269299341E-4
2.012500000E-2,1.986712596E-4
2.014583333E-2,4.489677376E-4
2.016666667E-2,7.566105924E-4
2.018750000E-2,6.522266776E-4
2.020833333E-2,-3.667459532E-5
2.022916667E-2,-7.320205332E-4
2.025000000E-2,-6.082463660E-4
2.027083333E-2,2.865077695E-4
2.029166667E-2,8.317705360E-4
2.031250000E-2,1.137395229E-4
2.033333333E-2,-1.148019219E-3
2.035416667E-2,-1.220022561E-3
2.037500000E-2,2.422210964E-4
2.039583333E-2,1.538185868E-3
2.041666667E-2,1.304646954E-3
2.043750000E-2,3.684594412E-4
2.045833333E-2,2.637776561E-5
2.047916667E-2,3.545131185E-4
2.050000000E-2,1.226064167E-3
2.052083333E-2,2.021849854E-3
2.054166667E-2,1.567626721E-3
2.056250000E-2,8.253057604E-5
2.058333333E-2,-1.133651240E-3
2.060416667E-2,-1.292357920E-3
2.062500000E-2,-6.869927165E-4
2.064583333E-2,-1.094617473E-4
2.066666667E-2,1.964455805E-5
2.068750000E-2,-1.602703414E-4
2.070833333E-2,-2.708602406E-4
2.072916667E-2,-2.955780110E-5
2.075000000E-2,5.800152430E-4
2.077083333E-2,1.147807110E-3
2.079166667E-2,1.560766366E-3
2.081250000E-2,2.014704980E-3
2.083333333E-2,2.295951126E-3
2.085416667E-2,2.492700703E-3
2.087500000E-2,2.629649360E-3
2.089583333E-2,2.637749771E-3
2.091666667E-2,2.882340923E-3
2.093750000E-2,3.035699949E-3
2.095833333E-2,2.899766900E-3
2.097916667E-2,2.666720888E-3
2.100000000E-2,2.269229852E-3
2.102083333E-2,2.058240818E-3
2.104166667E-2,2.161300275E-3
2.106250000E-2,2.118663164E-3
2.108333333E-2,1.535603194E-3
2.110416667E-2,6.638441700E-4
2.112500000E-2,2.419070806E-4
2.114583333E-2,4.269926285E-4
2.116666667E-2,7.796263671E-4
2.118750000E-2,9.756292566E-4
2.120833333E-2,1.110951998E-3
2.122916667E-2,1.292669564E-3
2.125000000E-2,1.398951630E-3
2.127083333E-2,1.561655547E-3
2.129166667E-2,1.833202667E-3
2.131250000E-2,2.052509226E-3
2.133333333E-2,2.454716479E-3
2.135416667E-2,3.198125400E-3
2.137500000E-2,3.928342368E-3
2.139583333E-2,4.502728116E-3
2.141666667E-2,5.242350977E-3
2.143750000E-2,5.981957074E-3
2.145833333E-2,6.058081053E-3
2.147916667E-2,5.587304011E-3
2.150000000E-2,5.094712134E-3
2.152083333E-2,4.718241282E-3
2.154166667E-2,4.594594706E-3
2.156250000E-2,4.809712060E-3
2.158333333E-2,5.165550858E-3
2.160416667E-2,5.304830614E-3
2.162500000E-2,4.781303927E-3
2.164583333E-2,3.367038677E-3
2.166666667E-2,1.562739955E-3
2.168750000E-2,4.035246675E-4
2.170833333E-2,3.682673560E-4
2.172916667E-2,9.172036080E-4
2.175000000E-2,1.223853673E-3
2.177083333E-2,8.723543142E-4
2.179166667E-2,7.120017108E-5
2.181250000E-2,-5.932382192E-4
2.183333333E-2,-7.854964351E-4
2.185416667E-2,-6.456547999E-4
2.187500000E-2,-6.693646428E-4
2.189583333E-2,-1.200509490E-3
2.191666667E-2,-1.973166829E-3
2.193750000E-2,-2.761009615E-3
2.195833333E-2,-3.124628449E-3
2.197916667E-2,-2.331693890E-3
2.200000000E-2,-7.081445656E-4
2.202083333E-2,6.711590104E-4
2.204166667E-2,1.185559086E-3
2.206250000E-2,8.557528490E-4
2.208333333E-2,3.438745625E-4
2.210416667E-2,3.689989680E-4
2.212500000E-2,7.167991716E-4
2.214583333E-2,6.382045685E-4
2.216666667E-2,1.127800642E-4
2.218750000E-2,-2.700212062E-4
2.220833333E-2,-2.887274604E-4
2.222916667E-2,-1.470228744E-4
2.225000000E-2,-9.280457016E-5
2.227083333E-2,-3.264720435E-4
2.229166667E-2,-7.984905969E-4
2.231250000E-2,-1.182048465E-3
2.233333333E-2,-1.580465469E-3
2.235416667E-2,-2.529609483E-3
2.237500000E-2,-3.775543533E-3
2.239583333E-2,-4.129172303E-3
2.241666667E-2,-3.112362232E-3
2.243750000E-2,-1.547675114E-3
2.245833333E-2,-6.550093531E-4
2.247916667E-2,-7.086237310E-4
2.250000000E-2,-6.389727350E-4
2.252083333E-2,-3.659382128E-5
2.254166667E-2,4.096082994E-4
2.256250000E-2,6.143748178E-4
2.258333333E-2,7.074183668E-4
2.260416667E-2,2.559982240E-4
2.262500000E-2,-8.162584854E-4
2.264583333E-2,-1.568550710E-3
2.266666667E-2,-1.038539223E-3
2.268750000E-2,5.871379472E-5
2.270833333E-2,9.057910938E-5
2.272916667E-2,-1.121558365E-3
2.275000000E-2,-2.307141665E-3
2.277083333E-2,-2.592160366E-3
2.279166667E-2,-2.399979858E-3
2.281250000E-2,-2.561488887E-3
2.283333333E-2,-3.315738868E-3
2.285416667E-2,-4.247384612E-3
2.287500000E-2,-4.590928089E-3
2.289583333E-2,-4.347727168E-3
2.291666667E-2,-4.156060982E-3
2.293750000E-2,-4.380750936E-3
2.295833333E-2,-5.158640444E-3
2.297916667E-2,-5.909236148E-3
2.300000000E-2,-5.842422135E-3
2.302083333E-2,-5.058980547E-3
2.304166667E-2,-4.266343080E-3
2.306250000E-2,-3.740876215E-3
2.308333333E-2,-3.135145409E-3
2.310416667E-2,-2.564203925E-3
2.312500000E-2,-2.618537517E-3
2.314583333E-2,-3.414750565E-3
2.316666667E-2,-4.233752843E-3
2.318750000E-2,-4.061203916E-3
2.320833333E-2,-3.043291392E-3
2.322916667E-2,-2.524162410E-3
2.325000000E-2,-3.229173832E-3
2.327083333E-2,-4.529101774E-3
2.329166667E-2,-5.350095220E-3
2.331250000E-2,-5.300526973E-3
2.333333333E-2,-5.076906178E-3
2.335416667E-2,-5.293976516E-3
2.337500000E-2,-5.594208837E-3
2.339583333E-2,-5.480539519E-3
2.341666667E-2,-5.079970229E-3
2.343750000E-2,-4.698422737E-3
2.345833333E-2,-4.402164370E-3
2.347916667E-2,-4.222929943E-3
2.350000000E-2,-3.840315854E-3
2.352083333E-2,-3.296821611E-3
2.354166667E-2,-3.119600005E-3
2.356250000E-2,-3.236191347E-3
2.358333333E-2,-3.644135082E-3
2.360416667E-2,-4.063576460E-3
2.362500000E-2,-3.766320180E-3
2.364583333E-2,-2.738127951E-3
2.366666667E-2,-1.567759784E-3
2.368750000E-2,-1.286434941E-3
2.370833333E-2,-1.855670125E-3
2.372916667E-2,-1.953248866E-3
2.375000000E-2,-1.163157052E-3
2.377083333E-2,-1.056700494E-4
2.379166667E-2,2.813618048E-4
2.381250000E-2,-3.415039100E-4
2.383333333E-2,-1.295147929E-3
2.385416667E-2,-1.742372522E-3
2.387500000E-2,-1.535163727E-3
2.389583333E-2,-1.436726889E-3
2.391666667E-2,-1.788314199E-3
2.393750000E-2,-1.959381392E-3
2.395833333E-2,-1.651974162E-3
2.397916667E-2,-1.118086511E-3
2.400000000E-2,-6.482925965E-4
2.402083333E-2,-5.595446564E-4
2.404166667E-2,-1.063392614E-3
2.406250000E-2,-1.992121805E-3
2.408333333E-2,-2.797947265E-3
2.410416667E-2,-3.084265161E-3
2.412500000E-2,-2.718159929E-3
2.414583333E-2,-1.794649987E-3
2.416666667E-2,-1.263872255E-3
2.418750000E-2,-1.534790732E-3
2.420833333E-2,-1.840329031E-3
2.422916667E-2,-1.987673342E-3
2.425000000E-2,-1.868493389E-3
2.427083333E-2,-1.282544574E-3
2.429166667E-2,-9.555285214E-4
2.431250000E-2,-1.245805179E-3
2.433333333E-2,-1.601184951E-3
2.435416667E-2,-1.956205582E-3
2.437500000E-2,-2.128695836E-3
2.439583333E-2,-1.634091255E-3
2.441666667E-2,-1.171755488E-3
2.443750000E-2,-1.587851206E-3
2.445833333E-2,-2.481853357E-3
2.447916667E-2,-2.942480147E-3
2.450000000E-2,-2.522396855E-3
2.452083333E-2,-1.505947905E-3
2.454166667E-2,-6.907604984E-4
2.456250000E-2,-8.206703933E-4
2.458333333E-2,-1.568902982E-3
2.460416667E-2,-2.136256546E-3
2.462500000E-2,-2.374887001E-3
2.464583333E-2,-2.519043395E-3
2.466666667E-2,-2.670742804E-3
2.468750000E-2,-2.385367174E-3
2.470833333E-2,-1.593984198E-3
2.472916667E-2,-9.938813746E-4
2.475000000E-2,-1.075639855E-3
2.477083333E-2,-1.729439828E-3
2.479166667E-2,-1.741083921E-3
2.481250000E-2,-4.124915577E-4
2.483333333E-2,1.131409896E-3
2.485416667E-2,1.603494748E-3
2.487500000E-2,3.938819282E-4
2.489583333E-2,-1.393608865E-3
2.491666667E-2,-1.903205877E-3
2.493750000E-2,-1.235910342E-3
2.495833333E-2,-5.130126956E-4
2.497916667E-2,-4.532277817E-4
2.500000000E-2,-1.218384947E-3
2.502083333E-2,-2.416086150E-3
2.504166667E-2,-3.733823076E-3
2.506250000E-2,-4.686481319E-3
2.508333333E-2,-4.746648017E-3
2.510416667E-2,-4.030872602E-3
2.512500000E-2,-3.243741579E-3
2.514583333E-2,-3.174990183E-3
2.516666667E-2,-3.515097545E-3
2.518750000E-2,-3.262737067E-3
2.520833333E-2,-2.120691119E-3
2.522916667E-2,-9.719157824E-4
2.525000000E-2,-1.039757626E-3
2.527083333E-2,-2.188397571E-3
2.529166667E-2,-3.324103775E-3
2.531250000E-2,-3.791945986E-3
2.533333333E-2,-3.745883005E-3
2.535416667E-2,-3.451223951E-3
2.537500000E-2,-2.678198507E-3
2.539583333E-2,-1.800814411E-3
2.541666667E-2,-1.661297167E-3
2.543750000E-2,-2.098493278E-3
2.545833333E-2,-2.429433633E-3
2.547916667E-2,-2.497279784E-3
2.550000000E-2,-2.470663749E-3
2.552083333E-2,-2.321793465E-3
2.554166667E-2,-1.947499230E-3
2.556250000E-2,-1.364794560E-3
2.558333333E-2,-8.612067904E-4
2.560416667E-2,-8.540564450E-4
2.562500000E-2,-1.311637345E-3
2.564583333E-2,-1.852470217E-3
2.566666667E-2,-1.826166525E-3
2.568750000E-2,-1.473075594E-3
2.570833333E-2,-1.858533709E-3
2.572916667E-2,-2.342714928E-3
2.575000000E-2,-2.035473241E-3
2.577083333E-2,-1.132107805E-3
2.579166667E-2,2.340717328E-4
2.581250000E-2,1.236070180E-3
2.583333333E-2,1.051707775E-3
2.585416667E-2,2.695968142E-4
2.587500000E-2,3.507889778E-5
2.589583333E-2,7.678419352E-4
2.591666667E-2,1.763093751E-3
2.593750000E-2,1.847774256E-3
2.595833333E-2,7.702778676E-4
2.597916667E-2,-1.508299611E-4
2.600000000E-2,1.579417149E-4
2.602083333E-2,8.888799930E-4
2.604166667E-2,8.925735601E-4
2.606250000E-2,3.784335422E-5
2.608333333E-2,-8.395728073E-4
2.610416667E-2,-5.205705529E-4
2.612500000E-2,7.413494750E-4
2.614583333E-2,1.734159421E-3
2.616666667E-2,2.198948525E-3
2.618750000E-2,1.968508353E-3
2.620833333E-2,1.231965260E-3
2.622916667E-2,1.026344835E-3
2.625000000E-2,1.425039372E-3
2.627083333E-2,1.832256909E-3
2.629166667E-2,1.886448590E-3
2.631250000E-2,1.267693820E-3
2.633333333E-2,4.746837076E-4
2.635416667E-2,3.094232234E-4
2.637500000E-2,6.388764014E-4
2.639583333E-2,7.602065452E-4
2.641666667E-2,3.850503999E-4
2.643750000E-2,2.265623771E-4
2.645833333E-2,8.710704278E-4
2.647916667E-2,1.886595623E-3
2.650000000E-2,2.730794018E-3
2.652083333E-2,3.209476825E-3
2.654166667E-2,3.429452423E-3
2.656250000E-2,3.500415711E-3
2.658333333E-2,3.439247143E-3
2.660416667E-2,3.511453280E-3
2.662500000E-2,3.749542404E-3
2.664583333E-2,3.846439300E-3
2.666666667E-2,3.468048526E-3
2.668750000E-2,2.867636504E-3
2.670833333E-2,3.138733329E-3
2.672916667E-2,4.203953315E-3
2.675000000E-2,4.824943841E-3
2.677083333E-2,4.502546042E-3
2.679166667E-2,3.590662032E-3
2.681250000E-2,3.139865352E-3
2.683333333E-2,3.626385471E-3
2.685416667E-2,4.260296002E-3
2.687500000E-2,4.547258839E-3
2.689583333E-2,4.651005846E-3
2.691666667E-2,4.519108217E-3
2.693750000E-2,3.893623594E-3
2.695833333E-2,2.959296340E-3
2.697916667E-2,2.248572651E-3
2.700000000E-2,2.076968085E-3
2.702083333E-2,2.367182402E-3
2.704166667E-2,2.428729786E-3
2.706250000E-2,1.321585267E-3
2.708333333E-2,-6.725578569E-4
2.710416667E-2,-1.993102254E-3
2.712500000E-2,-1.614860841E-3
2.714583333E-2,-3.471742821E-5
2.716666667E-2,1.464679488E-3
2.718750000E-2,2.100884216E-3
2.720833333E-2,2.291611396E-3
2.722916667E-2,2.882236848E-3
2.725000000E-2,3.732377430E-3
2.727083333E-2,3.864095081E-3
2.729166667E-2,2.891663229E-3
2.731250000E-2,1.745836576E-3
2.733333333E-2,1.510505565E-3
2.735416667E-2,2.229390200E-3
2.737500000E-2,3.295992734E-3
2.739583333E-2,4.022326320E-3
2.741666667E-2,3.851779737E-3
2.743750000E-2,3.051968059E-3
2.745833333E-2,2.608272713E-3
2.747916667E-2,2.765099751E-3
2.750000000E-2,3.222107189E-3
2.752083333E-2,3.891763277E-3
2.754166667E-2,4.090861417E-3
2.756250000E-2,3.505350091E-3
2.758333333E-2,2.944062231E-3
2.760416667E-2,3.144589486E-3
2.762500000E-2,4.270805046E-3
2.764583333E-2,5.145020783E-3
2.766666667E-2,4.745912272E-3
2.768750000E-2,3.977887332E-3
2.770833333E-2,3.650921164E-3
2.772916667E-2,3.756584600E-3
2.775000000E-2,4.080138635E-3
2.777083333E-2,4.037268925E-3
2.779166667E-2,3.543782281E-3
2.781250000E-2,3.336746246E-3
2.783333333E-2,3.867337015E-3
2.785416667E-2,4.901725333E-3
2.787500000E-2,5.907435436E-3
2.789583333E-2,6.555982865E-3
2.791666667E-2,7.084341720E-3
2.793750000E-2,7.436744869E-3
2.795833333E-2,7.308370434E-3
2.797916667E-2,6.600641645E-3
2.800000000E-2,5.294836126E-3
2.802083333E-2,4.129095469E-3
2.804166667E-2,3.443916328E-3
2.806250000E-2,2.771807369E-3
2.808333333E-2,2.033631550E-3
2.810416667E-2,1.378742163E-3
2.812500000E-2,1.445811940E-3
2.814583333E-2,2.487969818E-3
2.816666667E-2,3.812807612E-3
2.818750000E-2,5.012918264E-3
2.820833333E-2,5.608126521E-3
2.822916667E-2,5.191667937E-3
2.825000000E-2,4.328541458E-3
2.827083333E-2,3.830964444E-3
2.829166667E-2,3.934294917E-3
2.831250000E-2,4.135468975E-3
2.833333333E-2,3.896427806E-3
2.835416667E-2,3.463425441E-3
2.837500000E-2,3.071930259E-3
2.839583333E-2,2.687374596E-3
2.841666667E-2,2.156433649E-3
2.843750000E-2,1.176181715E-3
2.845833333E-2,7.313759415E-4
2.847916667E-2,1.949142315E-3
2.850000000E-2,3.710955149E-3
2.852083333E-2,4.411847331E-3
2.854166667E-2,3.742177039E-3
2.856250000E-2,2.004212234E-3
2.858333333E-2,1.247660693E-4
2.860416667E-2,-6.340545369E-4
2.862500000E-2,8.779112250E-6
2.864583333E-2,1.033116248E-3
2.866666667E-2,9.812645148E-4
2.868750000E-2,-4.067857226E-4
2.870833333E-2,-1.866616658E-3
2.872916667E-2,-2.433034359E-3
2.875000000E-2,-2.202756703E-3
2.877083333E-2,-1.913794316E-3
2.879166667E-2,-2.123347949E-3
2.881250000E-2,-2.379010897E-3
2.883333333E-2,-1.796552213E-3
2.885416667E-2,1.384060015E-4
2.887500000E-2,2.586937277E-3
2.889583333E-2,3.669746686E-3
2.891666667E-2,3.044486511E-3
2.893750000E-2,2.379441401E-3
2.895833333E-2,2.801188966E-3
2.897916667E-2,3.531567287E-3
2.900000000E-2,3.354686778E-3
2.902083333E-2,2.106440021E-3
2.904166667E-2,5.661826581E-4
2.906250000E-2,-6.641443179E-5
2.908333333E-2,3.383932344E-4
2.910416667E-2,7.137486828E-4
2.912500000E-2,8.075966034E-4
2.914583333E-2,9.690339793E-4
2.916666667E-2,1.225205604E-3
2.918750000E-2,1.500237966E-3
2.920833333E-2,1.720821136E-3
2.922916667E-2,1.826211228E-3
2.925000000E-2,1.535252435E-3
2.927083333E-2,6.003098097E-4
2.929166667E-2,-4.604506248E-4
2.931250000E-2,-9.288659785E-4
2.933333333E-2,-9.666693513E-4
2.935416667E-2,-1.100068213E-3
2.937500000E-2,-1.425765106E-3
2.939583333E-2,-1.512212562E-3
2.941666667E-2,-1.187037327E-3
2.943750000E-2,-9.889891371E-4
2.945833333E-2,-9.004360763E-4
2.947916667E-2,-7.284435560E-4
2.950000000E-2,-6.721856189E-4
2.952083333E-2,-5.232487456E-4
2.954166667E-2,-2.458156087E-4
2.956250000E-2,1.015377929E-4
2.958333333E-2,4.374895070E-4
2.960416667E-2,2.570431097E-4
2.962500000E-2,-1.474765450E-4
2.964583333E-2,-3.076271096E-4
2.966666667E-2,-7.021491765E-4
2.968750000E-2,-1.689886674E-3
2.970833333E-2,-3.013991518E-3
2.972916667E-2,-4.042167217E-3
2.975000000E-2,-4.742620047E-3
2.977083333E-2,-5.717263557E-3
2.979166667E-2,-6.600700319E-3
2.981250000E-2,-6.702363491E-3
2.983333333E-2,-6.564622279E-3
2.985416667E-2,-6.976028904E-3
2.987500000E-2,-7.533308584E-3
2.989583333E-2,-7.136671804E-3
2.991666667E-2,-5.321480799E-3
2.993750000E-2,-2.838053973E-3
2.995833333E-2,-1.167553943E-3
2.997916667E-2,-1.054094872E-3
3.000000000E-2,-2.046586480E-3
3.002083333E-2,-3.447210882E-3
3.004166667E-2,-4.602392670E-3
3.006250000E-2,-4.838851746E-3
3.008333333E-2,-3.673620988E-3
3.010416667E-2,-1.593085588E-3
3.012500000E-2,-7.350982924E-5
3.014583333E-2,-7.009092951E-5
3.016666667E-2,-1.422522590E-3
3.018750000E-2,-3.116576467E-3
3.020833333E-2,-3.970004618E-3
3.022916667E-2,-3.696759231E-3
3.025000000E-2,-2.855170984E-3
3.027083333E-2,-2.238560002E-3
3.029166667E-2,-2.340537030E-3
3.031250000E-2,-2.748054685E-3
3.033333333E-2,-2.558736363E-3
3.035416667E-2,-2.125652041E-3
3.037500000E-2,-2.542169532E-3
3.039583333E-2,-3.653229214E-3
3.041666667E-2,-4.903313238E-3
3.043750000E-2,-5.881972145E-3
3.045833333E-2,-6.015025079E-3
3.047916667E-2,-5.296270829E-3
3.050000000E-2,-4.146751016E-3
3.052083333E-2,-3.043134697E-3
3.054166667E-2,-2.401519800E-3
3.056250000E-2,-2.130431356E-3
3.058333333E-2,-1.573181013E-3
3.060416667E-2,-2.967066830E-4
3.062500000E-2,1.316413749E-3
3.064583333E-2,2.504538046E-3
3.066666667E-2,2.662224695E-3
3.068750000E-2,1.700887340E-3
3.070833333E-2,-2.994172974E-6
3.072916667E-2,-1.670320984E-3
3.075000000E-2,-2.452465240E-3
3.077083333E-2,-2.325941110E-3
3.079166667E-2,-1.881878707E-3
3.081250000E-2,-1.698704902E-3
3.083333333E-2,-1.665635966E-3
3.085416667E-2,-1.285795239E-3
3.087500000E-2,-1.176271238E-3
3.089583333E-2,-2.041286090E-3
3.091666667E-2,-3.356054192E-3
3.093750000E-2,-4.218098707E-3
3.095833333E-2,-4.174037371E-3
3.097916667E-2,-3.508572001E-3
3.100000000E-2,-3.075464396E-3
3.102083333E-2,-3.688117722E-3
3.104166667E-2,-4.996379837E-3
3.106250000E-2,-6.023664493E-3
3.108333333E-2,-6.344965659E-3
3.110416667E-2,-5.932065658E-3
3.112500000E-2,-5.455393344E-3
3.114583333E-2,-5.523717497E-3
3.116666667E-2,-5.869412329E-3
3.118750000E-2,-5.783523433E-3
3.120833333E-2,-4.632615019E-3
3.122916667E-2,-3.137596650E-3
3.125000000E-2,-2.608578652E-3
3.127083333E-2,-3.150687087E-3
3.129166667E-2,-4.258404486E-3
3.131250000E-2,-5.256977864E-3
3.133333333E-2,-5.425923970E-3
3.135416667E-2,-4.913997836E-3
3.137500000E-2,-4.577990621E-3
3.139583333E-2,-4.847778007E-3
3.141666667E-2,-5.564675666E-3
3.143750000E-2,-6.326079834E-3
3.145833333E-2,-6.847637706E-3
3.147916667E-2,-7.334365044E-3
3.150000000E-2,-7.891010493E-3
3.152083333E-2,-7.923264056E-3
3.154166667E-2,-6.670007482E-3
3.156250000E-2,-4.378799349E-3
3.158333333E-2,-2.460487653E-3
3.160416667E-2,-1.958998386E-3
3.162500000E-2,-2.540537622E-3
3.164583333E-2,-2.884664573E-3
3.166666667E-2,-2.371265786E-3
3.168750000E-2,-1.600546995E-3
3.170833333E-2,-1.034626272E-3
3.172916667E-2,-9.030469228E-4
3.175000000E-2,-1.094769686E-3
3.177083333E-2,-1.275944058E-3
3.179166667E-2,-1.285420149E-3
3.181250000E-2,-6.555973669E-4
3.183333333E-2,4.372249823E-4
3.185416667E-2,7.688667392E-4
3.187500000E-2,-2.205088240E-4
3.189583333E-2,-1.382657676E-3
3.191666667E-2,-9.788438911E-4
3.193750000E-2,8.466258296E-4
3.195833333E-2,2.175185829E-3
3.197916667E-2,1.796483761E-3
3.200000000E-2,1.864701917E-4
3.202083333E-2,-1.304971520E-3
3.204166667E-2,-1.970206155E-3
3.206250000E-2,-2.169137588E-3
3.208333333E-2,-2.377698896E-3
3.210416667E-2,-2.747979481E-3
3.212500000E-2,-3.231830429E-3
3.214583333E-2,-3.613639856E-3
3.216666667E-2,-3.676537890E-3
3.218750000E-2,-3.291700967E-3
3.220833333E-2,-2.607447095E-3
3.222916667E-2,-1.743625849E-3
3.225000000E-2,-6.698007928E-4
3.227083333E-2,1.374808198E-4
3.229166667E-2,2.412420727E-4
3.231250000E-2,-3.901759046E-4
3.233333333E-2,-1.061271760E-3
3.235416667E-2,-4.443881917E-4
3.237500000E-2,1.016390976E-3
3.239583333E-2,1.576192677E-3
3.241666667E-2,7.379623130E-4
3.243750000E-2,-7.535454351E-4
3.245833333E-2,-2.199039562E-3
3.247916667E-2,-3.343982622E-3
3.250000000E-2,-3.669900121E-3
3.252083333E-2,-3.081041854E-3
3.254166667E-2,-2.293407219E-3
3.256250000E-2,-1.834145514E-3
3.258333333E-2,-1.924926648E-3
3.260416667E-2,-2.102895174E-3
3.262500000E-2,-1.315093250E-3
3.264583333E-2,3.831130161E-4
3.266666667E-2,1.593516092E-3
3.268750000E-2,1.510619186E-3
3.270833333E-2,7.654897636E-4
3.272916667E-2,5.077335518E-4
3.275000000E-2,1.114685670E-3
3.277083333E-2,1.983519876E-3
3.279166667E-2,2.687435132E-3
3.281250000E-2,3.189490875E-3
3.283333333E-2,3.471445292E-3
3.285416667E-2,3.462686669E-3
3.287500000E-2,3.356314264E-3
3.289583333E-2,3.587847808E-3
3.291666667E-2,4.100429825E-3
3.293750000E-2,4.613752477E-3
3.295833333E-2,4.817887675E-3
3.297916667E-2,4.605832975E-3
3.300000000E-2,4.366206005E-3
3.302083333E-2,4.250037950E-3
3.304166667E-2,4.160886165E-3
3.306250000E-2,3.926511388E-3
3.308333333E-2,3.253032686E-3
3.310416667E-2,2.285378985E-3
3.312500000E-2,1.490924973E-3
3.314583333E-2,1.047502155E-3
3.316666667E-2,8.460177341E-4
3.318750000E-2,6.340264226E-4
3.320833333E-2,2.739499032E-4
3.322916667E-2,6.384907465E-7
3.325000000E-2,-6.353469507E-5
3.327083333E-2,-2.885042886E-5
3.329166667E-2,3.378957044E-4
3.331250000E-2,1.519093756E-3
3.333333333E-2,3.439870430E-3
3.335416667E-2,5.444696173E-3
3.337500000E-2,6.652018987E-3
3.339583333E-2,6.183813326E-3
3.341666667E-2,4.381605424E-3
3.343750000E-2,2.595313825E-3
3.345833333E-2,1.297777751E-3
3.347916667E-2,6.155394949E-4
3.350000000E-2,8.689704118E-4
3.352083333E-2,1.661740476E-3
3.354166667E-2,2.538012341E-3
3.356250000E-2,2.947289497E-3
3.358333333E-2,2.659104066E-3
3.360416667E-2,2.496260684E-3
3.362500000E-2,2.768927254E-3
3.364583333E-2,3.123128787E-3
3.366666667E-2,3.096536733E-3
3.368750000E-2,2.414399525E-3
3.370833333E-2,1.579767908E-3
3.372916667E-2,1.021914417E-3
3.375000000E-2,7.602653350E-4
3.377083333E-2,5.414580810E-4
3.379166667E-2,-1.772211253E-4
3.381250000E-2,-1.289258362E-3
3.383333333E-2,-1.907023834E-3
3.385416667E-2,-1.843485632E-3
3.387500000E-2,-1.872819266E-3
3.389583333E-2,-2.080120146E-3
3.391666667E-2,-1.909504528E-3
3.393750000E-2,-1.196688856E-3
3.395833333E-2,-1.026968021E-4
3.397916667E-2,7.620570250E-4
3.400000000E-2,8.343174122E-4
3.402083333E-2,2.348644775E-4
3.404166667E-2,-6.612084690E-4
3.406250000E-2,-1.057007234E-3
3.408333333E-2,-5.699047470E-4
3.410416667E-2,-6.632535951E-5
3.412500000E-2,-5.354503810E-5
3.414583333E-2,-4.119567457E-4
3.416666667E-2,-1.060266630E-3
3.418750000E-2,-1.722546876E-3
3.420833333E-2,-2.116737189E-3
3.422916667E-2,-2.051258693E-3
3.425000000E-2,-1.490592840E-3
3.427083333E-2,-7.343034376E-4
3.429166667E-2,-4.360216553E-4
3.431250000E-2,-5.198118160E-4
3.433333333E-2,-3.763627319E-5
3.435416667E-2,6.738021038E-4
3.437500000E-2,5.552636576E-4
3.439583333E-2,-3.224460525E-4
3.441666667E-2,-1.457480714E-3
3.443750000E-2,-2.354397904E-3
3.445833333E-2,-2.501673996E-3
3.447916667E-2,-1.859231619E-3
3.450000000E-2,-6.428763736E-4
3.452083333E-2,6.952731637E-4
3.454166667E-2,1.309971325E-3
3.456250000E-2,9.664043901E-4
3.458333333E-2,4.525266704E-4
3.460416667E-2,5.015232600E-4
3.462500000E-2,1.364574884E-3
3.464583333E-2,2.889119787E-3
3.466666667E-2,4.213172942E-3
3.468750000E-2,4.694126546E-3
3.470833333E-2,4.542315844E-3
3.472916667E-2,4.015145358E-3
3.475000000E-2,3.467684612E-3
3.477083333E-2,3.081449308E-3
3.479166667E-2,2.633842174E-3
3.481250000E-2,2.162195276E-3
3.483333333E-2,1.827710890E-3
3.485416667E-2,1.463015331E-3
3.487500000E-2,8.634485421E-4
3.489583333E-2,6.190866116E-4
3.491666667E-2,1.215681084E-3
3.493750000E-2,2.242630348E-3
3.495833333E-2,3.057799069E-3
3.497916667E-2,2.930548973E-3
3.500000000E-2,1.973704435E-3
3.502083333E-2,1.280394848E-3
3.504166667E-2,1.436205348E-3
3.506250000E-2,2.131309360E-3
3.508333333E-2,2.979969839E-3
3.510416667E-2,3.705894109E-3
3.512500000E-2,3.737041727E-3
3.514583333E-2,2.994065173E-3
3.516666667E-2,1.743169734E-3
3.518750000E-2,2.260796027E-4
3.520833333E-2,-1.004437101E-3
3.522916667E-2,-2.050559036E-3
3.525000000E-2,-2.678301884E-3
3.527083333E-2,-2.569319913E-3
3.529166667E-2,-2.339013619E-3
3.531250000E-2,-1.437061001E-3
3.533333333E-2,4.420778714E-4
3.535416667E-2,1.925949706E-3
3.537500000E-2,1.985009294E-3
3.539583333E-2,3.600589698E-4
3.541666667E-2,-2.011450240E-3
3.543750000E-2,-3.442338901E-3
3.545833333E-2,-3.618986113E-3
3.547916667E-2,-3.466156079E-3
3.550000000E-2,-3.686100710E-3
3.552083333E-2,-4.262068309E-3
3.554166667E-2,-4.463763908E-3
3.556250000E-2,-3.921134397E-3
3.558333333E-2,-3.396490356E-3
3.560416667E-2,-3.372229403E-3
3.562500000E-2,-3.507236019E-3
3.564583333E-2,-3.491368145E-3
3.566666667E-2,-3.213956952E-3
3.568750000E-2,-2.680073958E-3
3.570833333E-2,-1.857665600E-3
3.572916667E-2,-6.734549534E-4
3.575000000E-2,3.694791521E-4
3.577083333E-2,6.124250358E-4
3.579166667E-2,2.107322216E-4
3.581250000E-2,-4.954210017E-4
3.583333333E-2,-1.416542917E-3
3.585416667E-2,-2.195019508E-3
3.587500000E-2,-2.464376390E-3
3.589583333E-2,-2.269346733E-3
3.591666667E-2,-1.834079158E-3
3.593750000E-2,-1.417411026E-3
3.595833333E-2,-1.010988839E-3
3.597916667E-2,-4.655335797E-4
3.600000000E-2,7.829818060E-5
3.602083333E-2,3.900355077E-4
3.604166667E-2,2.676079166E-4
3.606250000E-2,1.134162158E-4
3.608333333E-2,3.520949103E-4
3.610416667E-2,4.364072229E-4
3.612500000E-2,1.386672957E-4
3.614583333E-2,-5.908276071E-4
3.616666667E-2,-1.854807721E-3
3.618750000E-2,-3.093195148E-3
3.620833333E-2,-3.886341816E-3
3.622916667E-2,-3.713122569E-3
3.625000000E-2,-2.408235101E-3
3.627083333E-2,-1.053198241E-3
3.629166667E-2,-2.275931765E-4
3.631250000E-2,1.523478422E-4
3.633333333E-2,-3.244122199E-4
3.635416667E-2,-1.458794577E-3
3.637500000E-2,-2.665768377E-3
3.639583333E-2,-3.745576134E-3
3.641666667E-2,-4.066925030E-3
3.643750000E-2,-3.499420360E-3
3.645833333E-2,-2.946974244E-3
3.647916667E-2,-3.110810416E-3
3.650000000E-2,-4.280398134E-3
3.652083333E-2,-6.145407446E-3
3.654166667E-2,-7.751432247E-3
3.656250000E-2,-8.441916667E-3
3.658333333E-2,-8.305530064E-3
3.660416667E-2,-7.755347528E-3
3.662500000E-2,-7.387649734E-3
3.664583333E-2,-7.561929990E-3
3.666666667E-2,-7.553315256E-3
3.668750000E-2,-6.670598872E-3
3.670833333E-2,-5.504549481E-3
3.672916667E-2,-4.893346224E-3
3.675000000E-2,-5.005009007E-3
3.677083333E-2,-5.492432974E-3
3.679166667E-2,-5.934857298E-3
3.681250000E-2,-6.260449998E-3
3.683333333E-2,-6.572403479E-3
3.685416667E-2,-6.448198110E-3
3.687500000E-2,-5.652031861E-3
3.689583333E-2,-5.099311471E-3
3.691666667E-2,-5.195912905E-3
3.693750000E-2,-4.882060923E-3
3.695833333E-2,-3.263330786E-3
3.697916667E-2,-1.170281204E-3
3.700000000E-2,-7.147633005E-5
3.702083333E-2,-2.873579069E-5
3.704166667E-2,-3.215163015E-4
3.706250000E-2,-4.791447136E-4
3.708333333E-2,-4.586698487E-4
3.710416667E-2,-5.461577675E-4
3.712500000E-2,-1.103394083E-3
3.714583333E-2,-2.426708350E-3
3.716666667E-2,-3.811085830E-3
3.718750000E-2,-4.393696319E-3
3.720833333E-2,-4.279576708E-3
3.722916667E-2,-3.819295671E-3
3.725000000E-2,-3.421397181E-3
3.727083333E-2,-3.242224688E-3
3.729166667E-2,-3.162415931E-3
3.731250000E-2,-2.868598560E-3
3.733333333E-2,-2.322108485E-3
3.735416667E-2,-2.032665070E-3
3.737500000E-2,-1.734075020E-3
3.739583333E-2,-1.328122336E-3
3.741666667E-2,-1.807176159E-3
3.743750000E-2,-2.844118746E-3
3.745833333E-2,-2.961087739E-3
3.747916667E-2,-1.970836427E-3
3.750000000E-2,-1.094941981E-3
3.752083333E-2,-1.427022042E-3
3.754166667E-2,-2.522392198E-3
3.756250000E-2,-2.948614070E-3
3.758333333E-2,-2.351292642E-3
3.760416667E-2,-1.954969252E-3
3.762500000E-2,-2.381666331E-3
3.764583333E-2,-2.903172048E-3
3.766666667E-2,-3.153659403E-3
3.768750000E-2,-3.268526401E-3
3.770833333E-2,-3.108884906E-3
3.772916667E-2,-2.599861007E-3
3.775000000E-2,-2.344548702E-3
3.777083333E-2,-2.850808436E-3
3.779166667E-2,-3.611233551E-3
3.781250000E-2,-4.107521381E-3
3.783333333E-2,-4.328639712E-3
3.785416667E-2,-4.363228101E-3
3.787500000E-2,-4.427444190E-3
3.789583333E-2,-4.892605357E-3
3.791666667E-2,-5.647416692E-3
3.793750000E-2,-6.178774871E-3
3.795833333E-2,-6.504354067E-3
3.797916667E-2,-6.341312081E-3
3.800000000E-2,-5.261694081E-3
3.802083333E-2,-3.764116671E-3
3.804166667E-2,-2.173307817E-3
3.806250000E-2,-6.686790148E-4
3.808333333E-2,4.241366696E-5
3.810416667E-2,-5.029284512E-4
3.812500000E-2,-2.102786675E-3
3.814583333E-2,-3.552318085E-3
3.816666667E-2,-4.102230072E-3
3.818750000E-2,-4.615759477E-3
3.820833333E-2,-5.063567311E-3
3.822916667E-2,-4.790368956E-3
3.825000000E-2,-4.051267169E-3
3.827083333E-2,-2.729226835E-3
3.829166667E-2,-1.511956099E-3
3.831250000E-2,-1.600373071E-3
3.833333333E-2,-2.652313327E-3
3.835416667E-2,-3.973962273E-3
3.837500000E-2,-4.823518917E-3
3.839583333E-2,-4.539044574E-3
3.841666667E-2,-3.469744930E-3
3.843750000E-2,-2.223680494E-3
3.845833333E-2,-1.213683980E-3
3.847916667E-2,-8.326299721E-4
3.850000000E-2,-9.435512475E-4
3.852083333E-2,-1.054395805E-3
3.854166667E-2,-1.168589108E-3
3.856250000E-2,-1.312750159E-3
3.858333333E-2,-1.110701589E-3
3.860416667E-2,-6.358914543E-4
3.862500000E-2,-2.448786108E-4
3.864583333E-2,1.441846834E-4
3.866666667E-2,8.167249034E-4
3.868750000E-2,1.635231543E-3
3.870833333E-2,2.216794062E-3
3.872916667E-2,2.595971106E-3
3.875000000E-2,2.731399611E-3
3.877083333E-2,2.603893168E-3
3.879166667E-2,2.839969704E-3
3.881250000E-2,3.212841460E-3
3.883333333E-2,2.707321430E-3
3.885416667E-2,1.154176774E-3
3.887500000E-2,-9.144515498E-4
3.889583333E-2,-2.485754201E-3
3.891666667E-2,-3.157066880E-3
3.893750000E-2,-3.399502952E-3
3.895833333E-2,-3.531646682E-3
3.897916667E-2,-3.428454045E-3
3.900000000E-2,-2.556551713E-3
3.902083333E-2,-1.103567309E-3
3.904166667E-2,-3.503437620E-5
3.906250000E-2,8.479394455E-5
3.908333333E-2,-1.772386750E-4
3.910416667E-2,-3.939922317E-5
3.912500000E-2,9.739185771E-5
3.914583333E-2,-1.162260742E-4
3.916666667E-2,-7.721346919E-4
3.918750000E-2,-1.530925394E-3
3.920833333E-2,-1.211368013E-3
3.922916667E-2,-1.907767728E-4
3.925000000E-2,5.099983537E-4
3.927083333E-2,9.012458031E-4
3.929166667E-2,7.694335654E-4
3.931250000E-2,2.996251569E-4
3.933333333E-2,-9.915864212E-5
3.935416667E-2,-3.663298558E-4
3.937500000E-2,1.610472100E-4
3.939583333E-2,1.289585489E-3
3.941666667E-2,2.008881187E-3
3.943750000E-2,2.281018533E-3
3.945833333E-2,1.877106028E-3
3.947916667E-2,6.997657474E-4
3.950000000E-2,-2.493535794E-5
3.952083333E-2,2.333299490E-4
3.954166667E-2,6.238688948E-4
3.956250000E-2,4.262092407E-4
3.958333333E-2,-1.934211468E-4
3.960416667E-2,1.095785956E-5
3.962500000E-2,1.532692462E-3
3.964583333E-2,3.282561433E-3
3.966666667E-2,4.640125670E-3
3.968750000E-2,5.568163004E-3
3.970833333E-2,6.232586224E-3
3.972916667E-2,7.044706494E-3
3.975000000E-2,7.678561844E-3
3.977083333E-2,7.767542265E-3
3.979166667E-2,7.483786438E-3
3.981250000E-2,6.723018363E-3
3.983333333E-2,6.026023999E-3
3.985416667E-2,6.108754780E-3
3.987500000E-2,6.300671957E-3
3.989583333E-2,6.152707618E-3
3.991666667E-2,5.875820760E-3
3.993750000E-2,5.645799916E-3
3.995833333E-2,5.785734393E-3
3.997916667E-2,5.796738435E-3
4.000000000E-2,4.977685865E-3
4.002083333E-2,4.027709365E-3
4.004166667E-2,4.186797887E-3
4.006250000E-2,5.314806011E-3
4.008333333E-2,6.094465032E-3
4.010416667E-2,6.057461258E-3
4.012500000E-2,5.616621580E-3
4.014583333E-2,5.133580416E-3
4.016666667E-2,5.017770920E-3
4.018750000E-2,5.511662923E-3
4.020833333E-2,6.257165689E-3
4.022916667E-2,6.539562717E-3
4.025000000E-2,6.340708118E-3
4.027083333E-2,6.301308982E-3
4.029166667E-2,6.610282231E-3
4.031250000E-2,6.762055214E-3
4.033333333E-2,6.446555257E-3
4.035416667E-2,6.099162623E-3
4.037500000E-2,6.053479854E-3
4.039583333E-2,6.188437808E-3
4.041666667E-2,6.250115577E-3
4.043750000E-2,6.236704532E-3
4.045833333E-2,6.257048342E-3
4.047916667E-2,5.820721388E-3
4.050000000E-2,4.536977503E-3
4.052083333E-2,2.693537623E-3
4.054166667E-2,1.322501339E-3
4.056250000E-2,1.275913324E-3
4.058333333E-2,1.524822786E-3
4.060416667E-2,1.001500175E-3
4.062500000E-2,2.052217460E-4
4.064583333E-2,-3.590352717E-4
4.066666667E-2,-7.174707716E-4
4.068750000E-2,-7.210377371E-4
4.070833333E-2,-6.145662337E-5
4.072916667E-2,8.017235086E-4
4.075000000E-2,1.204195432E-3
4.077083333E-2,1.333581749E-3
4.079166667E-2,1.631422085E-3
4.081250000E-2,2.348785056E-3
4.083333333E-2,2.986858366E-3
4.085416667E-2,2.872360405E-3
4.087500000E-2,2.519755391E-3
4.089583333E-2,2.374439035E-3
4.091666667E-2,1.947255107E-3
4.093750000E-2,1.463004155E-3
4.095833333E-2,1.899612951E-3
4.097916667E-2,3.088063560E-3
4.100000000E-2,4.068288952E-3
4.102083333E-2,4.273744300E-3
4.104166667E-2,3.736143932E-3
4.106250000E-2,3.233073978E-3
4.108333333E-2,3.242289880E-3
4.110416667E-2,3.333510598E-3
4.112500000E-2,2.953461139E-3
4.114583333E-2,2.393893665E-3
4.116666667E-2,2.311361255E-3
4.118750000E-2,2.529638587E-3
4.120833333E-2,2.927529393E-3
4.122916667E-2,3.341176547E-3
4.125000000E-2,3.206785768E-3
4.127083333E-2,2.723870333E-3
4.129166667E-2,2.290045377E-3
4.131250000E-2,1.771624316E-3
4.133333333E-2,1.132036559E-3
4.135416667E-2,1.109688543E-3
4.137500000E-2,2.403823193E-3
4.139583333E-2,4.410188645E-3
4.141666667E-2,5.908782128E-3
4.143750000E-2,6.389540620E-3
4.145833333E-2,6.134703290E-3
4.147916667E-2,5.785506219E-3
4.150000000E-2,5.690092687E-3
4.152083333E-2,5.618196446E-3
4.154166667E-2,5.411204416E-3
4.156250000E-2,4.770352039E-3
4.158333333E-2,3.513274947E-3
4.160416667E-2,2.203817246E-3
4.162500000E-2,1.067928970E-3
4.164583333E-2,1.576289651E-4
4.166666667E-2,6.981357728E-5
4.168750000E-2,1.006965293E-3
4.170833333E-2,2.367465757E-3
4.172916667E-2,3.268881934E-3
4.175000000E-2,2.902689623E-3
4.177083333E-2,1.571166096E-3
4.179166667E-2,9.727467550E-4
4.181250000E-2,1.567224739E-3
4.183333333E-2,1.911881496E-3
4.185416667E-2,1.357705332E-3
4.187500000E-2,5.511193303E-4
4.189583333E-2,1.483632368E-4
4.191666667E-2,6.337154773E-4
4.193750000E-2,1.693159807E-3
4.195833333E-2,2.336851088E-3
4.197916667E-2,2.199961804E-3
4.200000000E-2,1.331613399E-3
4.202083333E-2,4.539036890E-4
4.204166667E-2,6.571770646E-4
4.206250000E-2,1.614520210E-3
4.208333333E-2,2.233684063E-3
4.210416667E-2,2.390198177E-3
4.212500000E-2,2.374785021E-3
4.214583333E-2,2.094284631E-3
4.216666667E-2,1.503705396E-3
4.218750000E-2,5.059314426E-4
4.220833333E-2,-6.835546810E-4
4.222916667E-2,-1.483313157E-3
4.225000000E-2,-2.023141365E-3
4.227083333E-2,-2.809745027E-3
4.229166667E-2,-3.764362540E-3
4.231250000E-2,-4.083420616E-3
4.233333333E-2,-3.441277659E-3
4.235416667E-2,-2.484156284E-3
4.237500000E-2,-1.642908901E-3
4.239583333E-2,-9.477037238E-4
4.241666667E-2,-3.339199466E-4
4.243750000E-2,3.462990280E-4
4.245833333E-2,9.701263625E-4
4.247916667E-2,1.035448629E-3
4.250000000E-2,2.511563944E-4
4.252083333E-2,-6.613566657E-4
4.254166667E-2,-6.857954431E-4
4.256250000E-2,4.724643077E-6
4.258333333E-2,5.436657812E-4
4.260416667E-2,6.868749042E-4
4.262500000E-2,4.152502515E-4
4.264583333E-2,-1.037492766E-4
4.266666667E-2,""