"Frequency (Hz)","Absolute Amplitude (a.u.)"
2.343750000E1,7.912062607E-1
4.687500000E1,3.884268928E-1
7.031250000E1,4.850186238E-1
9.375000000E1,8.907388580E-1
1.171875000E2,5.605351885E-1
1.406250000E2,2.157377450E0
1.640625000E2,1.286376860E0
1.875000000E2,1.228083028E0
2.109375000E2,5.876763067E-1
2.343750000E2,2.210362620E-1
2.578125000E2,5.182613886E-1
2.812500000E2,9.133734002E-2
3.046875000E2,1.011539603E-1
3.281250000E2,2.098424577E-1
3.515625000E2,2.412535741E-1
3.750000000E2,4.748301582E-1
3.984375000E2,1.244658705E-1
4.218750000E2,2.378765004E-1
4.453125000E2,5.947893795E-1
4.687500000E2,1.724517464E-1
4.921875000E2,1.406382564E-1
5.156250000E2,1.864814075E-1
5.390625000E2,7.767859047E-2
5.625000000E2,1.127292703E-1
5.859375000E2,3.211145705E-1
6.093750000E2,1.452878423E-1
6.328125000E2,1.645878987E-1
6.562500000E2,2.344517744E-1
6.796875000E2,2.624815173E-1
7.031250000E2,2.639186462E-1
7.265625000E2,4.609172170E-1
7.500000000E2,7.130928456E-1
7.734375000E2,2.677491908E-1
7.968750000E2,1.059292436E-1
8.203125000E2,1.688315920E-1
8.437500000E2,2.462641787E-1
8.671875000E2,5.022366258E-1
8.906250000E2,5.451564898E-1
9.140625000E2,2.489264389E-1
9.375000000E2,1.626921832E-1
9.609375000E2,7.496537632E-2
9.843750000E2,3.340164103E-1
1.007812500E3,1.016274280E-1
1.031250000E3,9.863221016E-2
1.054687500E3,5.482294640E-2
1.078125000E3,6.138869076E-2
1.101562500E3,1.212390133E-1
1.125000000E3,1.866749821E-1
1.148437500E3,1.062193432E-1
1.171875000E3,3.581510660E-1
1.195312500E3,1.315849441E-1
1.218750000E3,1.028059210E-1
1.242187500E3,1.723949347E-1
1.265625000E3,2.070800092E-1
1.289062500E3,2.296206541E-1
1.312500000E3,5.709391255E-1
1.335937500E3,4.982107202E-1
1.359375000E3,1.524246995E-1
1.382812500E3,1.231342495E-1
1.406250000E3,1.056384272E-2
1.429687500E3,9.563140791E-2
1.453125000E3,6.415869921E-2
1.476562500E3,2.763322892E-1
1.500000000E3,2.532508591E-2
1.523437500E3,1.597230005E-2
1.546875000E3,7.665844323E-2
1.570312500E3,4.420791228E-2
1.593750000E3,3.385003724E-2
1.617187500E3,4.606724792E-2
1.640625000E3,6.811079254E-2
1.664062500E3,7.469539271E-2
1.687500000E3,7.545416057E-2
1.710937500E3,1.026669247E-1
1.734375000E3,4.307958938E-1
1.757812500E3,5.683905205E-1
1.781250000E3,3.330516314E-1
1.804687500E3,2.888997226E-1
1.828125000E3,2.312303302E-1
1.851562500E3,6.942381710E-1
1.875000000E3,1.337067308E-1
1.898437500E3,2.018435590E-2
1.921875000E3,8.095361599E-2
1.945312500E3,8.108260330E-2
1.968750000E3,6.803368824E-2
1.992187500E3,5.479842480E-2
2.015625000E3,6.703593077E-2
2.039062500E3,7.877741820E-2
2.062500000E3,2.492915519E-2
2.085937500E3,4.378036567E-2
2.109375000E3,2.544277362E-2
2.132812500E3,2.355579002E-2
2.156250000E3,8.503363483E-2
2.179687500E3,1.629952641E-1
2.203125000E3,1.048071063E-1
2.226562500E3,4.373203439E-2
2.250000000E3,9.375017051E-2
2.273437500E3,6.761391175E-2
2.296875000E3,3.882481317E-2
2.320312500E3,1.933012374E-2
2.343750000E3,4.083446376E-2
2.367187500E3,7.489703646E-2
2.390625000E3,4.118321595E-2
2.414062500E3,3.980872254E-2
2.437500000E3,1.634709501E-2
2.460937500E3,3.048710182E-2
2.484375000E3,1.651621994E-2
2.507812500E3,1.870322501E-2
2.531250000E3,5.236612525E-2
2.554687500E3,1.141529187E-1
2.578125000E3,6.287794468E-2
2.601562500E3,8.539866379E-2
2.625000000E3,5.550827249E-2
2.648437500E3,5.673344127E-2
2.671875000E3,1.977847983E-2
2.695312500E3,2.397740941E-2
2.718750000E3,2.163552916E-2
2.742187500E3,3.480444847E-2
2.765625000E3,4.633043921E-3
2.789062500E3,3.147612656E-2
2.812500000E3,5.629118940E-2
2.835937500E3,2.754389021E-2
2.859375000E3,5.094165111E-2
2.882812500E3,7.252240347E-2
2.906250000E3,2.490563990E-1
2.929687500E3,2.523028244E-1
2.953125000E3,6.625878562E-1
2.976562500E3,3.982162783E-1
3.000000000E3,8.623737956E-2
3.023437500E3,5.850123129E-3
3.046875000E3,5.920578258E-2
3.070312500E3,4.830733600E-2
3.093750000E3,1.081643629E-1
3.117187500E3,1.163643375E-2
3.140625000E3,3.713845629E-2
3.164062500E3,5.295059768E-2
3.187500000E3,3.830909232E-2
3.210937500E3,3.329136520E-2
3.234375000E3,2.180107530E-2
3.257812500E3,4.761143247E-2
3.281250000E3,4.014503234E-2
3.304687500E3,1.462824068E-1
3.328125000E3,1.291757143E-1
3.351562500E3,6.113701801E-2
3.375000000E3,1.319459570E-2
3.398437500E3,1.681549290E-2
3.421875000E3,3.626966171E-2
3.445312500E3,5.867624814E-2
3.468750000E3,3.082524359E-2
3.492187500E3,4.398819465E-2
3.515625000E3,7.729380370E-2
3.539062500E3,6.415738059E-2
3.562500000E3,3.792839726E-2
3.585937500E3,3.466353812E-2
3.609375000E3,2.724488616E-2
3.632812500E3,5.093480792E-2
3.656250000E3,4.987492641E-2
3.679687500E3,4.992072510E-2
3.703125000E3,7.571446528E-2
3.726562500E3,3.965567310E-2
3.750000000E3,6.246576122E-2
3.773437500E3,9.565043978E-2
3.796875000E3,4.796571196E-2
3.820312500E3,2.587056902E-2
3.843750000E3,5.868078543E-2
3.867187500E3,4.761066520E-2
3.890625000E3,4.964516771E-2
3.914062500E3,8.762790965E-3
3.937500000E3,4.613209455E-2
3.960937500E3,2.361660398E-2
3.984375000E3,1.669505180E-2
4.007812500E3,5.143710150E-2
4.031250000E3,1.238566256E-1
4.054687500E3,1.595341942E-1
4.078125000E3,2.195233464E-1
4.101562500E3,4.705397008E-2
4.125000000E3,3.184775474E-2
4.148437500E3,6.095570057E-2
4.171875000E3,3.388093205E-2
4.195312500E3,4.014715424E-2
4.218750000E3,7.204533992E-2
4.242187500E3,6.424624282E-2
4.265625000E3,2.619267338E-2
4.289062500E3,2.164597582E-2
4.312500000E3,1.669083981E-2
4.335937500E3,5.467670694E-2
4.359375000E3,4.333572827E-2
4.382812500E3,7.913525617E-2
4.406250000E3,1.063606389E-1
4.429687500E3,2.358265515E-1
4.453125000E3,4.013441759E-2
4.476562500E3,5.932345923E-2
4.500000000E3,9.002199200E-2
4.523437500E3,9.917192304E-2
4.546875000E3,5.236021648E-2
4.570312500E3,1.097876515E-1
4.593750000E3,4.437780075E-2
4.617187500E3,5.044642269E-3
4.640625000E3,7.087797639E-2
4.664062500E3,1.654765339E-2
4.687500000E3,3.251608812E-2
4.710937500E3,2.527318733E-2
4.734375000E3,3.026286952E-2
4.757812500E3,5.928298708E-2
4.781250000E3,5.859571717E-2
4.804687500E3,8.199660050E-2
4.828125000E3,1.771114333E-1
4.851562500E3,5.971769638E-2
4.875000000E3,7.435439333E-3
4.898437500E3,3.428603193E-2
4.921875000E3,5.673522506E-2
4.945312500E3,2.634684249E-2
4.968750000E3,2.107347340E-2
4.992187500E3,4.336381201E-2
5.015625000E3,5.343547344E-2
5.039062500E3,1.068892850E-1
5.062500000E3,1.263919765E-1
5.085937500E3,7.780808006E-2
5.109375000E3,1.470930703E-1
5.132812500E3,1.283960215E-1
5.156250000E3,1.505094604E-1
5.179687500E3,7.017829316E-2
5.203125000E3,8.516495557E-2
5.226562500E3,5.710145420E-2
5.250000000E3,1.387789692E-2
5.273437500E3,5.429441515E-2
5.296875000E3,4.379944556E-2
5.320312500E3,3.181153289E-2
5.343750000E3,1.996095075E-2
5.367187500E3,1.529776411E-2
5.390625000E3,1.958041294E-2
5.414062500E3,6.963939917E-2
5.437500000E3,5.672265215E-2
5.460937500E3,3.208554396E-2
5.484375000E3,4.668545773E-2
5.507812500E3,1.202786370E-1
5.531250000E3,2.653237927E-1
5.554687500E3,7.825090447E-2
5.578125000E3,6.284219252E-2
5.601562500E3,5.195095101E-2
5.625000000E3,5.070376239E-2
5.648437500E3,3.260161167E-2
5.671875000E3,4.525151933E-2
5.695312500E3,1.036734023E-1
5.718750000E3,1.879864781E-2
5.742187500E3,1.654751663E-2
5.765625000E3,1.887697537E-2
5.789062500E3,1.964670821E-2
5.812500000E3,2.747861113E-2
5.835937500E3,2.908569630E-2
5.859375000E3,5.804300335E-2
5.882812500E3,1.303356963E-2
5.906250000E3,2.950036623E-2
5.929687500E3,3.215668256E-2
5.953125000E3,4.807341275E-2
5.976562500E3,3.238795535E-2
6.000000000E3,4.113415113E-2
6.023437500E3,1.459186051E-1
6.046875000E3,2.487966952E-2
6.070312500E3,2.440499365E-2
6.093750000E3,2.073856522E-2
6.117187500E3,5.459005075E-2
6.140625000E3,1.403018662E-1
6.164062500E3,1.405837164E-2
6.187500000E3,1.316897765E-1
6.210937500E3,1.151761648E-1
6.234375000E3,4.099922286E-2
6.257812500E3,3.094472220E-2
6.281250000E3,9.677300131E-3
6.304687500E3,1.924360275E-2
6.328125000E3,3.643387143E-2
6.351562500E3,2.546293100E-2
6.375000000E3,3.285691860E-2
6.398437500E3,3.320273368E-2
6.421875000E3,6.139778135E-2
6.445312500E3,3.837353131E-2
6.468750000E3,3.977381998E-2
6.492187500E3,1.154498950E-3
6.515625000E3,1.464686780E-2
6.539062500E3,1.242764716E-2
6.562500000E3,1.279101895E-2
6.585937500E3,1.618160490E-2
6.609375000E3,4.065036937E-2
6.632812500E3,1.167782245E-2
6.656250000E3,4.598322275E-2
6.679687500E3,1.942293546E-2
6.703125000E3,4.508503123E-2
6.726562500E3,4.286135540E-2
6.750000000E3,9.841570826E-3
6.773437500E3,4.000736819E-2
6.796875000E3,7.490523736E-2
6.820312500E3,1.149123716E-1
6.843750000E3,4.621323394E-2
6.867187500E3,1.438926449E-2
6.890625000E3,8.133616247E-2
6.914062500E3,5.239742136E-2
6.937500000E3,4.262025534E-2
6.960937500E3,6.577508404E-2
6.984375000E3,1.021115860E-1
7.007812500E3,8.151538158E-2
7.031250000E3,2.753679469E-2
7.054687500E3,9.362374333E-2
7.078125000E3,3.389639612E-2
7.101562500E3,1.125617708E-1
7.125000000E3,1.025503083E-1
7.148437500E3,8.000973175E-2
7.171875000E3,2.217306013E-2
7.195312500E3,2.801115300E-2
7.218750000E3,5.504887059E-2
7.242187500E3,3.027378449E-2
7.265625000E3,3.336508612E-2
7.289062500E3,1.301738688E-2
7.312500000E3,3.698298869E-2
7.335937500E3,5.871135449E-2
7.359375000E3,5.874694149E-3
7.382812500E3,1.650890159E-2
7.406250000E3,1.045838523E-1
7.429687500E3,2.508129986E-1
7.453125000E3,8.196801969E-3
7.476562500E3,8.775102502E-2
7.500000000E3,5.299570653E-2
7.523437500E3,3.006697302E-2
7.546875000E3,6.278599102E-2
7.570312500E3,4.949313263E-2
7.593750000E3,2.305213154E-2
7.617187500E3,1.675989148E-2
7.640625000E3,1.669814294E-2
7.664062500E3,1.026030840E-2
7.687500000E3,1.669614138E-2
7.710937500E3,2.977542298E-2
7.734375000E3,4.723314107E-2
7.757812500E3,9.693401126E-3
7.781250000E3,1.914631541E-2
7.804687500E3,1.948070539E-2
7.828125000E3,8.316273493E-2
7.851562500E3,1.443429421E-2
7.875000000E3,5.703749602E-3
7.898437500E3,6.284562695E-2
7.921875000E3,2.951753576E-2
7.945312500E3,1.247935653E-2
7.968750000E3,7.527184921E-3
7.992187500E3,1.930920677E-2
8.015625000E3,1.298813190E-1
8.039062500E3,7.953650173E-2
8.062500000E3,4.481783661E-2
8.085937500E3,4.745861994E-2
8.109375000E3,5.287799468E-2
8.132812500E3,5.355885538E-2
8.156250000E3,4.722242430E-2
8.179687500E3,3.199109738E-2
8.203125000E3,6.972320981E-2
8.226562500E3,2.513467569E-2
8.250000000E3,1.382678754E-2
8.273437500E3,1.542618894E-2
8.296875000E3,2.815548674E-2
8.320312500E3,1.230314427E-1
8.343750000E3,3.402115328E-2
8.367187500E3,4.718255272E-2
8.390625000E3,1.876131913E-2
8.414062500E3,6.774641805E-2
8.437500000E3,5.190554612E-2
8.460937500E3,4.559761581E-2
8.484375000E3,1.125859743E-1
8.507812500E3,2.958097369E-2
8.531250000E3,2.478562727E-2
8.554687500E3,3.375249419E-2
8.578125000E3,1.798427796E-2
8.601562500E3,7.527264190E-2
8.625000000E3,5.561805884E-2
8.648437500E3,1.783006411E-2
8.671875000E3,1.629602640E-2
8.695312500E3,3.477259508E-2
8.718750000E3,4.663610457E-2
8.742187500E3,4.472057102E-2
8.765625000E3,9.035649641E-2
8.789062500E3,5.455173292E-2
8.812500000E3,4.314715624E-2
8.835937500E3,1.782961454E-1
8.859375000E3,6.092193318E-2
8.882812500E3,6.911145716E-2
8.906250000E3,4.737703714E-2
8.929687500E3,7.595185023E-2
8.953125000E3,1.148188521E-2
8.976562500E3,2.121038082E-2
9.000000000E3,1.205307172E-2
9.023437500E3,1.952363620E-2
9.046875000E3,1.042904816E-2
9.070312500E3,1.797209567E-2
9.093750000E3,3.304033620E-2
9.117187500E3,3.707699006E-2
9.140625000E3,2.110847918E-2
9.164062500E3,2.981116994E-2
9.187500000E3,4.733460330E-2
9.210937500E3,9.281175056E-3
9.234375000E3,8.358262256E-2
9.257812500E3,2.119745495E-2
9.281250000E3,4.299542770E-2
9.304687500E3,5.761517534E-2
9.328125000E3,4.212233441E-2
9.351562500E3,4.066849377E-2
9.375000000E3,3.300561548E-2
9.398437500E3,5.898090651E-2
9.421875000E3,3.808078934E-2
9.445312500E3,1.190294598E-2
9.468750000E3,3.395018860E-2
9.492187500E3,4.235970006E-2
9.515625000E3,2.364606548E-2
9.539062500E3,4.365466758E-2
9.562500000E3,3.901947647E-2
9.585937500E3,3.493735566E-2
9.609375000E3,3.550969837E-2
9.632812500E3,1.567600433E-2
9.656250000E3,4.669169223E-2
9.679687500E3,2.502016165E-2
9.703125000E3,5.316314436E-3
9.726562500E3,3.283288952E-2
9.750000000E3,1.916256085E-2
9.773437500E3,3.128392737E-2
9.796875000E3,6.223858824E-3
9.820312500E3,1.246117212E-2
9.843750000E3,2.965064179E-2
9.867187500E3,2.192054175E-2
9.890625000E3,8.527466776E-3
9.914062500E3,3.618480437E-2
9.937500000E3,9.204532222E-2
9.960937500E3,2.491746433E-2
9.984375000E3,4.188862018E-2
1.000781250E4,2.234356531E-2
1.003125000E4,1.438888920E-2
1.005468750E4,2.717358276E-2
1.007812500E4,4.030225628E-3
1.010156250E4,1.085507432E-2
1.012500000E4,1.240584792E-2
1.014843750E4,3.653590000E-3
1.017187500E4,1.917903386E-2
1.019531250E4,5.081854546E-3
1.021875000E4,5.402054602E-3
1.024218750E4,2.454631679E-2
1.026562500E4,1.505496665E-2
1.028906250E4,3.614059364E-2
1.031250000E4,1.336833349E-2
1.033593750E4,4.556957037E-2
1.035937500E4,2.858603477E-2
1.038281250E4,2.497491071E-2
1.040625000E4,1.415519760E-2
1.042968750E4,2.861069950E-2
1.045312500E4,7.439961372E-3
1.047656250E4,1.092498568E-2
1.050000000E4,6.262860952E-3
1.052343750E4,4.990990663E-3
1.054687500E4,6.853064175E-3
1.057031250E4,1.727739410E-2
1.059375000E4,5.727676234E-3
1.061718750E4,9.475007329E-3
1.064062500E4,9.358415748E-3
1.066406250E4,9.358858096E-3
1.068750000E4,5.482977689E-3
1.071093750E4,2.794139905E-3
1.073437500E4,6.861939569E-3
1.075781250E4,3.185653941E-3
1.078125000E4,1.403153428E-2
1.080468750E4,1.061238517E-2
1.082812500E4,5.904447404E-3
1.085156250E4,6.525652505E-3
1.087500000E4,5.058638054E-3
1.089843750E4,7.542244639E-3
1.092187500E4,5.395713383E-3
1.094531250E4,4.556709915E-3
1.096875000E4,4.179903268E-3
1.099218750E4,4.538118259E-3
1.101562500E4,2.791141150E-2
1.103906250E4,8.339628597E-3
1.106250000E4,3.345699999E-3
1.108593750E4,7.430455066E-3
1.110937500E4,6.961651776E-3
1.113281250E4,2.321496075E-2
1.115625000E4,2.395718619E-2
1.117968750E4,1.032336308E-2
1.120312500E4,1.653956299E-2
1.122656250E4,9.781257248E-3
1.125000000E4,1.749308063E-2
1.127343750E4,1.233641989E-2
1.129687500E4,1.112638904E-2
1.132031250E4,2.156613138E-2
1.134375000E4,2.321914577E-2
1.136718750E4,2.081475451E-2
1.139062500E4,1.369769043E-2
1.141406250E4,1.552902353E-2
1.143750000E4,4.146572741E-3
1.146093750E4,2.902945312E-3
1.148437500E4,2.108384573E-2
1.150781250E4,1.106457000E-2
1.153125000E4,8.659999738E-3
1.155468750E4,1.131543194E-2
1.157812500E4,1.908713418E-2
1.160156250E4,1.175935719E-2
1.162500000E4,2.188294064E-2
1.164843750E4,6.924723751E-3
1.167187500E4,1.355557543E-2
1.169531250E4,2.386438866E-3
1.171875000E4,1.626902068E-2
1.174218750E4,4.112756054E-2
1.176562500E4,1.235309687E-2
1.178906250E4,1.103560838E-2
1.181250000E4,5.607956642E-3
1.183593750E4,4.338300304E-3
1.185937500E4,1.430182701E-2
1.188281250E4,2.229288726E-3
1.190625000E4,4.766057855E-3
1.192968750E4,2.623275662E-2
1.195312500E4,6.864829189E-3
1.197656250E4,3.189591446E-3
1.200000000E4,4.889638460E-3
1.202343750E4,1.205463692E-2
1.204687500E4,6.475501273E-3
1.207031250E4,1.889745910E-2
1.209375000E4,2.390368782E-2
1.211718750E4,1.677317064E-2
1.214062500E4,8.161880251E-3
1.216406250E4,2.134167881E-3
1.218750000E4,5.075983273E-3
1.221093750E4,8.202822267E-3
1.223437500E4,7.304455736E-3
1.225781250E4,2.395645752E-3
1.228125000E4,6.399616358E-3
1.230468750E4,3.275912231E-4
1.232812500E4,8.651923234E-3
1.235156250E4,7.705970934E-3
1.237500000E4,4.592081115E-3
1.239843750E4,2.110500445E-3
1.242187500E4,2.278788984E-3
1.244531250E4,3.066052885E-3
1.246875000E4,4.740405671E-3
1.249218750E4,8.727711025E-3
1.251562500E4,4.497830959E-3
1.253906250E4,6.524782971E-3
1.256250000E4,2.652010414E-3
1.258593750E4,6.376594989E-3
1.260937500E4,7.041258831E-3
1.263281250E4,6.306495225E-3
1.265625000E4,9.211331035E-3
1.267968750E4,1.106926310E-2
1.270312500E4,1.044884288E-2
1.272656250E4,7.249621639E-3
1.275000000E4,4.519826422E-3
1.277343750E4,5.547464564E-3
1.279687500E4,4.101774703E-3
1.282031250E4,5.536133211E-3
1.284375000E4,7.602227608E-3
1.286718750E4,9.995167214E-3
1.289062500E4,7.442167661E-3
1.291406250E4,1.581276790E-3
1.293750000E4,5.574979447E-3
1.296093750E4,4.179831998E-3
1.298437500E4,5.515226490E-3
1.300781250E4,3.024349881E-3
1.303125000E4,5.796929059E-3
1.305468750E4,6.069935923E-3
1.307812500E4,5.172033106E-3
1.310156250E4,5.021837607E-3
1.312500000E4,1.648327101E-3
1.314843750E4,3.169979522E-3
1.317187500E4,9.277893737E-3
1.319531250E4,1.040276515E-3
1.321875000E4,6.956597021E-3
1.324218750E4,4.970186754E-3
1.326562500E4,8.910770270E-3
1.328906250E4,6.817612916E-3
1.331250000E4,3.779800996E-3
1.333593750E4,5.054110510E-3
1.335937500E4,8.784998836E-4
1.338281250E4,2.294738196E-3
1.340625000E4,4.272170324E-3
1.342968750E4,8.200162864E-3
1.345312500E4,8.028144720E-3
1.347656250E4,4.838497925E-3
1.350000000E4,4.991199289E-3
1.352343750E4,7.861977253E-3
1.354687500E4,7.660285816E-3
1.357031250E4,1.442907185E-3
1.359375000E4,1.026632325E-2
1.361718750E4,7.663460476E-3
1.364062500E4,7.888555608E-3
1.366406250E4,1.009391037E-2
1.368750000E4,1.028162723E-2
1.371093750E4,4.687793712E-3
1.373437500E4,3.842952397E-3
1.375781250E4,5.184655022E-3
1.378125000E4,6.248305492E-4
1.380468750E4,2.927805193E-3
1.382812500E4,3.481002224E-3
1.385156250E4,7.183242997E-3
1.387500000E4,1.840388872E-3
1.389843750E4,2.591739840E-3
1.392187500E4,6.453866662E-3
1.394531250E4,1.011068308E-2
1.396875000E4,6.077832385E-3
1.399218750E4,2.380872902E-3
1.401562500E4,2.764466716E-3
1.403906250E4,7.362403079E-4
1.406250000E4,4.668617821E-3
1.408593750E4,4.853946259E-3
1.410937500E4,6.590585294E-3
1.413281250E4,5.373028970E-3
1.415625000E4,5.240643013E-3
1.417968750E4,2.905619951E-3
1.420312500E4,2.774754284E-3
1.422656250E4,3.142207385E-3
1.425000000E4,2.735846011E-3
1.427343750E4,4.801174212E-3
1.429687500E4,3.733954717E-3
1.432031250E4,6.559546257E-3
1.434375000E4,3.625663690E-3
1.436718750E4,2.753369624E-3
1.439062500E4,8.941657848E-3
1.441406250E4,4.315134664E-3
1.443750000E4,6.702695639E-3
1.446093750E4,2.710576572E-3
1.448437500E4,7.310388480E-3
1.450781250E4,3.753392683E-3
1.453125000E4,8.325160020E-3
1.455468750E4,2.230389459E-3
1.457812500E4,6.784783992E-3
1.460156250E4,2.573922040E-3
1.462500000E4,1.550666951E-3
1.464843750E4,3.033820352E-3
1.467187500E4,3.570553351E-3
1.469531250E4,6.286975856E-3
1.471875000E4,6.330674071E-3
1.474218750E4,3.444400839E-3
1.476562500E4,2.569150968E-3
1.478906250E4,2.405804430E-3
1.481250000E4,3.358753647E-3
1.483593750E4,2.792820223E-3
1.485937500E4,3.137159635E-3
1.488281250E4,2.450670196E-3
1.490625000E4,7.592611897E-3
1.492968750E4,6.632716988E-3
1.495312500E4,1.677642467E-3
1.497656250E4,4.685406305E-3
1.500000000E4,2.409689142E-3
1.502343750E4,3.630387115E-3
1.504687500E4,4.323309908E-3
1.507031250E4,5.310804713E-3
1.509375000E4,3.492596878E-3
1.511718750E4,6.713789768E-3
1.514062500E4,5.103410453E-3
1.516406250E4,4.780550406E-3
1.518750000E4,3.975435286E-3
1.521093750E4,8.108458130E-3
1.523437500E4,2.892139189E-3
1.525781250E4,3.310284462E-3
1.528125000E4,3.803688537E-3
1.530468750E4,3.791312365E-3
1.532812500E4,3.378374358E-3
1.535156250E4,2.364298843E-3
1.537500000E4,6.703460293E-3
1.539843750E4,6.469756777E-3
1.542187500E4,3.747791105E-3
1.544531250E4,5.535629676E-3
1.546875000E4,2.140921191E-3
1.549218750E4,3.048926258E-3
1.551562500E4,6.533565493E-3
1.553906250E4,5.310194514E-3
1.556250000E4,4.322665676E-3
1.558593750E4,4.881881212E-3
1.560937500E4,5.478022590E-3
1.563281250E4,4.636857210E-3
1.565625000E4,1.763265087E-3
1.567968750E4,1.613264923E-3
1.570312500E4,8.589961537E-3
1.572656250E4,3.415733704E-3
1.575000000E4,8.616841335E-4
1.577343750E4,1.929963471E-3
1.579687500E4,3.921999372E-3
1.582031250E4,6.291955294E-3
1.584375000E4,3.692912730E-3
1.586718750E4,3.878382983E-3
1.589062500E4,3.143748521E-3
1.591406250E4,3.454045699E-3
1.593750000E4,1.690180153E-3
1.596093750E4,1.496221909E-3
1.598437500E4,1.044820510E-3
1.600781250E4,1.456044580E-3
1.603125000E4,3.744860437E-3
1.605468750E4,2.501946467E-3
1.607812500E4,1.988470377E-3
1.610156250E4,2.127086093E-3
1.612500000E4,4.260427835E-3
1.614843750E4,4.202811482E-3
1.617187500E4,5.327783070E-3
1.619531250E4,2.246855892E-3
1.621875000E4,9.369411139E-4
1.624218750E4,2.997990904E-3
1.626562500E4,3.989706061E-3
1.628906250E4,3.959573089E-3
1.631250000E4,8.385632111E-4
1.633593750E4,4.114080691E-3
1.635937500E4,1.822579048E-3
1.638281250E4,4.628336356E-3
1.640625000E4,5.779427241E-3
1.642968750E4,1.424946594E-3
1.645312500E4,1.572182148E-3
1.647656250E4,2.858829214E-3
1.650000000E4,5.559881453E-4
1.652343750E4,3.856911984E-3
1.654687500E4,9.707274502E-4
1.657031250E4,2.665745836E-3
1.659375000E4,3.660315625E-3
1.661718750E4,1.207914722E-3
1.664062500E4,2.199234407E-3
1.666406250E4,4.326960208E-3
1.668750000E4,1.594799536E-3
1.671093750E4,8.095373291E-4
1.673437500E4,3.824990363E-3
1.675781250E4,5.220040776E-3
1.678125000E4,7.263970412E-4
1.680468750E4,1.998334266E-3
1.682812500E4,3.498601608E-3
1.685156250E4,1.924985575E-3
1.687500000E4,1.696846471E-3
1.689843750E4,1.008599460E-3
1.692187500E4,3.109722984E-3
1.694531250E4,7.973484086E-3
1.696875000E4,3.371202577E-3
1.699218750E4,3.752927723E-3
1.701562500E4,4.412760458E-3
1.703906250E4,9.816337651E-4
1.706250000E4,2.635199463E-3
1.708593750E4,3.547624888E-3
1.710937500E4,1.136220624E-3
1.713281250E4,2.566701766E-3
1.715625000E4,1.675864647E-3
1.717968750E4,1.821434037E-3
1.720312500E4,4.643445263E-4
1.722656250E4,3.646115227E-3
1.725000000E4,3.697703980E-3
1.727343750E4,8.726615122E-3
1.729687500E4,3.894529929E-3
1.732031250E4,1.577212561E-3
1.734375000E4,2.594791743E-3
1.736718750E4,1.547378147E-3
1.739062500E4,3.161675547E-3
1.741406250E4,3.618088707E-3
1.743750000E4,1.183359633E-3
1.746093750E4,3.290312115E-3
1.748437500E4,3.662189070E-3
1.750781250E4,1.722182102E-3
1.753125000E4,2.900701970E-3
1.755468750E4,3.507601543E-3
1.757812500E4,1.633912326E-3
1.760156250E4,1.706283274E-3
1.762500000E4,1.301556615E-3
1.764843750E4,8.548361781E-4
1.767187500E4,1.760930951E-3
1.769531250E4,2.676288886E-3
1.771875000E4,2.655910821E-3
1.774218750E4,1.981913718E-3
1.776562500E4,1.378651604E-3
1.778906250E4,1.791758011E-3
1.781250000E4,1.251678481E-4
1.783593750E4,3.753442983E-4
1.785937500E4,3.801268422E-3
1.788281250E4,1.891856719E-3
1.790625000E4,2.314032602E-4
1.792968750E4,3.821990301E-3
1.795312500E4,2.384340471E-3
1.797656250E4,7.184294639E-5
1.800000000E4,5.482993326E-4
1.802343750E4,2.120306699E-3
1.804687500E4,1.158552144E-3
1.807031250E4,1.720912231E-3
1.809375000E4,1.354774584E-3
1.811718750E4,1.221831302E-3
1.814062500E4,1.757290721E-3
1.816406250E4,2.530794948E-3
1.818750000E4,2.639835292E-3
1.821093750E4,1.794881063E-3
1.823437500E4,3.030200394E-3
1.825781250E4,2.430074264E-3
1.828125000E4,2.558497981E-3
1.830468750E4,1.709104085E-3
1.832812500E4,1.436435635E-3
1.835156250E4,4.751668139E-3
1.837500000E4,9.866165734E-4
1.839843750E4,3.087900242E-3
1.842187500E4,1.106416829E-3
1.844531250E4,9.200552221E-4
1.846875000E4,3.347266503E-3
1.849218750E4,2.541129711E-3
1.851562500E4,2.413935958E-3
1.853906250E4,1.176006087E-3
1.856250000E4,2.076657695E-3
1.858593750E4,2.902937218E-3
1.860937500E4,1.257949447E-3
1.863281250E4,1.182562085E-3
1.865625000E4,1.982778371E-3
1.867968750E4,1.054668679E-3
1.870312500E4,1.917002483E-3
1.872656250E4,2.041103791E-3
1.875000000E4,1.334436427E-3
1.877343750E4,3.849782455E-3
1.879687500E4,1.207487630E-3
1.882031250E4,1.783261999E-3
1.884375000E4,1.333537986E-3
1.886718750E4,9.050041200E-4
1.889062500E4,1.477806524E-3
1.891406250E4,8.856163979E-4
1.893750000E4,5.498565549E-4
1.896093750E4,1.388489772E-3
1.898437500E4,2.682581504E-3
1.900781250E4,1.420293067E-3
1.903125000E4,2.636212538E-3
1.905468750E4,1.580438178E-3
1.907812500E4,2.355063241E-3
1.910156250E4,9.895254246E-4
1.912500000E4,2.203587960E-4
1.914843750E4,1.332838197E-3
1.917187500E4,1.666738266E-3
1.919531250E4,2.155263264E-3
1.921875000E4,2.062590665E-3
1.924218750E4,2.604141784E-3
1.926562500E4,2.021247718E-3
1.928906250E4,2.899532944E-3
1.931250000E4,2.293684296E-3
1.933593750E4,2.370722503E-3
1.935937500E4,1.712076636E-3
1.938281250E4,9.738003849E-4
1.940625000E4,2.498875925E-3
1.942968750E4,1.387957849E-3
1.945312500E4,1.674912373E-3
1.947656250E4,8.721901203E-4
1.950000000E4,4.164232567E-4
1.952343750E4,2.332457931E-3
1.954687500E4,1.445651309E-3
1.957031250E4,1.446911084E-3
1.959375000E4,2.013698487E-3
1.961718750E4,2.106879234E-3
1.964062500E4,1.554179147E-3
1.966406250E4,2.003048661E-3
1.968750000E4,1.798098107E-3
1.971093750E4,2.069246088E-3
1.973437500E4,1.030695478E-3
1.975781250E4,1.889150476E-3
1.978125000E4,2.410477807E-3
1.980468750E4,2.008915969E-3
1.982812500E4,1.912290827E-3
1.985156250E4,2.156435085E-3
1.987500000E4,1.735734031E-3
1.989843750E4,9.919132203E-4
1.992187500E4,1.756139621E-3
1.994531250E4,1.730364430E-3
1.996875000E4,8.900986552E-4
1.999218750E4,1.625988514E-3
2.001562500E4,1.118204471E-3
2.003906250E4,1.857166985E-3
2.006250000E4,1.106907176E-3
2.008593750E4,1.491628698E-3
2.010937500E4,2.200800562E-3
2.013281250E4,1.234724459E-3
2.015625000E4,1.801188370E-3
2.017968750E4,1.941478095E-3
2.020312500E4,1.820785539E-3
2.022656250E4,1.208327104E-3
2.025000000E4,1.705883209E-3
2.027343750E4,1.642529989E-3
2.029687500E4,1.809725566E-3
2.032031250E4,1.627253150E-3
2.034375000E4,2.115561371E-3
2.036718750E4,1.459290272E-3
2.039062500E4,1.398518608E-3
2.041406250E4,1.855905761E-3
2.043750000E4,1.395617204E-3
2.046093750E4,1.849964215E-3
2.048437500E4,1.602718296E-3
2.050781250E4,1.258952239E-3
2.053125000E4,1.584291185E-3
2.055468750E4,1.279182614E-3
2.057812500E4,1.491314060E-3
2.060156250E4,1.787338403E-3
2.062500000E4,1.751551024E-3
2.064843750E4,1.508678746E-3
2.067187500E4,1.567139104E-3
2.069531250E4,1.408502602E-3
2.071875000E4,1.368121735E-3
2.074218750E4,1.279902740E-3
2.076562500E4,1.240905570E-3
2.078906250E4,1.345214928E-3
2.081250000E4,1.359749208E-3
2.083593750E4,1.611580210E-3
2.085937500E4,1.649751466E-3
2.088281250E4,1.493570453E-3
2.090625000E4,1.526502416E-3
2.092968750E4,1.645543969E-3
2.095312500E4,1.739943699E-3
2.097656250E4,1.449610206E-3
2.100000000E4,1.589627972E-3
2.102343750E4,1.675362540E-3
2.104687500E4,1.699177849E-3
2.107031250E4,1.415051507E-3
2.109375000E4,1.674787057E-3
2.111718750E4,1.585276132E-3
2.114062500E4,1.581149636E-3
2.116406250E4,1.619154827E-3
2.118750000E4,1.578688292E-3
2.121093750E4,1.567616206E-3
2.123437500E4,1.697699049E-3
2.125781250E4,1.580619474E-3
2.128125000E4,1.582844046E-3
2.130468750E4,1.671359298E-3
2.132812500E4,1.502787857E-3
2.135156250E4,1.576240032E-3
2.137500000E4,1.610957499E-3
2.139843750E4,1.559131228E-3
2.142187500E4,1.621741100E-3
2.144531250E4,1.519213011E-3
2.146875000E4,1.608549785E-3
2.149218750E4,1.522348144E-3
2.151562500E4,1.515273564E-3
2.153906250E4,1.621529055E-3
2.156250000E4,1.589522658E-3
2.158593750E4,1.531000810E-3
2.160937500E4,1.464828356E-3
2.163281250E4,1.538190385E-3
2.165625000E4,1.571376575E-3
2.167968750E4,1.563316780E-3
2.170312500E4,1.557606149E-3
2.172656250E4,1.533971409E-3
2.175000000E4,1.534795974E-3
2.177343750E4,1.553330326E-3
2.179687500E4,1.508661290E-3
2.182031250E4,1.554465582E-3
2.184375000E4,1.543794519E-3
2.186718750E4,1.567740982E-3
2.189062500E4,1.549646261E-3
2.191406250E4,1.553888099E-3
2.193750000E4,1.527040567E-3
2.196093750E4,1.516587968E-3
2.198437500E4,1.578253166E-3
2.200781250E4,1.482703145E-3
2.203125000E4,1.509258430E-3
2.205468750E4,1.572376163E-3
2.207812500E4,1.510737097E-3
2.210156250E4,1.558979396E-3
2.212500000E4,1.497482726E-3
2.214843750E4,1.549265395E-3
2.217187500E4,1.501209711E-3
2.219531250E4,1.545640608E-3
2.221875000E4,1.490266963E-3
2.224218750E4,1.531854507E-3
2.226562500E4,1.494813033E-3
2.228906250E4,1.511437944E-3
2.231250000E4,1.541015942E-3
2.233593750E4,1.519890103E-3
2.235937500E4,1.521098268E-3
2.238281250E4,1.505463137E-3
2.240625000E4,1.525223843E-3
2.242968750E4,1.563874501E-3
2.245312500E4,1.523442049E-3
2.247656250E4,1.576145147E-3
2.250000000E4,1.556479289E-3
2.252343750E4,1.533513273E-3
2.254687500E4,1.540080693E-3
2.257031250E4,1.536614276E-3
2.259375000E4,1.528509475E-3
2.261718750E4,1.535382383E-3
2.264062500E4,1.532564259E-3
2.266406250E4,1.510700405E-3
2.268750000E4,1.554635414E-3
2.271093750E4,1.556101958E-3
2.273437500E4,1.532663557E-3
2.275781250E4,1.564232240E-3
2.278125000E4,1.620795952E-3
2.280468750E4,1.353617390E-3
2.282812500E4,1.487760640E-3
2.285156250E4,1.491736502E-3
2.287500000E4,1.515789317E-3
2.289843750E4,1.513126460E-3
2.292187500E4,1.523525248E-3
2.294531250E4,1.519182721E-3
2.296875000E4,1.516568115E-3
2.299218750E4,1.501982700E-3
2.301562500E4,1.527669119E-3
2.303906250E4,1.513376821E-3
2.306250000E4,1.526133190E-3
2.308593750E4,1.506853537E-3
2.310937500E4,1.514928823E-3
2.313281250E4,1.523512051E-3
2.315625000E4,1.518442798E-3
2.317968750E4,1.514684508E-3
2.320312500E4,1.534034033E-3
2.322656250E4,1.521364924E-3
2.325000000E4,1.518996439E-3
2.327343750E4,1.528220858E-3
2.329687500E4,1.523816252E-3
2.332031250E4,1.522486900E-3
2.334375000E4,1.523816987E-3
2.336718750E4,1.524707268E-3
2.339062500E4,1.525273435E-3
2.341406250E4,1.533469575E-3
2.343750000E4,1.517713138E-3
2.346093750E4,1.516310778E-3
2.348437500E4,1.521320109E-3
2.350781250E4,1.522462013E-3
2.353125000E4,1.524278959E-3
2.355468750E4,1.523178162E-3
2.357812500E4,1.517656964E-3
2.360156250E4,1.520095906E-3
2.362500000E4,1.521284859E-3
2.364843750E4,1.524779266E-3
2.367187500E4,1.523540943E-3
2.369531250E4,1.518136724E-3
2.371875000E4,1.517881280E-3
2.374218750E4,1.524490756E-3
2.376562500E4,1.527977359E-3
2.378906250E4,1.522147130E-3
2.381250000E4,1.523745609E-3
2.383593750E4,1.525659727E-3
2.385937500E4,1.524326087E-3
2.388281250E4,1.523393994E-3
2.390625000E4,1.519850802E-3
2.392968750E4,1.524738188E-3
2.395312500E4,1.519887394E-3
2.397656250E4,1.522183304E-3